-9.5,-10,1.193315492220499,7.861575973544532e-13,5.086209231563998e-15
-9.3,-10,1.189616275692768,-1.076362957097565e-12,-1.398361981763685e-11
-9.099999999999999,-10,1.178567341031028,8.824746489111134e-13,-3.460944031363766e-11
-8.9,-10,1.160319269567494,7.961652170873634e-13,2.712238766910957e-11
-8.699999999999999,-10,1.135131096389227,3.724989067199757e-13,-1.210806455098634e-11
-8.5,-10,1.103376311421697,-7.870926133080047e-13,-2.440297963701709e-12
-8.3,-10,1.065541670903043,-5.085203091947931e-13,4.941277942371868e-11
-8.099999999999999,-10,1.02221440217214,3.574952833762523e-13,-4.920597262980663e-11
-7.9,-10,0.9740571710009344,8.364697823282085e-13,2.184363800949995e-12
-7.7,-10,0.9217742960212543,-2.880543026329007e-13,-6.26795837455063e-11
-7.5,-10,0.8660752624006631,-6.943005198545293e-13,7.540179591813966e-11
-7.299999999999999,-10,0.807641635747679,7.091532222558427e-13,1.477332700616784e-10
-7.099999999999999,-10,0.7471014719167918,-4.339757719851178e-14,9.065848072253857e-11
-6.9,-10,0.685012552015055,-5.763237109768226e-13,-4.684652665787325e-11
-6.699999999999999,-10,0.6218535643110678,4.97008684208211e-13,5.21880316739498e-11
-6.5,-10,0.5580212963967159,-3.496820888404528e-13,-4.307182388529895e-11
-6.299999999999999,-10,0.4938319302677055,-2.403979793008659e-14,5.400013769474298e-11
-6.099999999999999,-10,0.4295250614277681,-2.715987157397847e-13,1.12474640712179e-10
-5.9,-10,0.3652696598548174,-7.185918526886325e-14,-5.245748280202633e-11
-5.699999999999999,-10,0.301171514650028,1.319916398401233e-13,-1.111388758801013e-10
-5.5,-10,0.2372818119137269,1.092077817066439e-13,-1.432056695449546e-10
-5.299999999999999,-10,0.1736064660330437,1.105712743587616e-13,1.30367716622004e-10
-5.099999999999999,-10,0.1101158132698507,1.226969914558395e-14,1.201152510788006e-10
-4.899999999999999,-10,0.04675434354604128,2.445613156432102e-14,-1.211934996803165e-10
-4.699999999999999,-10,-0.01654972393145802,7.631048570821974e-15,6.961997645049677e-11
-4.5,-10,-0.07987506866639594,-1.901950819060971e-14,-4.09031697401474e-11
-4.299999999999999,-10,-0.1432979968960557,-4.130983749517369e-14,-4.547340282101686e-11
-4.099999999999999,-10,-0.2068831285267858,8.411674135011537e-14,4.019196087057253e-11
-3.899999999999999,-10,-0.2706738975038902,1.525515824774004e-14,7.547296121401814e-13
-3.699999999999999,-10,-0.3346828465054155,-2.719274458384823e-13,-6.100231431105385e-11
-3.5,-10,-0.3988818216992352,-5.925902130110571e-14,-1.910360758472506e-11
-3.299999999999999,-10,-0.463192348449783,-2.556375250373221e-14,-1.175406438846948e-10
-3.099999999999999,-10,-0.5274765548399289,-3.445412358193955e-13,-4.766037564607472e-11
-2.899999999999999,-10,-0.5915290507855968,9.04051139505313e-15,-1.272187910572597e-11
-2.699999999999999,-10,-0.655070134671051,-8.44662881305247e-14,1.315441089388969e-10
-2.5,-10,-0.7177407367274055,-6.537695732000692e-13,1.256361681356565e-11
-2.299999999999999,-10,-0.779099714569249,5.919726514536094e-13,-6.182165890322721e-11
-2.099999999999999,-10,-0.8386246012302178,-3.94022488248158e-13,1.450173314765379e-12
-1.899999999999999,-10,-0.8957175156798368,7.389054645923209e-14,-1.187150933112945e-10
-1.699999999999999,-10,-0.9497182988066421,7.630510806544421e-13,-2.205102767049993e-11
-1.5,-10,-0.9999264380458927,8.583802071915336e-13,-5.722439189170813e-11
-1.299999999999998,-10,-1.045631635847558,-5.754311957484326e-13,-5.532579949729665e-11
-1.099999999999999,-10,-1.086150172452839,6.283220471692274e-13,8.777364945977694e-11
-0.9000000000000003,-10,-1.120861500993302,1.033722586696317e-12,-6.132336305419983e-11
-0.6999999999999992,-10,-1.149238295844522,-2.701771098512217e-13,3.492103828328652e-11
-0.5,-10,-1.170864514682516,7.92825874396108e-13,1.24416865698862e-11
-0.2999999999999989,-10,-1.185439807620993,-8.968346898452495e-14,2.562297596320206e-12
-0.09999999999999964,-10,-1.192773312724184,-1.036224925310413e-12,4.388558960677357e-12
0.1000000000000014,-10,-1.192773312733999,-7.318624872798551e-14,-8.357065039987787e-13
0.3000000000000007,-10,-1.185439807629386,4.619577290143617e-13,-1.219256640094812e-11
0.5,-10,-1.170864514703663,-6.17504311573036e-13,-1.677023797608256e-11
0.700000000000001,-10,-1.149238295863525,8.974938847661206e-13,5.99082727870126e-11
0.9000000000000003,-10,-1.120861500976484,1.00923869955638e-12,-5.932268565267406e-11
1.100000000000001,-10,-1.086150172579057,2.051891642707026e-13,1.738556520969325e-11
1.3,-10,-1.045631635735796,-2.127369461146777e-13,9.766482067519177e-11
1.5,-10,-0.9999264379389265,-9.312446647147254e-13,1.124809134722681e-10
1.700000000000001,-10,-0.9497182987789089,-8.527241412981112e-13,1.193360965601186e-10
1.9,-10,-0.895717515561745,4.527836439116583e-13,9.953249335836744e-11
2.100000000000001,-10,-0.8386246012114038,4.347234378032638e-13,-1.066775556779475e-10
2.3,-10,-0.7790997143944137,7.055744877249026e-13,-8.958800368219499e-11
2.5,-10,-0.7177407366336845,-4.908851103380129e-13,1.275879402129476e-11
2.700000000000001,-10,-0.6550701347484113,5.002005754040084e-13,1.423239304187973e-11
2.9,-10,-0.5915290509063354,9.064190370500213e-14,-2.001987464694821e-11
3.100000000000001,-10,-0.5274765549509807,-3.822215981219567e-13,-8.442269106012645e-11
3.3,-10,-0.4631923483967073,4.012606219516712e-13,-8.203077106472278e-11
3.5,-10,-0.398881821665567,-3.564353673324305e-13,4.012246090923099e-11
3.700000000000001,-10,-0.3346828465470966,-2.08078346219942e-13,7.128075907303355e-11
3.9,-10,-0.2706738976212783,8.806670670491456e-14,1.037131491798959e-10
4.100000000000001,-10,-0.2068831283027715,-1.983925176918255e-13,-7.3910988440673e-11
4.3,-10,-0.1432979970402486,-5.614606002346533e-14,-7.162326287613041e-11
4.5,-10,-0.07987506854110532,1.562118490117114e-14,8.129685813429432e-11
4.700000000000001,-10,-0.01654972399966153,-8.635453463412545e-15,6.592582035835903e-11
4.9,-10,0.04675434369680404,2.704433899047842e-14,1.000863836253529e-10
5.100000000000001,-10,0.1101158132032715,3.009051341429369e-14,6.67913502283568e-11
5.3,-10,0.1736064661291628,1.119000725413599e-13,1.42540867997809e-10
5.5,-10,0.2372818121207973,1.958676276725412e-13,2.186029135486933e-12
5.700000000000001,-10,0.301171514608423,-2.051414593751133e-13,-3.08868486342817e-11
5.9,-10,0.3652696597773985,-1.329717586040501e-13,-1.134368154964704e-10
6.100000000000001,-10,0.4295250614728621,-1.41961095656562e-13,-9.288086966208197e-11
6.3,-10,0.4938319303481463,5.536023028884784e-14,7.573103255609225e-11
6.5,-10,0.5580212966007498,4.680613535645861e-13,-7.132111567997867e-11
6.699999999999999,-10,0.6218535641359028,-2.329542808654494e-13,1.186385434337466e-10
6.900000000000002,-10,0.6850125520332388,-4.931437203037347e-13,1.414886541262205e-10
7.100000000000001,-10,0.7471014717861846,4.125883662497997e-13,1.384428682804639e-10
7.3,-10,0.8076416359449967,-3.03142927426947e-14,1.398642313077402e-10
7.5,-10,0.8660752624013528,6.952650261071724e-13,-9.293954494893341e-12
7.699999999999999,-10,0.9217742960740076,3.480046112391832e-13,-8.597106360141992e-11
7.900000000000002,-10,0.9740571710682917,-8.07786129652932e-13,-1.208326771973133e-10
8.100000000000001,-10,1.022214402178142,-1.49290302342564e-13,1.081224554333459e-10
8.3,-10,1.065541670921159,1.827704654289164e-13,-7.667644297271181e-11
8.5,-10,1.103376311488359,3.858875025075647e-13,4.571146239307211e-11
8.699999999999999,-10,1.135131096339508,-3.102795798071156e-13,2.174510571606447e-12
8.900000000000002,-10,1.160319269595516,-2.382573305315105e-13,4.105382700458903e-12
9.100000000000001,-10,1.178567341064181,1.754447281898663e-13,-2.865278847519192e-11
9.3,-10,1.189616275691197,7.164442650253732e-13,9.500115971672329e-12
9.5,-10,1.193315492220905,-1.018171658095923e-12,6.744604874597826e-15
-9.5,-9,1.195112951018472,6.194194462905144e-13,-3.531896997088779e-15
-9.3,-9,1.191409359439972,-2.836793300264872e-13,5.66526686673896e-12
-9.099999999999999,-9,1.180347444605494,-3.734859643778065e-15,-3.152776650861e-11
-8.9,-9,1.162077593143795,-2.233716683841535e-13,-3.715702745488158e-11
-8.699999999999999,-9,1.13685858510541,6.270452906909085e-13,-4.9755033426635e-11
-8.5,-9,1.105063684522444,-3.823330541052882e-15,6.504263794226972e-11
-8.3,-9,1.067179547566223,6.230693044839696e-13,3.034555939862571e-11
-8.099999999999999,-9,1.023793516988646,-3.386423086393364e-13,-3.284500449396432e-11
-7.9,-9,0.9755686452119166,-4.282147553213988e-13,-9.125339373028396e-11
-7.7,-9,0.9232099234524052,9.176687187917309e-14,-1.175280983645166e-10
-7.5,-9,0.8674277651871054,4.815470938668298e-13,1.021508433396434e-10
-7.299999999999999,-9,0.8089048514069859,-1.432066271123133e-13,6.532441254591958e-12
-7.099999999999999,-9,0.7482704525496977,1.674372446247574e-13,1.586619724491811e-11
-6.9,-9,0.6860835720350377,-4.294602867771502e-13,3.106104262684539e-11
-6.699999999999999,-9,0.6228240430883288,-2.640630769601415e-13,5.189415563933153e-11
-6.5,-9,0.5588896630662746,-3.706670387293442e-13,-7.615447161768429e-11
-6.299999999999999,-9,0.4945974460700589,4.564057465294979e-14,1.445753516904346e-10
-6.099999999999999,-9,0.4301876275425614,-1.342103511658976e-13,3.22312176948003e-11
-5.9,-9,0.3658296244377193,-8.514022820094169e-14,-1.168568575238282e-10
-5.699999999999999,-9,0.3016294949284866,1.876623856311709e-14,-3.058886477447231e-12
-5.5,-9,0.2376385357465019,1.438814345444683e-13,6.265377106018377e-11
-5.299999999999999,-9,0.1738626393960652,-6.351863479636676e-14,8.209199986453086e-11
-5.099999999999999,-9,0.1102720161647368,-4.803102360284583e-14,-5.284594983834267e-11
-4.899999999999999,-9,0.04681095444645563,-7.001343949042393e-15,-1.110321834474348e-10
-4.699999999999999,-9,-0.01659257834050544,-4.805184028455755e-15,-6.586053924451107e-11
-4.5,-9,-0.0800175315757565,-5.138077463495704e-14,1.544508965167779e-10
-4.299999999999999,-9,-0.1435404743876715,6.036837696399288e-14,-1.401777582898944e-10
-4.099999999999999,-9,-0.2072262524501594,1.384534847881369e-13,1.032331997663504e-10
-3.899999999999999,-9,-0.2711184633526404,-1.914683689374641e-13,2.231170803668192e-11
-3.699999999999999,-9,-0.3352297219175771,1.98429814246559e-13,1.511591962710667e-10
-3.5,-9,-0.3995318288676769,2.326706535771272e-13,1.245670233629425e-12
-3.299999999999999,-9,-0.4639461225961717,1.612945887963235e-13,-9.213640961291957e-11
-3.099999999999999,-9,-0.5283343825415247,-3.790977948225915e-14,8.615708146919587e-11
-2.899999999999999,-9,-0.592490690228694,-2.891276627836614e-13,2.60361177062407e-11
-2.699999999999999,-9,-0.6561346337135424,-3.616152516316972e-13,8.090672576344104e-11
-2.5,-9,-0.7189062565515923,-3.382550316233246e-13,-8.941181128818698e-13
-2.299999999999999,-9,-0.7803633806695338,4.71503912302662e-13,-5.258238289229666e-12
-2.099999999999999,-9,-0.8399823960785918,-5.181688411681761e-13,-9.653849941670955e-11
-1.899999999999999,-9,-0.8971642340450618,2.291569711765362e-14,-8.730516309896074e-11
-1.699999999999999,-9,-0.9512475748143172,1.088669085436144e-13,1.432337581874776e-11
-1.5,-9,-1.001530846942382,6.784243306023896e-13,-2.363498285973264e-12
-1.299999999999998,-9,-1.047302862677757,2.851772637479932e-13,5.126549185163753e-11
-1.099999999999999,-9,-1.087879224034633,-5.099289046572863e-13,4.05769307043613e-11
-0.9000000000000003,-9,-1.122638934691286,4.456478588932277e-13,-6.674369390502477e-11
-0.6999999999999992,-9,-1.151054431939032,7.5243630770494e-14,-6.701444954515523e-12
-0.5,-9,-1.17270960332984,1.737750568442386e-13,4.297757982829608e-11
-0.2999999999999989,-9,-1.187304133257117,-3.546858987069079e-13,2.41994757566033e-11
-0.09999999999999964,-9,-1.194647231142004,7.424824643997851e-13,9.480333185152289e-13
0.1000000000000014,-9,-1.194647231141766,-1.848261127479489e-13,7.034650639781148e-13
0.3000000000000007,-9,-1.187304133280771,-4.971682787680009e-13,1.761304990743894e-11
0.5,-9,-1.172709603309351,2.718112193655919e-13,3.108845125776582e-11
0.700000000000001,-9,-1.151054431992027,1.21243293182971e-13,4.995462377088699e-11
0.9000000000000003,-9,-1.122638934672535,-5.154618051839143e-13,-7.793876655171061e-12
1.100000000000001,-9,-1.087879224032777,4.369057199360426e-13,8.330089396046958e-11
1.3,-9,-1.047302862654126,3.668263609535316e-13,5.574468664448772e-11
1.5,-9,-1.001530846793565,4.784115811840017e-13,6.341011049570966e-11
1.700000000000001,-9,-0.9512475747708379,-9.827381963756209e-14,-1.175081698612245e-10
1.9,-9,-0.8971642342298238,-4.907081685434633e-13,3.239453150172266e-11
2.100000000000001,-9,-0.8399823960856538,-1.179178282795234e-14,2.55511167779332e-11
2.3,-9,-0.7803633806527601,1.227516352453328e-13,1.720740216981653e-11
2.5,-9,-0.718906256603375,3.443681971526668e-13,5.303735228778805e-11
2.700000000000001,-9,-0.6561346334393641,-4.887921664642469e-13,-1.288574802416064e-11
2.9,-9,-0.5924906902063134,-4.338738569809041e-13,-1.169824237479133e-10
3.100000000000001,-9,-0.5283343825125559,6.527417495405529e-14,-5.574296579879956e-11
3.3,-9,-0.4639461226837889,1.578685099312693e-14,-1.152495876510784e-10
3.5,-9,-0.3995318287662739,3.340210052993342e-14,-1.437499008716258e-10
3.700000000000001,-9,-0.3352297218225922,-1.173826660871846e-13,6.724321099937924e-11
3.9,-9,-0.2711184634464441,1.039906008526436e-13,-6.266920316022606e-11
4.100000000000001,-9,-0.207226252398727,-1.326022625036671e-13,1.108664271498582e-10
4.3,-9,-0.1435404741159746,-7.42114703022878e-15,4.991951296773322e-11
4.5,-9,-0.08001753137583193,-5.408520853400489e-14,7.828748760374537e-11
4.700000000000001,-9,-0.01659257854200073,-6.519090822720841e-15,5.433942185106843e-11
4.9,-9,0.04681095450414056,-1.319604148175557e-14,1.249769177036341e-10
5.100000000000001,-9,0.1102720163178586,4.741693149235004e-14,-1.471521793305896e-10
5.3,-9,0.1738626393216971,2.190608805463512e-14,1.27950983142e-11
5.5,-9,0.2376385357419967,1.652705750032623e-13,-1.402333804634281e-11
5.700000000000001,-9,0.301629494882615,-1.081027628524466e-13,-2.699718226750746e-11
5.9,-9,0.3658296246299106,1.53552517923039e-13,-2.442279711800665e-11
6.100000000000001,-9,0.4301876275509989,2.456403136452678e-13,-1.263853466326736e-10
6.3,-9,0.4945974461241111,-2.544665866910378e-14,1.659800075159978e-11
6.5,-9,0.5588896630026554,2.807927501624618e-13,1.600072851992706e-10
6.699999999999999,-9,0.6228240430440199,-3.739352577580845e-13,3.104411172571985e-11
6.900000000000002,-9,0.6860835718846217,2.749155070258524e-13,-1.008099159705011e-10
7.100000000000001,-9,0.7482704527489521,-4.175462059441414e-13,1.109731750936759e-10
7.3,-9,0.8089048513965756,5.010939579941364e-13,-7.982159377917241e-11
7.5,-9,0.867427765265649,3.036702833636439e-13,-1.174103037016038e-10
7.699999999999999,-9,0.9232099235989093,-1.463638238385911e-13,-5.16630627167558e-11
7.900000000000002,-9,0.9755686452181701,-5.231249461390419e-13,1.679495431616828e-11
8.100000000000001,-9,1.023793517140561,2.504420282267716e-14,-2.637889906509371e-11
8.3,-9,1.067179547672621,3.214841587384498e-13,4.034356182458509e-12
8.5,-9,1.105063684563843,4.523256769140005e-13,-6.680705988415525e-11
8.699999999999999,-9,1.136858585211334,-5.212514447849869e-13,3.621575261902876e-12
8.900000000000002,-9,1.162077593126677,4.432947064980652e-13,-3.223615818725988e-11
9.100000000000001,-9,1.180347444649408,5.606903830113196e-13,-3.316329155733654e-11
9.3,-9,1.191409359422176,8.974938847661206e-14,5.517988843628529e-12
9.5,-9,1.195112951018123,4.5968610862257e-13,-3.528427550136825e-15
-9.5,-8,1.196280547086729,1.367881502511991e-13,2.168404344971008e-15
-9.3,-8,1.192576753852672,-8.224844416648835e-14,-1.716379122163047e-11
-9.099999999999999,-8,1.181514135913505,-1.192101972691261e-14,-2.685084099507406e-11
-8.9,-8,1.163242168903302,-4.907012296495594e-14,2.841221702354346e-11
-8.699999999999999,-8,1.13801828196364,1.406305627504878e-13,-5.879113862405915e-11
-8.5,-8,1.106214162443898,-4.229065014849098e-13,2.027752965538809e-11
-8.3,-8,1.068314908674738,-6.064072854972124e-14,4.991515534236157e-11
-8.099999999999999,-8,1.024906549725609,2.161933826405615e-13,2.797662101983178e-11
-7.9,-8,0.9766512454495557,6.662205509488927e-14,-3.7781833217565e-11
-7.7,-8,0.9242536104066227,-5.830405602758048e-15,1.105709412918543e-10
-7.5,-8,0.86842420821691,7.436586069164974e-14,-2.133565546458271e-11
-7.299999999999999,-8,0.8098463341134314,1.853517339611698e-13,8.928391359575016e-11
-7.099999999999999,-8,0.7491502187796874,-2.687884637087023e-13,8.228551173772302e-11
-6.9,-8,0.6868960337229073,1.135619376313457e-13,2.131683718431531e-12
-6.699999999999999,-8,0.6235648515037175,-1.752955419709323e-13,-6.675593411387126e-11
-6.5,-8,0.5595556630320175,-2.870186727177426e-13,8.760231429150167e-11
-6.299999999999999,-8,0.4951865484748282,6.556213905106744e-14,9.909728593271438e-11
-6.099999999999999,-8,0.4306986298546274,2.619779393420174e-14,-6.269296193295304e-11
-5.9,-8,0.3662620077587773,-1.338859578758899e-14,-5.291933558027039e-11
-5.699999999999999,-8,0.3019832223294545,5.546431369740645e-14,-4.560141153575614e-11
-5.5,-8,0.2379138640430358,3.745267984633926e-14,-1.507758362606637e-10
-5.299999999999999,-8,0.1740599571739248,8.092658487779402e-14,-6.819234066313129e-11
-5.099999999999999,-8,0.1103917111345582,-4.309920476064377e-14,-5.56945600749259e-11
-4.899999999999999,-8,0.04685331450119277,-3.421464500608095e-13,-2.105071672531266e-11
-4.699999999999999,-8,-0.01662742800798255,1.233041446724314e-14,-3.038047591275017e-11
-4.5,-8,-0.08012965427375742,2.478399430128064e-14,-9.908529552404843e-11
-4.299999999999999,-8,-0.1437301119461865,-3.905382961466585e-14,1.675493077613055e-11
-4.099999999999999,-8,-0.2074937782041478,2.152791833687217e-15,1.549871342376718e-11
-3.899999999999999,-8,-0.2714642995379247,5.2804982608734e-15,7.035927396259467e-12
-3.699999999999999,-8,-0.3356542242967316,7.429994119956262e-14,-1.439778296585814e-10
-3.5,-8,-0.400035142944405,-1.313133629610163e-13,-6.429412557906744e-12
-3.299999999999999,-8,-0.4645280153020796,1.149766046260047e-13,-3.175265606003563e-11
-3.099999999999999,-8,-0.528994057644943,-8.212441143795601e-14,4.997618985314034e-11
-2.899999999999999,-8,-0.5932266026054691,-1.371164466690277e-13,4.390277030807965e-11
-2.699999999999999,-8,-0.6569443186472072,-2.382759788088773e-13,-8.016765029594807e-11
-2.5,-8,-0.7197862011810999,-2.425221481971995e-13,-9.416450952315358e-11
-2.299999999999999,-8,-0.7813089601199328,-1.937339177970898e-13,6.655559436907765e-11
-2.099999999999999,-8,-0.8409879055122988,3.327056512236747e-13,6.25932639053417e-11
-1.899999999999999,-8,-0.8982230303801599,3.712941412659098e-13,-1.232685065133409e-10
-1.699999999999999,-8,-0.9523523339123416,2.724075305604589e-13,9.883699414459101e-11
-1.5,-8,-1.002673914752533,4.600191755299576e-13,-9.914929988141807e-11
-1.299999999999998,-8,-1.048476658885318,1.207107330758461e-13,-5.799449809273937e-11
-1.099999999999999,-8,-1.089076641708612,-2.473169238847994e-13,-1.018315987089124e-11
-0.9000000000000003,-8,-1.123853671349042,-4.922520724370826e-13,-4.366954020618152e-11
-0.6999999999999992,-8,-1.152281201589506,-5.254685575550865e-13,-2.528147136082736e-11
-0.5,-8,-1.173944195937358,4.178983548097647e-13,-1.224415013822977e-11
-0.2999999999999989,-8,-1.188543316551776,-2.049055369823804e-13,-5.148728665638202e-12
-0.09999999999999964,-8,-1.195888511351006,-2.371852714233568e-13,6.30180629901389e-12
0.1000000000000014,-8,-1.195888511353268,-1.72700395650871e-13,-2.216227201756737e-12
0.3000000000000007,-8,-1.188543316554628,5.680178549738457e-14,4.056394109497318e-12
0.5,-8,-1.173944195962467,1.468651589231484e-13,8.144360186257415e-12
0.700000000000001,-8,-1.152281201660591,-3.090618039269799e-13,6.09363393078155e-11
0.9000000000000003,-8,-1.123853671421376,-2.342692012602398e-13,-1.697614271378711e-12
1.100000000000001,-8,-1.08907664174979,-7.205434165991064e-14,-3.052944008707925e-11
1.3,-8,-1.048476658899204,-4.595109015514964e-14,4.517564100581239e-11
1.5,-8,-1.002673914623307,2.980454424927891e-13,1.663991167077938e-11
1.700000000000001,-8,-0.9523523340434977,2.390609411817568e-13,-1.132400839765068e-10
1.9,-8,-0.8982230304914007,-9.187876154337359e-14,-1.170946672957029e-10
2.100000000000001,-8,-0.8409879054662439,3.067988571525681e-14,1.443483110818988e-10
2.3,-8,-0.7813089602091258,1.670313193313788e-13,-8.974671006356516e-11
2.5,-8,-0.7197862013840264,3.808299162133543e-13,-1.831229612392348e-11
2.700000000000001,-8,-0.6569443188263712,-2.611639203509152e-13,9.722767035924562e-11
2.9,-8,-0.5932266023938487,-2.120239747660512e-13,7.196793161412529e-11
3.100000000000001,-8,-0.5289940576546379,2.071407281811765e-13,6.202660607357302e-11
3.3,-8,-0.4645280153638629,-1.199734755985559e-14,-1.107642311204415e-10
3.5,-8,-0.4000351429745238,-4.341492443327155e-14,1.493315471279288e-10
3.700000000000001,-8,-0.3356542241159084,1.290616918891984e-13,1.330042742608839e-10
3.9,-8,-0.2714642994380714,7.233103005432894e-14,1.561747398071133e-10
4.100000000000001,-8,-0.2074937783647095,4.193520530826333e-14,-1.507195479533152e-10
4.3,-8,-0.1437301121691569,4.767020111984265e-15,-1.148353634405907e-10
4.5,-8,-0.0801296541997104,3.452620134236639e-14,1.303794849860651e-10
4.700000000000001,-8,-0.01662742788285116,2.255140518769849e-16,1.461327725493788e-10
4.9,-8,0.046853314486905,9.207912210484892e-15,-5.898326271847054e-11
5.100000000000001,-8,0.1103917111010973,3.423823724535424e-14,1.275470840056414e-10
5.3,-8,0.1740599571588074,-1.621272560647923e-14,-1.13195008921707e-10
5.5,-8,0.2379138638895285,3.633898737476215e-14,-6.438150013110544e-11
5.700000000000001,-8,0.3019832223063474,1.216197281772579e-13,-1.542286298672479e-10
5.9,-8,0.3662620079424907,-4.747070792010532e-14,8.014011676493737e-11
6.100000000000001,-8,0.4306986297956571,8.751506463955394e-14,1.575849450929922e-10
6.3,-8,0.4951865484284414,-1.079136779935652e-13,7.739142660057041e-12
6.5,-8,0.5595556630000582,-1.604254923348591e-13,-5.82452974740022e-11
6.699999999999999,-8,0.6235648513916554,-1.340403482652519e-13,-9.60272972250209e-11
6.900000000000002,-8,0.6868960336904341,-3.500082168539364e-13,7.727285478154044e-11
7.100000000000001,-8,0.749150218748368,6.237545202569805e-14,-1.121643888879475e-10
7.3,-8,0.8098463340756232,6.813299924246507e-14,-1.168108387794575e-10
7.5,-8,0.8684242082109812,5.360989430158724e-14,1.401024296576736e-10
7.699999999999999,-8,0.924253610306984,-1.792749976248231e-13,7.135853019590854e-11
7.900000000000002,-8,0.9766512454999513,-1.958971179716328e-13,9.626022201558726e-11
8.100000000000001,-8,1.024906549818235,-1.637735086434943e-13,4.243516649182765e-11
8.3,-8,1.068314908532171,3.83547360538472e-14,-1.772507141062362e-11
8.5,-8,1.106214162359531,1.891369005857512e-13,2.97417368511077e-11
8.699999999999999,-8,1.138018281865776,2.757880729342687e-13,-4.964081923297669e-11
8.900000000000002,-8,1.163242168888787,-5.113461737371594e-13,4.23894253032131e-12
9.100000000000001,-8,1.181514135900479,4.329973879446669e-13,2.031720625073063e-11
9.3,-8,1.192576753851164,-1.007943728481564e-13,8.965085618317658e-12
9.5,-8,1.196280547087021,-3.254167768584892e-13,2.31412111695306e-15
-9.5,-7,1.197443310832038,3.103507034696306e-13,1.318389841742373e-16
-9.3,-7,1.193735172358245,5.828566795873513e-13,-1.771609942080587e-11
-9.099999999999999,-7,1.182659867159007,-3.741382204047738e-13,8.230999215541601e-12
-8.9,-7,1.16436724542171,-4.903698974656478e-13,2.306907442850558e-11
-8.699999999999999,-7,1.139115305627329,-5.0127783868259e-13,-3.226521827492945e-11
-8.5,-7,1.107276434580003,1.716196629253374e-13,4.922967589138238e-11
-8.3,-7,1.069336496318972,1.414302702729131e-13,-5.392422619543424e-11
-8.099999999999999,-7,1.025882307563143,-2.933972509389093e-13,1.171435171087864e-11
-7.9,-7,0.9775768055796759,-2.907847573840882e-13,-1.243625202818066e-10
-7.7,-7,0.9251253593299257,-3.467538756130039e-13,-8.962569575388101e-11
-7.5,-7,0.8692392522526543,1.542099781204342e-13,-3.577194096493485e-12
-7.299999999999999,-7,0.8106024565736156,-1.128125370897237e-13,3.290989702975366e-11
-7.099999999999999,-7,0.7498458288497892,1.183116105085702e-13,-1.182285380707526e-10
-6.9,-7,0.6875301018614663,2.68285393900669e-13,8.296130449281236e-11
-6.699999999999999,-7,0.6241368354060628,-3.776493007201509e-14,-3.927658198676908e-11
-6.5,-7,0.5600654255839391,-3.207503707081116e-14,1.580571784565165e-10
-6.299999999999999,-7,0.4956342707032325,-1.711027153294963e-13,7.404710178349205e-11
-6.099999999999999,-7,0.431084721141389,-1.143356243016313e-13,1.510936931126138e-10
-5.9,-7,0.3665870211619285,2.161465451067101e-15,2.453226510823469e-11
-5.699999999999999,-7,0.3022477718244249,6.426109644408484e-14,-1.08054787339995e-10
-5.5,-7,0.2381185530962715,6.265127305837836e-14,-4.878275561281952e-11
-5.299999999999999,-7,0.1742053126474609,4.231337502602627e-14,9.869427497477545e-11
-5.099999999999999,-7,0.1104781307454298,-7.0082828429463e-15,-6.123290763326849e-11
-4.899999999999999,-7,0.04688102549086058,-4.74273398332059e-15,6.021250165133551e-11
-4.699999999999999,-7,-0.01665839601212258,3.049643870767226e-15,-1.056708054392174e-10
-4.5,-7,-0.08021948315430864,2.855354841457824e-14,3.244504664934311e-11
-4.299999999999999,-7,-0.1438791923520896,-2.042983837657885e-14,-1.259625737048963e-10
-4.099999999999999,-7,-0.2077026925129342,-3.551846317062512e-14,1.067209653982104e-10
-3.899999999999999,-7,-0.27173379109827,3.606316634208184e-14,-7.027867177100688e-11
-3.699999999999999,-7,-0.3359851507466633,5.805252112356384e-14,-2.174149749123444e-12
-3.5,-7,-0.4004284191298855,-9.503682563138937e-14,-1.639077762405349e-11
-3.299999999999999,-7,-0.4649845402281832,-1.065675325762072e-13,-1.475462529931803e-10
-3.099999999999999,-7,-0.5295146343888472,8.71290886661491e-14,8.048850475006474e-11
-2.899999999999999,-7,-0.5938118448063458,1.728261631028793e-13,1.216490241873202e-10
-2.699999999999999,-7,-0.6575945497899163,1.273076696145514e-13,-6.894917969901825e-11
-2.5,-7,-0.7205013480311857,1.371875703315428e-13,-6.236922089897234e-11
-2.299999999999999,-7,-0.782088445868751,-3.15107315240759e-13,1.656130788063592e-11
-2.099999999999999,-7,-0.8418305465141169,2.161031770198107e-14,5.884726039795396e-11
-1.899999999999999,-7,-0.8991269449255079,-2.087895828450925e-13,-2.994049452809122e-11
-1.699999999999999,-7,-0.9533148683229577,4.087294738774893e-13,-3.797934189364582e-11
-1.5,-7,-1.003691590371206,-1.148265510453327e-13,-1.959021833641827e-11
-1.299999999999998,-7,-1.049545146696207,1.545343714104419e-13,2.322525505249473e-11
-1.099999999999999,-7,-1.090190759370136,-4.751546378578552e-13,3.335542952953574e-11
-0.9000000000000003,-7,-1.125007405993893,5.900002708614238e-13,5.265729519088324e-11
-0.6999999999999992,-7,-1.15346775806192,3.536407278126318e-14,1.047467668158219e-12
-0.5,-7,-1.175156075601445,-5.686163345730577e-13,-4.522993091171656e-11
-0.2999999999999989,-7,-1.189772435684532,4.239924383808713e-13,-1.240957336889891e-11
-0.09999999999999964,-7,-1.19712636211342,6.149282472112105e-13,-5.379197087762577e-12
0.1000000000000014,-7,-1.197126362114099,-8.768506754019966e-14,9.121994826166712e-12
0.3000000000000007,-7,-1.189772435704812,-5.495638666364044e-13,-2.55290927286822e-11
0.5,-7,-1.175156075651739,1.5063297831297e-13,-7.753894748496748e-12
0.700000000000001,-7,-1.153467758077271,2.372945590023434e-13,-2.109579178011244e-11
0.9000000000000003,-7,-1.125007406024542,3.850010588113406e-13,-9.208162010665432e-12
1.100000000000001,-7,-1.090190759400435,1.692673778919129e-13,8.875197798907663e-11
1.3,-7,-1.049545146544382,-2.848381253084397e-13,7.583050853909867e-11
1.5,-7,-1.003691590336824,-1.307461083843719e-14,-8.139816598529137e-11
1.700000000000001,-7,-0.9533148683080832,7.08088102041593e-14,-2.730060622013752e-11
1.9,-7,-0.8991269449495694,-1.139262295613008e-13,-1.053215847868216e-10
2.100000000000001,-7,-0.8418305465673514,-2.534660849262682e-13,2.464123349810165e-11
2.3,-7,-0.7820884458751675,1.669077202837154e-13,3.448069607614456e-11
2.5,-7,-0.7205013479396149,-1.303818164544168e-14,-2.207473093207568e-11
2.700000000000001,-7,-0.657594549900798,1.608903982264209e-13,-1.115151859742979e-10
2.9,-7,-0.5938118447735497,-1.163561434702753e-13,4.135730646837032e-11
3.100000000000001,-7,-0.5295146343136633,-1.131724922109889e-13,-3.230415934751818e-12
3.3,-7,-0.464984540436285,-1.52129177311e-13,-1.44768919074778e-10
3.5,-7,-0.4004284189428835,1.711599612042036e-13,3.313771479440674e-11
3.700000000000001,-7,-0.3359851507873142,6.302770805266533e-14,1.42435729877377e-10
3.9,-7,-0.2717337911316827,6.810350894337347e-14,6.930478413380569e-11
4.100000000000001,-7,-0.2077026927811079,-1.605660049364132e-14,8.316203281566458e-11
4.3,-7,-0.1438791923262483,-8.049116928532384e-16,4.999900493629638e-11
4.5,-7,-0.08021948318469189,1.103284130721249e-14,-1.454992792915277e-10
4.700000000000001,-7,-0.01665839606821376,6.591949208711867e-17,-1.255969772628873e-10
4.9,-7,0.04688102540969738,5.540706782269921e-15,-9.053657823443472e-11
5.100000000000001,-7,0.110478130658703,2.260344689197779e-14,1.359327095329376e-10
5.3,-7,0.1742053126669621,-6.223840887109588e-14,7.787148703641833e-11
5.5,-7,0.2381185530010449,-2.706168622523819e-14,-7.937506207866817e-11
5.700000000000001,-7,0.3022477719954522,1.072024413684147e-13,1.304001351343231e-11
5.9,-7,0.366587021121556,7.904787935331114e-14,-2.192157566582864e-11
6.100000000000001,-7,0.4310847212100694,-1.423167139691372e-13,-1.535314098077833e-10
6.3,-7,0.4956342707902646,-1.351696532481128e-13,1.847361152940152e-11
6.5,-7,0.560065425865639,-5.02098362886727e-14,8.05887578891884e-11
6.699999999999999,-7,0.6241368352491116,-7.79966369268692e-14,5.571998418218981e-11
6.900000000000002,-7,0.6875301019835646,1.492070356157171e-13,-1.543437599949015e-10
7.100000000000001,-7,0.7498458290899484,3.202611786878861e-13,-4.103434259050686e-11
7.3,-7,0.810602456523797,-1.869789045816361e-13,-5.983391559993833e-11
7.5,-7,0.8692392520608949,3.011653426643334e-13,1.003656047160461e-10
7.699999999999999,-7,0.9251253593786723,-2.573757179602509e-13,-1.116094994202399e-10
7.900000000000002,-7,0.9775768055109475,4.265164610384175e-14,-6.460026957810782e-11
8.100000000000001,-7,1.025882307379121,2.182334174483102e-13,5.958294968522182e-11
8.3,-7,1.069336496343158,2.029713203066663e-13,-6.613615211037426e-11
8.5,-7,1.107276434476691,1.403530069943315e-13,-6.076295022694466e-11
8.699999999999999,-7,1.139115305742687,-2.28646962474599e-13,-1.944930327901772e-11
8.900000000000002,-7,1.164367245398894,-6.0359703346613e-14,1.268488092343034e-11
9.100000000000001,-7,1.182659867181545,3.369873824432545e-14,-1.093908297278289e-11
9.3,-7,1.193735172358034,-8.543513119185774e-14,1.687234379987856e-11
9.5,-7,1.197443310832247,-2.123093367778494e-13,4.000272335602517e-15
-9.5,-6,1.198536497382606,-1.183081410616182e-13,-5.415806691999591e-15
-9.3,-6,1.194821962911362,3.546850313451699e-13,1.343124916841631e-11
-9.099999999999999,-6,1.183727977229964,-1.277658534526438e-13,-7.716965955140153e-12
-8.9,-6,1.165405291260737,1.32237970573712e-13,1.851818698384022e-11
-8.699999999999999,-6,1.140113309529752,-2.945317600921981e-13,-3.466196774049024e-11
-8.5,-6,1.108226193835764,-9.361261765761241e-14,7.586734018794061e-11
-8.3,-6,1.070231789573339,-3.202473009000783e-13,6.667505436652732e-11
-8.099999999999999,-6,1.026718924582176,-1.448077768806399e-13,-8.864137202024835e-11
-7.9,-6,0.9783524155760101,7.720907246877573e-14,-7.313205596659599e-12
-7.7,-6,0.9258392490496975,1.145541994596044e-13,6.230438387433423e-11
-7.5,-6,0.8698919843872415,-3.208544541166702e-14,1.729344445422498e-11
-7.299999999999999,-6,0.8111954985674672,1.931024784518342e-13,-7.82305331625821e-11
-7.099999999999999,-6,0.7503812009607957,-2.091729567332834e-14,8.397621487077344e-11
-6.9,-6,0.6880100787249426,5.430031424502601e-14,1.856692577462126e-11
-6.699999999999999,-6,0.6245637167236692,1.595945597898662e-15,-7.916722832845835e-11
-6.5,-6,0.5604413780174664,-7.719866412791986e-14,4.803824005250589e-12
-6.299999999999999,-6,0.4959612331184709,1.098322821579955e-13,6.505307403870119e-11
-6.099999999999999,-6,0.4313643597471142,-7.148101555110031e-14,-1.324532705737624e-10
-5.9,-6,0.3668207148193556,-8.720107969040213e-14,-1.609238298172499e-10
-5.699999999999999,-6,0.3024366207370895,5.616687670517706e-14,1.013439332453458e-10
-5.5,-6,0.2382633926961816,-2.099015405931936e-15,-1.550959360940851e-11
-5.299999999999999,-6,0.1743067331300631,1.525168880078808e-14,-1.143115602175726e-10
-5.099999999999999,-6,0.1105364923536547,7.674416657721394e-15,-8.378497895478176e-11
-4.899999999999999,-6,0.04689646873491459,-4.784367346744034e-15,-1.15158771407664e-10
-4.699999999999999,-6,-0.01668594337974325,-5.974387651264123e-15,-9.76435599042702e-11
-4.5,-6,-0.08029030725847405,1.604272270583351e-14,-4.600653191744186e-11
-4.299999999999999,-6,-0.1439937976044713,-1.309716224362489e-14,-5.390576873764985e-12
-4.099999999999999,-6,-0.2078618113752033,7.686906666748427e-14,-9.178668936016265e-11
-3.899999999999999,-6,-0.2719383966971669,-1.118376224962247e-14,-7.30731031239884e-11
-3.699999999999999,-6,-0.3362364724026961,1.923287917815486e-14,7.51985140823308e-11
-3.5,-6,-0.4007279540597983,-5.613738640608545e-14,1.586505371520274e-10
-3.299999999999999,-6,-0.4653340624633377,2.696020490189354e-14,1.563904006296468e-10
-3.099999999999999,-6,-0.5299161852023731,6.144217079562253e-14,-6.845229938434727e-11
-2.899999999999999,-6,-0.594267701413467,-6.524945514452262e-14,-1.40926825764609e-10
-2.699999999999999,-6,-0.6581071555105126,3.124063507886631e-14,-7.766942644593655e-11
-2.5,-6,-0.7210731905886442,2.019927194257809e-13,1.441733399332179e-10
-2.299999999999999,-6,-0.7827218766498246,2.544700561379897e-13,-1.407663430263994e-10
-2.099999999999999,-6,-0.842527532556518,-1.441581229388866e-13,-8.937245388196402e-11
-1.899999999999999,-6,-0.8998887669529438,4.864511571334162e-14,-2.916994423785013e-11
-1.699999999999999,-6,-0.9541417868105608,3.265599596291579e-13,-1.110184166819294e-11
-1.5,-6,-1.004582523641518,-2.914456870284354e-13,-3.802241854700128e-11
-1.299999999999998,-6,-1.050497406285082,1.975225538686231e-13,-5.67936808693048e-11
-1.099999999999999,-6,-1.091199891317012,3.258747438561471e-13,-1.45358447500854e-11
-0.9000000000000003,-6,-1.12606716678136,-1.480100764172931e-13,2.936367815564722e-11
-0.6999999999999992,-6,-1.154570229670245,-1.012037675884869e-13,3.14325787620362e-11
-0.5,-6,-1.17629190009661,-3.879431498265972e-13,6.862010959451936e-12
-0.2999999999999989,-6,-1.190931131261754,-1.022480711210249e-13,-6.894124160439218e-12
-0.09999999999999964,-6,-1.198296684755988,5.857814233678482e-14,4.478015180886529e-12
0.1000000000000014,-6,-1.198296684748344,-2.846264890443706e-13,7.342751406902436e-12
0.3000000000000007,-6,-1.190931131241022,1.264960358682287e-14,-1.624039791536802e-11
0.5,-6,-1.176291900135289,2.789435349370705e-14,1.591991816152216e-11
0.700000000000001,-6,-1.154570229626952,-1.488496825796659e-13,3.760269873254173e-12
0.9000000000000003,-6,-1.126067166722077,6.561071130839479e-14,-7.784944910937952e-11
1.100000000000001,-6,-1.09119989143716,2.740585536287198e-13,3.607975029851218e-12
1.3,-6,-1.050497406481748,-7.368237964211488e-14,4.906341999344476e-11
1.5,-6,-1.004582523789336,-2.756388867153347e-13,7.80209785666841e-11
1.700000000000001,-6,-0.954141786602386,-2.370655755035144e-13,1.114400793866821e-10
1.9,-6,-0.8998887669583155,-8.819160679518489e-14,-1.070822319704234e-10
2.100000000000001,-6,-0.8425275325112114,2.469751833600319e-13,-1.194218057776197e-10
2.3,-6,-0.7827218768539878,8.712735394267312e-14,7.642064758783817e-11
2.5,-6,-0.7210731908623704,1.909323393833872e-13,6.571959643153491e-11
2.700000000000001,-6,-0.6581071552823679,-1.885238926774279e-13,1.39585010217047e-11
2.9,-6,-0.5942677013856727,-7.149814594542558e-14,8.560396835832762e-11
3.100000000000001,-6,-0.5299161852556759,2.234670781753322e-14,-4.118011487364015e-11
3.3,-6,-0.4653340626842468,-7.332329188258768e-14,-1.3216056027332e-10
3.5,-6,-0.4007279540497442,-5.302702721365903e-14,7.084244302291153e-11
3.700000000000001,-6,-0.3362364722655792,-7.022334103101712e-14,1.299947927080324e-10
3.9,-6,-0.2719383967263845,1.344410693882025e-15,1.065316723725118e-10
4.100000000000001,-6,-0.2078618115029576,4.902328543110456e-15,-1.478706046498246e-12
4.3,-6,-0.1439937974779382,-9.92608772953929e-15,4.635136718889043e-11
4.5,-6,-0.0802903071490698,-1.589006703994755e-14,-1.975153374189631e-11
4.700000000000001,-6,-0.01668594350650634,-7.431555371084641e-15,-1.165246787948603e-10
4.9,-6,0.04689646889390394,5.623973509116808e-15,-8.413481022984115e-11
5.100000000000001,-6,0.110536492251541,2.732189474663471e-14,-8.355516278868435e-11
5.3,-6,0.1743067332227386,-5.790506962810582e-15,1.025037832391717e-10
5.5,-6,0.2382633926901159,-7.216449660063517e-15,-1.497932888838704e-10
5.700000000000001,-6,0.302436620454458,2.877559301950327e-14,9.820300128637882e-11
5.9,-6,0.3668207150484082,3.856984176486832e-14,-6.978351230202406e-11
6.100000000000001,-6,0.4313643597176554,6.074307723480387e-14,1.241150515696176e-10
6.3,-6,0.4959612332331406,-3.990557884137047e-14,-1.434715679593523e-10
6.5,-6,0.5604413779151602,-2.03517758201599e-14,-6.161837706741835e-11
6.699999999999999,-6,0.6245637164485582,1.610135635932152e-13,7.523592859826067e-12
6.900000000000002,-6,0.6880100787850043,6.036837696399288e-15,1.030556751047129e-10
7.100000000000001,-6,0.7503812008796564,-3.79730968891323e-14,4.516070850613118e-11
7.3,-6,0.8111954983565483,1.046419895178729e-13,-1.476898603414156e-10
7.5,-6,0.8698919842498189,1.126564119768858e-13,1.029257234996805e-10
7.699999999999999,-6,0.9258392490159124,-1.295664964207077e-13,-4.587857871385381e-11
7.900000000000002,-6,0.9783524154660103,-2.627412176714472e-13,-1.677519234632995e-11
8.100000000000001,-6,1.026718924582313,3.125381897728374e-13,1.144042638401288e-10
8.3,-6,1.070231789709858,-1.052734288631285e-13,3.701461359639779e-11
8.5,-6,1.108226193856878,7.203265761646093e-14,5.202899222567225e-11
8.699999999999999,-6,1.140113309482254,-1.808032890071587e-13,1.809083438608638e-11
8.900000000000002,-6,1.165405291265315,-2.655375919147218e-13,-5.328573693397231e-11
9.100000000000001,-6,1.183727977174215,-3.50115769709447e-13,-1.222333345651804e-11
9.3,-6,1.194821962888785,-2.284873679148091e-13,7.754727415765216e-12
9.5,-6,1.198536497382434,3.748251709012606e-13,-5.002942504717111e-15
-9.5,-5,1.199134798316992,-1.567947160996396e-13,3.50414142147315e-15
-9.3,-5,1.195418552749051,1.587376063927337e-13,-7.087809505978981e-12
-9.099999999999999,-5,1.184319531720466,-1.151891082518119e-13,2.776606722321162e-11
-8.9,-5,1.165988317109185,-2.003223975588497e-13,3.210962051802823e-11
-8.699999999999999,-5,1.140684127553559,-1.591955733903915e-13,-5.903691424613555e-11
-8.5,-5,1.108781023953575,-2.215450045639499e-13,-6.389544449092454e-11
-8.3,-5,1.07076691618824,4.517913820833996e-14,4.536421238654497e-11
-8.099999999999999,-5,1.027230896521488,-1.600351795527643e-13,6.5974781193745e-11
-7.9,-5,0.9788382256392864,1.460671861241991e-13,2.590067049723643e-11
-7.7,-5,0.9262964555591249,-7.279593594589073e-14,1.259510828965915e-10
-7.5,-5,0.8703187544471646,-4.022129851399824e-14,4.636407924252239e-11
-7.299999999999999,-5,0.8115905816561667,9.354669816552529e-14,-9.65488800019898e-12
-7.099999999999999,-5,0.7507438493418301,-5.500461197627259e-14,-2.801286980158579e-11
-6.9,-5,0.6883399417915591,3.98882316066107e-14,2.58970622724064e-11
-6.699999999999999,-5,0.6248607294674342,1.19220605609982e-13,7.861367112838024e-11
-6.5,-5,0.5607056619295229,8.939030071708487e-14,-1.984251651876434e-11
-6.299999999999999,-5,0.4961930117204583,-3.649858193455202e-15,-9.373507525722857e-11
-6.099999999999999,-5,0.4315638957410239,2.407796184655808e-15,5.578948414353135e-11
-5.9,-5,0.3669882670649412,-2.3186313979906e-14,-7.990463846141437e-11
-5.699999999999999,-5,0.3025724139657347,5.180231243961941e-14,7.120526390735904e-11
-5.5,-5,0.2383675995702454,-4.32015534457264e-14,4.469180581168075e-11
-5.299999999999999,-5,0.1743794626993548,2.693678613496786e-14,3.148659111218421e-11
-5.099999999999999,-5,0.1105777839402378,5.918876500032865e-15,2.165212453775211e-11
-4.899999999999999,-5,0.04690628744857619,1.329145127293429e-14,-1.348920974919565e-13
-4.699999999999999,-5,-0.0167077092880183,-1.128264148775315e-14,2.92741386687112e-11
-4.5,-5,-0.0803438477717977,-2.13613848831784e-14,-1.352344902727509e-10
-4.299999999999999,-5,-0.1440793835577155,1.736111254757588e-14,1.4523338087713e-10
-4.099999999999999,-5,-0.2079797924831639,-3.199523979091623e-14,7.011546898638698e-11
-3.899999999999999,-5,-0.2720892000289152,-6.788840323235234e-14,-2.586286740324794e-11
-3.699999999999999,-5,-0.3364205943550601,-4.37254399354714e-14,6.843592359473404e-11
-3.5,-5,-0.4009459477058099,3.191891195797325e-16,-1.01186281575849e-10
-3.299999999999999,-5,-0.4655865125645704,-9.692767422020409e-15,2.271027810252235e-11
-3.099999999999999,-5,-0.5302036709191293,-4.389392495307564e-14,-1.595240051166513e-10
-2.899999999999999,-5,-0.5945907403800657,9.311345097740009e-15,-2.174288527001522e-11
-2.699999999999999,-5,-0.6584661270388583,1.015324976871845e-13,-1.404735772148058e-10
-2.5,-5,-0.7214682382884134,-9.54236689665322e-14,1.069778154949574e-10
-2.299999999999999,-5,-0.7831527909940307,1.64845567751648e-13,6.57082166455325e-11
-2.099999999999999,-5,-0.8429936276586453,1.288240347729896e-13,7.70072894340501e-11
-1.899999999999999,-5,-0.9003887669965328,-3.175237850427947e-14,7.6068706889032e-11
-1.699999999999999,-5,-0.9546737437768944,-5.524053436900544e-14,-9.026351888152817e-11
-1.5,-5,-1.005143796687945,8.080688895795162e-14,-6.744199643193837e-11
-1.299999999999998,-5,-1.051084718684262,5.618075449298487e-14,-1.078976907820106e-10
-1.099999999999999,-5,-1.091809473177714,2.048708425128609e-14,-5.604014474691609e-11
-0.9000000000000003,-5,-1.126694966457517,-7.901665433074356e-14,-6.904102289873037e-11
-0.6999999999999992,-5,-1.155212151422717,-1.200949062418743e-13,-3.817751670354141e-11
-0.5,-5,-1.176944010988663,-1.106371938508488e-13,-2.076944172202388e-11
-0.2999999999999989,-5,-1.19158978299154,-1.627274703874803e-13,-2.549388478101377e-11
-0.09999999999999964,-5,-1.198958517621372,-1.916002079216383e-13,-8.489625669128031e-12
0.1000000000000014,-5,-1.198958517621623,9.731104810839497e-14,-7.256015233103596e-12
0.3000000000000007,-5,-1.19158978300033,2.273667365493281e-13,4.401506936702048e-12
0.5,-5,-1.176944010957152,1.766954638160456e-13,-2.486821859548626e-11
0.700000000000001,-5,-1.155212151385699,-2.186584246999245e-13,2.146255395629737e-11
0.9000000000000003,-5,-1.126694966506622,2.32758257112664e-13,-1.672459393198266e-11
1.100000000000001,-5,-1.091809473257489,-1.870031907102998e-13,-6.183881184895767e-11
1.3,-5,-1.051084718722441,1.308814168154981e-13,-2.562849932274957e-11
1.5,-5,-1.005143796876829,-4.446790158318947e-14,-4.107642004314016e-11
1.700000000000001,-5,-0.9546737438673222,-1.709396513227545e-13,-1.199926824568819e-10
1.9,-5,-0.9003887668566634,-9.337669526487957e-14,1.219276346553499e-10
2.100000000000001,-5,-0.8429936278448562,1.497933721505972e-13,7.411737890095082e-11
2.3,-5,-0.7831527909336076,-1.753718698038753e-13,-1.264512383691851e-10
2.5,-5,-0.7214682382003788,-1.093795193307656e-13,1.129558113710516e-10
2.700000000000001,-5,-0.6584661270900023,7.234837728908871e-14,1.73107084222579e-11
2.9,-5,-0.5945907402792457,5.639867912965446e-14,1.870403831816247e-11
3.100000000000001,-5,-0.5302036706860264,-9.270318887533157e-14,-1.872446642181557e-12
3.3,-5,-0.4655865126803598,-7.661146023130172e-14,-1.492300727434781e-10
3.5,-5,-0.4009459477184661,1.738106186754961e-14,1.991762310638023e-11
3.700000000000001,-5,-0.3364205942194359,5.533073998975623e-14,-3.088485023283738e-11
3.9,-5,-0.2720892000932215,6.189146417590052e-14,-1.037858687880088e-10
4.100000000000001,-5,-0.2079797923980881,-2.882763472378258e-14,-1.008881866937372e-10
4.3,-5,-0.1440793834149699,8.267692086505462e-15,-1.467163057711218e-10
4.5,-5,-0.08034384801071738,-1.352043477176323e-14,1.247122405345635e-10
4.700000000000001,-5,-0.01670770907271902,4.90579799006241e-15,2.419853206703237e-11
4.9,-5,0.04690628750278426,-3.285566263500072e-15,4.422240351686923e-12
5.100000000000001,-5,0.1105777837648342,7.892991815694472e-15,-1.409661276596807e-11
5.3,-5,0.1743794629676663,-2.029626466892864e-15,-4.53956872092931e-11
5.5,-5,0.2383675995079334,3.130828929442941e-14,1.142868022441234e-10
5.700000000000001,-5,0.3025724140114026,3.535366444040732e-15,-1.15662368571634e-10
5.9,-5,0.366988267154106,-1.468616894761964e-14,3.686195793051183e-11
6.100000000000001,-5,0.4315638956145437,-5.228803501289291e-14,7.709066718319945e-11
6.3,-5,0.4961930117407495,-6.540948338518148e-14,1.367611579539129e-10
6.5,-5,0.5607056620151972,3.395894676572197e-14,1.862565657262393e-12
6.699999999999999,-5,0.6248607295440389,-3.673450432728486e-14,7.775879939941887e-11
6.900000000000002,-5,0.6883399416354028,-1.396799342856525e-14,1.782313185927364e-11
7.100000000000001,-5,0.7507438494097717,4.440892098500626e-15,2.042321867179453e-11
7.3,-5,0.8115905815693931,-1.287546458339505e-13,1.28764721107899e-10
7.5,-5,0.8703187543751803,-1.716335407131452e-14,5.749811737842947e-11
7.699999999999999,-5,0.9262964556736763,-1.052873066509363e-13,-1.264341409346059e-10
7.900000000000002,-5,0.978838225553461,1.159697338160015e-13,5.807349046094145e-11
8.100000000000001,-5,1.027230896465414,1.525862769469199e-13,-4.925054808424533e-11
8.3,-5,1.070766916322345,-1.129270288391381e-13,-4.04483668781097e-11
8.5,-5,1.108781023926729,2.034761248381755e-13,-2.875624738329918e-11
8.699999999999999,-5,1.140684127603501,4.897818262072917e-14,5.821718107590356e-11
8.900000000000002,-5,1.165988317117477,7.848582894709466e-14,3.317415786519006e-11
9.100000000000001,-5,1.184319531708752,-4.478015180886529e-14,2.096803286555371e-11
9.3,-5,1.195418552740892,1.87804632956201e-13,1.567081880926579e-11
9.5,-5,1.199134798316791,-1.084653200589258e-13,8.326672684688674e-16
-9.5,-4,1.199468929134591,-1.92519611363906e-14,-2.393918396847993e-15
-9.3,-4,1.195752350469747,3.603714548994219e-14,4.235500838944972e-12
-9.099999999999999,-4,1.184652448823053,5.39047972925033e-14,3.326805497749774e-11
-8.9,-4,1.166319756013756,1.33955346814929e-14,2.627123518728069e-11
-8.699999999999999,-4,1.141013381881203,-7.385064781928463e-14,-2.668140708372845e-11
-8.5,-4,1.109107200818799,5.996245167061431e-14,7.936495904914409e-11
-8.3,-4,1.071088860181717,1.672967320232032e-14,2.610553440085539e-11
-8.099999999999999,-4,1.027547142503937,8.617412339262386e-14,7.192413331580382e-12
-7.9,-4,0.9791470019030594,3.332056852656251e-14,6.642569827519651e-11
-7.7,-4,0.9265957412760801,-9.957312752106872e-15,6.760270121475286e-11
-7.5,-4,0.8706063817817808,8.278100427361323e-14,-5.505867983757184e-11
-7.299999999999999,-4,0.8118643570869329,2.604166882136382e-14,2.415478927986214e-11
-7.099999999999999,-4,0.7510016720465086,-1.995625886763718e-14,-9.233602771274718e-11
-6.9,-4,0.6885799001770061,6.848688283156434e-15,-1.504206759150861e-10
-6.699999999999999,-4,0.6250811633517915,2.254446629379458e-14,-9.926981459074113e-11
-6.5,-4,0.5609051921899825,-9.277301149523964e-15,-4.583600166085943e-11
-6.299999999999999,-4,0.4963705395044973,3.485753352627796e-14,-8.376654925257298e-11
-6.099999999999999,-4,0.4317185806838468,-7.740683094503708e-14,-9.101797093791219e-11
-5.9,-4,0.3671194920928289,-8.614636781700824e-15,-8.722023103757692e-12
-5.699999999999999,-4,0.3026797422052779,2.277691923957547e-14,9.333034345360147e-11
-5.5,-4,0.2384507340514825,3.18772785945498e-14,6.734868218671863e-11
-5.299999999999999,-4,0.1744382082794678,-1.755540157688528e-15,1.577052932688616e-10
-5.099999999999999,-4,0.1106120145979997,4.350686477749832e-15,-7.787670508463406e-11
-4.899999999999999,-4,0.0469159246496037,-6.709910405078289e-15,1.576534458536116e-10
-4.699999999999999,-4,-0.01672271302636524,5.523359547510153e-15,1.51541890147655e-10
-4.5,-4,-0.08038351442394962,2.215935768212773e-14,1.237108193663516e-10
-4.299999999999999,-4,-0.1441437057968311,1.10918219053957e-14,-6.742750802146702e-11
-4.099999999999999,-4,-0.2080687236821583,4.000966224992907e-14,1.233499968833484e-10
-3.899999999999999,-4,-0.2722026324574546,3.823677485748078e-14,-1.136649663280309e-10
-3.699999999999999,-4,-0.3365583325881854,1.902991653146557e-15,1.190736398370972e-10
-3.5,-4,-0.401107673350102,-6.258448620455325e-14,3.72621933308892e-11
-3.299999999999999,-4,-0.4657717464274929,-2.457127383503898e-14,4.768124783893767e-11
-3.099999999999999,-4,-0.5304117322434125,3.09348900662254e-14,-1.162897000916984e-10
-2.899999999999999,-4,-0.5948207130601006,-6.554218973109371e-14,7.91025023261227e-11
-2.699999999999999,-4,-0.658716834059277,9.417813751078085e-15,-1.326995735517755e-10
-2.5,-4,-0.721738233719146,9.48997824767872e-14,-1.249719217000233e-10
-2.299999999999999,-4,-0.7834403771413283,1.06577940917063e-13,4.254963048566651e-11
-2.099999999999999,-4,-0.8432969005547499,-9.624245844719325e-15,-1.007516292617083e-11
-1.899999999999999,-4,-0.9007056884377142,8.596595657550665e-14,6.33982866204974e-11
-1.699999999999999,-4,-0.9550022389879888,7.148101555110031e-14,1.106628677582932e-10
-1.5,-4,-1.005481855171841,8.239936510889833e-14,1.004638039425742e-10
-1.299999999999998,-4,-1.051430488365375,-3.851780006058902e-14,-4.817457543992986e-11
-1.099999999999999,-4,-1.092161322983791,-1.969258089928871e-14,-8.768866188724189e-11
-0.9000000000000003,-4,-1.127051507958677,4.38746261544054e-14,4.111339046986017e-11
-0.6999999999999992,-4,-1.155572217640994,-2.407102295265417e-14,2.892769357387692e-12
-0.5,-4,-1.17730660533444,2.248895514256332e-14,2.577876800913259e-11
-0.2999999999999989,-4,-1.191954017948239,8.202466483808734e-14,-2.246651475967809e-11
-0.09999999999999964,-4,-1.199323562113303,-4.909961326404754e-14,-5.459077634384357e-12
0.1000000000000014,-4,-1.199323562099651,7.771561172376095e-16,-6.960126919253184e-12
0.3000000000000007,-4,-1.191954017961826,-7.203265761646093e-14,-1.892352941013086e-11
0.5,-4,-1.177306605341126,2.457062331373549e-14,-6.430522780931369e-12
0.700000000000001,-4,-1.155572217618908,-5.944550407477322e-14,-1.942926375342324e-11
0.9000000000000003,-4,-1.127051507925801,6.725175971666885e-14,-3.236158563346691e-11
1.100000000000001,-4,-1.092161323046344,8.2947537727307e-14,2.239888829969061e-11
1.3,-4,-1.051430488238007,1.51684220739412e-14,-2.969624546267368e-11
1.5,-4,-1.005481855271906,-2.801925358397738e-14,1.118640735597864e-10
1.700000000000001,-4,-0.9550022390946295,5.809935865741522e-14,3.648953361690132e-11
1.9,-4,-0.9007056886704707,-1.676783711879181e-14,1.265351157186955e-10
2.100000000000001,-4,-0.8432969003636612,2.315855840429037e-14,-6.034578392544176e-11
2.3,-4,-0.7834403771291665,8.527206718511593e-14,2.425593059740549e-11
2.5,-4,-0.721738233649918,1.192709125907853e-13,1.433009821916186e-10
2.700000000000001,-4,-0.6587168339928612,3.428160533225366e-14,-8.243827842591144e-11
2.9,-4,-0.5948207132248926,-6.742609942600452e-14,1.358284040797741e-10
3.100000000000001,-4,-0.5304117322934471,1.111936064057683e-14,3.17712522956981e-12
3.3,-4,-0.46577174633669,2.863204465186619e-14,-1.107752778395365e-10
3.5,-4,-0.4011076733280794,-7.009150204684289e-15,1.219486733816665e-10
3.700000000000001,-4,-0.3365583325702787,4.22439860869872e-14,1.664324233985325e-11
3.9,-4,-0.2722026324517752,4.649058915617843e-14,-1.309138353278172e-10
4.100000000000001,-4,-0.2080687238084473,-2.312386393477083e-14,-7.06061875632713e-11
4.3,-4,-0.1441437059783064,-2.364081153061192e-14,-7.120948275485261e-11
4.5,-4,-0.08038351432161174,2.113934027825337e-14,6.328082502449206e-11
4.700000000000001,-4,-0.01672271302649584,1.606353938754523e-14,-1.215716416425038e-11
4.9,-4,0.04691592455569879,-1.387778780781445e-15,6.020728360311977e-11
5.100000000000001,-4,0.1106120145142295,-2.749189764728043e-14,6.520006756716156e-11
5.3,-4,0.1744382082503547,-2.019218126037003e-14,1.07723052700237e-10
5.5,-4,0.2384507342519625,-8.729128531115293e-15,-1.870437138506986e-11
5.700000000000001,-4,0.3026797422197031,-1.654232306691483e-14,-4.14336343013133e-11
5.9,-4,0.367119492019069,-1.183081410616182e-14,-8.561884534685759e-11
6.100000000000001,-4,0.4317185806865592,-2.355060590986113e-14,-7.85006504244734e-11
6.3,-4,0.4963705392918601,1.342675970406048e-14,2.094019402321123e-11
6.5,-4,0.5609051920541462,-9.934761346919174e-14,-4.630534844451972e-11
6.699999999999999,-4,0.6250811635151567,1.378064329315975e-14,1.061849497219213e-10
6.900000000000002,-4,0.6885799000290646,6.205799762959429e-14,-1.402679083994939e-10
7.100000000000001,-4,0.7510016722562082,-3.538835890992686e-16,-8.708994636563716e-11
7.3,-4,0.8118643569451871,-1.193455057002523e-13,-6.841893718245728e-11
7.5,-4,0.8706063818439793,-8.778394677833034e-14,1.738043042820436e-11
7.699999999999999,-4,0.9265957414166607,-1.507474700623845e-14,-6.917810768669596e-11
7.900000000000002,-4,0.9791470018942842,-1.146166495047396e-13,1.038499841676809e-10
8.100000000000001,-4,1.027547142368752,5.566727634409574e-14,-1.112564484984091e-10
8.3,-4,1.071088860340404,-3.037153861740193e-14,8.416720098658458e-11
8.5,-4,1.109107200781992,4.826347654862672e-14,-8.734260537046623e-11
8.699999999999999,-4,1.141013381780509,7.412473412848896e-14,2.439468071990802e-11
8.900000000000002,-4,1.166319756051137,2.008809785181142e-14,7.282507930028714e-12
9.100000000000001,-4,1.184652448845325,3.299097106612691e-14,-1.728973908488029e-11
9.3,-4,1.195752350464763,-9.364384268018e-14,-1.795907172974509e-11
9.5,-4,1.199468929134511,7.872869023373141e-14,-1.804112415015879e-15
-9.5,-3,1.19942190640227,-2.332162241103219e-14,-4.718447854656915e-16
-9.3,-3,1.195710018134892,2.32314167902814e-14,1.104664970608126e-12
-9.099999999999999,-3,1.184623738533485,-1.175101682626689e-14,-3.620370669921158e-11
-8.9,-3,1.166312051490793,-1.706967900361178e-15,1.850875008813091e-11
-8.699999999999999,-3,1.141031797939336,2.60208521396521e-16,6.931619167538372e-11
-8.5,-3,1.109154238769106,3.438221929386031e-15,-8.799461159725297e-12
-8.3,-3,1.071164447916739,1.189673359824894e-14,5.07697772711424e-11
-8.099999999999999,-3,1.027648986193701,-4.731631753074339e-14,7.476891328295209e-11
-7.9,-3,0.9792711351775427,1.582067810090848e-15,7.918288247310556e-11
-7.7,-3,0.9267371431953266,2.666963871966743e-14,-1.026789764324576e-11
-7.5,-3,0.8707595619874013,-4.090477956353311e-15,5.470734976142921e-12
-7.299999999999999,-3,0.8120238410208686,6.90281165560691e-14,-4.17600398705531e-11
-7.099999999999999,-3,0.7511623557940013,2.065708715193181e-14,9.90832971226041e-11
-6.9,-3,0.6887372697941918,-5.64027990979099e-14,2.209737948177803e-11
-6.699999999999999,-3,0.6252314025155485,1.109876079929961e-14,-2.826050504722843e-11
-6.5,-3,0.5610451975064059,-3.335526299608204e-14,-4.235478634484479e-11
-6.299999999999999,-3,0.4964978773934519,-5.952877080162011e-14,-7.087014308737593e-11
-6.099999999999999,-3,0.4318314075698446,3.200217868482013e-14,7.409228786059429e-11
-5.9,-3,0.3672164575750055,-9.18709552877317e-15,-6.275380215470249e-11
-5.699999999999999,-3,0.3027598930693924,1.303818164544168e-14,-2.265021503689013e-11
-5.5,-3,0.2385134232990451,7.645273303324984e-14,1.482298728205933e-10
-5.299999999999999,-3,0.1744830190130172,-3.344546861683284e-15,4.513078799561753e-11
-5.099999999999999,-3,0.1106386984710655,-7.179673522372809e-14,8.137901463811658e-11
-4.899999999999999,-3,0.04692435821047297,1.808969640748614e-14,-4.910460926765836e-11
-4.699999999999999,-3,-0.01673255645938191,-1.048466868880382e-14,-1.372824076639744e-11
-4.5,-3,-0.080411575429755,-1.751376821346184e-14,-2.48787657142202e-11
-4.299999999999999,-3,-0.1441898346221818,-1.875929966921319e-14,8.020284436582869e-11
-4.099999999999999,-3,-0.2081326583232741,-1.472433286409113e-14,7.842460014728658e-11
-3.899999999999999,-3,-0.272283962276499,-3.966271755473371e-14,-3.979439000545426e-11
-3.699999999999999,-3,-0.3366564466189703,1.481800793179388e-14,-1.147689721037181e-10
-3.5,-3,-0.401221694366722,1.595707073420715e-14,-4.61639615423337e-11
-3.299999999999999,-3,-0.4659004529626406,7.824036557524394e-15,1.982941588707376e-11
-3.099999999999999,-3,-0.5305534753916061,3.113655167030771e-14,-2.375899477158327e-11
-2.899999999999999,-3,-0.5949733318319762,8.423990671690972e-14,-7.868916629405475e-11
-2.699999999999999,-3,-0.6588775819565589,-1.063385490773782e-14,-8.84430861880503e-11
-2.5,-3,-0.7219037354415125,-9.596490269103696e-15,-3.391342762171234e-11
-2.299999999999999,-3,-0.7836066286764802,1.941155569618047e-14,-4.334516079396166e-11
-2.099999999999999,-3,-0.8434593381571622,-3.643613188941685e-14,1.086954970475062e-10
-1.899999999999999,-3,-0.9008593508503157,-5.381806111870446e-14,1.300132224102412e-10
-1.699999999999999,-3,-0.955142033176711,-4.496403249731884e-15,5.880662623525267e-11
-1.5,-3,-1.005602939967683,-2.937233789523929e-14,6.952266540238838e-11
-1.299999999999998,-3,-1.051528754416394,2.930988785010413e-14,9.569667280828753e-11
-1.099999999999999,-3,-1.092233933549758,-3.060052211623087e-15,-1.141700622930841e-11
-0.9000000000000003,-3,-1.127097424009545,-1.197653087814387e-14,-7.207279217880113e-11
-0.6999999999999992,-3,-1.155592608167781,1.299654828201823e-14,5.062839036895638e-11
-0.5,-3,-1.177305031061935,6.619704784327495e-15,-1.851302444677571e-11
-0.2999999999999989,-3,-1.191936296538475,-1.477290512141848e-14,2.039346469473457e-11
-0.09999999999999964,-3,-1.199297280057781,-1.559169460207954e-14,5.947534131856002e-12
0.1000000000000014,-3,-1.199297280065684,3.448630270241892e-15,8.702399911797442e-12
0.3000000000000007,-3,-1.191936296549844,1.661865089985781e-14,-3.570491124982311e-12
0.5,-3,-1.17730503110465,4.35831926104413e-14,-3.287468908208524e-11
0.700000000000001,-3,-1.155592608239403,-1.510597202880603e-14,1.855637865588732e-11
0.9000000000000003,-3,-1.127097423950895,-8.520961713998076e-15,6.624831239143702e-11
1.100000000000001,-3,-1.09223393358054,8.826273045769994e-15,-8.739825529957556e-11
1.3,-3,-1.051528754398616,6.221412274243221e-14,4.652594975951274e-11
1.5,-3,-1.005602940103374,6.838279942300573e-14,1.658118087277671e-13
1.700000000000001,-3,-0.9551420332934006,1.435657148718405e-14,-1.045725728232582e-10
1.9,-3,-0.9008593506583737,-4.390238173002103e-14,-1.28926980202948e-10
2.100000000000001,-3,-0.8434593380957078,-1.05679354156507e-14,1.326908583010322e-10
2.3,-3,-0.7836066285846458,4.242092788153684e-14,6.204547986499164e-11
2.5,-3,-0.7219037356315887,-5.364805821805873e-14,2.437727797399702e-11
2.700000000000001,-3,-0.6588775819476848,8.826273045769994e-15,-1.072476552010925e-10
2.9,-3,-0.594973331735263,4.420075416788904e-15,-7.023959192054007e-11
3.100000000000001,-3,-0.5305534756654257,2.07629052839664e-14,2.376021601691036e-11
3.3,-3,-0.4659004529035889,-2.407319135699914e-14,-9.317724369850566e-11
3.5,-3,-0.4012216943496425,-6.394624413319505e-15,1.340407784766739e-10
3.700000000000001,-3,-0.3366564464481336,-5.238864897449957e-15,1.461722964890555e-10
3.9,-3,-0.2722839622726375,2.830548295751356e-14,-2.546207689135826e-11
4.100000000000001,-3,-0.2081326583009519,-2.436245649661827e-14,7.386380396212644e-11
4.3,-3,-0.1441898347664267,-2.047667591043023e-14,-6.669720331586859e-11
4.5,-3,-0.08041157566605534,-9.617306950815418e-15,4.899258776447368e-11
4.700000000000001,-3,-0.01673255629439275,-7.653599976009672e-15,-5.730560470595946e-11
4.9,-3,0.04692435822729569,-4.031497358170099e-15,1.273154914827046e-10
5.100000000000001,-3,0.1106386985480841,1.691702333772582e-14,3.411837479205814e-11
5.3,-3,0.1744830189161547,-2.879640970121499e-14,-8.27710122663916e-11
5.5,-3,0.2385134232634716,2.242650509742816e-14,-1.590089171443764e-10
5.700000000000001,-3,0.3027598928372482,1.938726956751679e-14,1.043581887572031e-10
5.9,-3,0.3672164577027728,-3.318179064848436e-14,-1.443467567696643e-11
6.100000000000001,-3,0.4318314075080381,-5.176414852314792e-14,3.552136362827695e-11
6.3,-3,0.4964978774392874,-4.225786387479502e-14,1.241869940216133e-10
6.5,-3,0.5610451976888368,-5.094535904248687e-14,-4.076006199227322e-11
6.699999999999999,-3,0.6252314027236356,5.530298441414061e-15,9.213990681544714e-11
6.900000000000002,-3,0.6887372699412545,6.679379271901098e-14,5.664124724802377e-11
7.100000000000001,-3,0.7511623559679183,6.213085601558532e-14,-9.466988304396295e-11
7.3,-3,0.8120238410788238,6.053491041768666e-14,6.957578957411669e-11
7.5,-3,0.8707595620218653,-3.045827479120077e-14,-1.077257727466474e-10
7.699999999999999,-3,0.926737143156893,4.95367635799937e-14,2.060240866796903e-12
7.900000000000002,-3,0.9792711352855392,1.056446596869875e-14,-6.158634713315791e-11
8.100000000000001,-3,1.027648986176145,2.741556981433745e-14,-9.737666228915031e-11
8.3,-3,1.071164447861716,1.314920394790419e-14,7.824235703779436e-11
8.5,-3,1.109154238794559,-9.423017921506016e-15,4.694244992720086e-12
8.699999999999999,-3,1.141031797934266,9.572204140440021e-15,5.5216303751493e-11
8.900000000000002,-3,1.166312051522503,-2.398775622580728e-14,-1.348701705872201e-11
9.100000000000001,-3,1.184623738520242,-1.281613704051665e-14,2.468632243068924e-11
9.3,-3,1.195710018148491,3.065603326746213e-14,1.52073145742726e-11
9.5,-3,1.199421906402312,7.91033905045424e-15,4.524158825347512e-15
-9.5,-2,1.199575573590672,-3.017031069418862e-14,-6.59541865566382e-15
-9.3,-2,1.195863572991779,-1.539463001520857e-13,-7.120415368433441e-12
-9.099999999999999,-2,1.1847769993023,7.59323159904568e-14,3.259209568895471e-11
-8.9,-2,1.166464751207714,2.535471832487701e-14,-2.853439706740346e-11
-8.699999999999999,-2,1.141183543336925,2.834885104441298e-14,2.104127982960335e-11
-8.5,-2,1.109304488864348,-7.108896804552955e-14,-5.418329673823052e-11
-8.3,-2,1.071312513811836,-9.332812300755222e-15,5.916708789577285e-11
-8.099999999999999,-2,1.027794050505655,-6.149941667032976e-14,3.128097780802363e-11
-7.9,-2,0.9794122859775145,5.398112512544628e-14,-9.72896208040197e-11
-7.7,-2,0.9268734169739867,3.070460552478948e-14,1.308463337679199e-10
-7.5,-2,0.8708899892325376,-1.366164126270774e-13,8.930556294473035e-11
-7.299999999999999,-2,0.8121474893162858,-7.424963421875929e-14,-1.226317936087184e-10
-7.099999999999999,-2,0.7512783643512666,-1.264266469291897e-13,-1.741146116174263e-11
-6.9,-2,0.6888448752080575,2.7748636721725e-14,-2.717825964282383e-11
-6.699999999999999,-2,0.6253299538692607,5.523359547510153e-15,7.764205944837954e-11
-6.5,-2,0.5611341609401892,4.599098879509711e-14,-1.396215365545572e-10
-6.299999999999999,-2,0.4965768325637784,1.597333376679444e-14,-5.950828718681577e-11
-6.099999999999999,-2,0.4319000372582992,3.71577768554232e-14,6.687284059836429e-11
-5.9,-2,0.3672745325101869,-3.679001547851612e-14,1.267286275918877e-10
-5.699999999999999,-2,0.3028072560344921,1.217081990745327e-14,1.548006167695348e-11
-5.5,-2,0.2385499717944267,-2.645106356169435e-14,-9.788281296607692e-11
-5.299999999999999,-2,0.1745086888246422,-2.617350780553806e-14,-4.599021163897987e-11
-5.099999999999999,-2,0.110653450152698,9.603429163007604e-14,-1.525254367251704e-10
-4.899999999999999,-2,0.04692816579860427,-1.774969060619469e-14,8.651179772556361e-11
-4.699999999999999,-2,-0.01673971190223369,2.411265631607761e-14,4.620970273094826e-11
-4.5,-2,-0.08042970935555722,2.808170362911255e-14,9.646117238304441e-11
-4.299999999999999,-2,-0.1442189578745735,-6.630113125183356e-15,-1.24457444350412e-10
-4.099999999999999,-2,-0.2081727727974588,-4.009292897677596e-14,1.060146415099438e-10
-3.899999999999999,-2,-0.2723350514524147,-4.689477972608102e-14,1.073063859990952e-11
-3.699999999999999,-2,-0.3367184632191694,-4.500176273292133e-14,1.533355664662394e-10
-3.5,-2,-0.4012945463359784,-3.502276593736475e-14,1.591548004498122e-10
-3.299999999999999,-2,-0.4659839858181767,2.67615790638942e-14,-1.107938185640478e-10
-3.099999999999999,-2,-0.5306474537836158,-3.954475635836729e-14,-1.285840878217925e-10
-2.899999999999999,-2,-0.5950774233570741,3.852820840144488e-14,6.739730995519721e-11
-2.699999999999999,-2,-0.6589913436594605,3.3507918661968e-14,1.170292751595525e-10
-2.5,-2,-0.7220266026269783,-6.122186091417347e-14,1.17388265774565e-10
-2.299999999999999,-2,-0.7837379140687404,2.410571742217371e-14,1.272553173947699e-10
-2.099999999999999,-2,-0.8435982396872999,2.632616347142402e-14,-1.350738410010876e-10
-1.899999999999999,-2,-0.9010049688008396,9.480610740908446e-14,5.3565429869451e-11
-1.699999999999999,-2,-0.9552933997316446,-7.357309206312834e-14,-1.221279188889923e-10
-1.5,-2,-1.005759058300111,1.012454009519103e-13,4.796413266561216e-11
-1.299999999999998,-2,-1.051688644965205,1.025984852631722e-13,-2.879491090013175e-11
-1.099999999999999,-2,-1.092396681348167,4.132805209167145e-14,-1.344407918324463e-11
-0.9000000000000003,-2,-1.127262221681436,-1.3582190927508e-13,3.357347733157212e-11
-0.6999999999999992,-2,-1.155758786205402,-9.325873406851314e-14,-6.181377631975237e-11
-0.5,-2,-1.17747206995267,3.856637231791637e-14,3.167882622889806e-13
-0.2999999999999989,-2,-1.192103817158702,-1.568745133795346e-13,-1.65259333995138e-11
-0.09999999999999964,-2,-1.199465011908443,6.157574450327274e-14,9.105272091858296e-12
0.1000000000000014,-2,-1.199465011918538,1.345173972211455e-13,-6.204300961876185e-12
0.3000000000000007,-2,-1.192103817121593,-7.067957330519902e-14,-4.820407961680928e-12
0.5,-2,-1.177472069920526,2.456368441983158e-14,1.941494187640557e-11
0.700000000000001,-2,-1.155758786140926,2.443878432956125e-14,-4.184855240119134e-11
0.9000000000000003,-2,-1.1272622215818,-8.258671524430383e-14,7.275577362797491e-11
1.100000000000001,-2,-1.092396681294676,6.294964549624637e-14,-7.196432338929525e-11
1.3,-2,-1.051688644963289,-1.395411564075743e-13,1.042048669575024e-10
1.5,-2,-1.00575905836671,-5.857814233678482e-14,-6.696293519681262e-11
1.700000000000001,-2,-0.9552933998652053,-1.115496583992126e-13,-4.745165371744519e-11
1.9,-2,-0.9010049688697883,-1.774275171229078e-14,1.958921913569611e-11
2.100000000000001,-2,-0.8435982399105019,-4.586608870482678e-14,-1.271355243304128e-11
2.3,-2,-0.7837379139363789,-3.202299536653185e-14,-2.321770553592728e-11
2.5,-2,-0.7220266025522843,-1.568883911673424e-14,9.226519548377609e-11
2.700000000000001,-2,-0.6589913435021072,-1.53176082928752e-14,-3.785316504689717e-11
2.9,-2,-0.5950774235312237,-3.568326190084292e-14,1.693128970359225e-11
3.100000000000001,-2,-0.5306474539150587,-8.350958813352349e-15,-5.174544126518299e-11
3.3,-2,-0.4659839857223726,-6.683889552938637e-15,-1.116051695504438e-11
3.5,-2,-0.4012945464609466,-1.411587860489227e-14,-2.53254084370269e-11
3.700000000000001,-2,-0.3367184632051363,-2.673512453088555e-14,6.993650103481741e-11
3.9,-2,-0.2723350513779494,-2.27751845160995e-14,1.100564084310917e-12
4.100000000000001,-2,-0.2081727727633482,9.8879238130678e-16,1.567996843476748e-10
4.3,-2,-0.1442189578755824,3.043745810948905e-14,5.853539875033675e-12
4.5,-2,-0.08042970943204215,1.466882171285988e-14,-1.427591378444503e-10
4.700000000000001,-2,-0.01673971184402806,-3.018418848199644e-14,-1.019230255749903e-10
4.9,-2,0.04692816585073073,-3.903127820947816e-14,9.067835371467936e-11
5.100000000000001,-2,0.1106534500448998,-1.8623991238087e-14,-6.818501319116876e-11
5.3,-2,0.1745086886336672,-9.228728892196613e-16,-1.431788021477586e-10
5.5,-2,0.2385499718093361,4.682365606356597e-14,-7.663270018554158e-11
5.700000000000001,-2,0.302807256128623,-9.950373858202965e-15,-5.604716690754685e-11
5.9,-2,0.3672745326226469,1.824929096727601e-15,-1.334238275418897e-10
6.100000000000001,-2,0.4319000371640497,2.383510055992132e-14,-1.076461142446305e-11
6.3,-2,0.4965768326967054,3.805983306293114e-14,-6.921047068786379e-11
6.5,-2,0.5611341609984932,1.831174101241117e-14,2.29335994639257e-11
6.699999999999999,-2,0.625329953984256,-5.898059818321144e-14,-1.248088854488571e-10
6.900000000000002,-2,0.6888448753692735,-9.103828801926283e-15,-6.674261143757576e-11
7.100000000000001,-2,0.75127836445035,1.437738816889577e-14,2.600580861766843e-11
7.3,-2,0.8121474893641312,3.14435977255556e-14,4.029110378667155e-12
7.5,-2,0.8708899894224798,4.915859386223075e-14,2.285793776479749e-11
7.699999999999999,-2,0.9268734170142745,-5.538625114098749e-14,9.950751334031338e-11
7.900000000000002,-2,0.9794122859763823,7.9058287694167e-14,1.176886366138774e-11
8.100000000000001,-2,1.027794050560183,-1.151856388048599e-15,8.18269341174016e-11
8.3,-2,1.07131251385637,-1.45626566361301e-13,-8.396028317037007e-11
8.5,-2,1.109304488884301,-1.31339383813156e-13,-6.24068019483559e-11
8.699999999999999,-2,1.141183543308162,8.843620280529762e-14,-6.894565474091507e-11
8.900000000000002,-2,1.166464751248369,-1.957496664761748e-13,3.388472835652578e-11
9.100000000000001,-2,1.184776999346356,-1.095165624853677e-13,-3.279577998061e-11
9.3,-2,1.195863572990836,6.462191892708801e-14,-1.766863738650315e-11
9.5,-2,1.199575573590754,9.699879788271914e-14,1.385003223219882e-14
-9.5,-1,1.199906300455814,-5.468542285669286e-14,7.268491364342821e-15
-9.3,-1,1.196190128336837,1.676089822488791e-14,7.44911771155543e-12
-9.099999999999999,-1,1.185091475335732,-5.038677808322233e-14,-2.615055394450394e-11
-8.9,-1,1.166760338828503,-4.002354003773689e-14,1.164887630800137e-11
-8.699999999999999,-1,1.141455051157112,1.011343786494478e-14,-2.12306838776044e-11
-8.5,-1,1.109548602301485,3.725145192312595e-14,-4.554528976186134e-11
-8.3,-1,1.071527788852013,1.57512891618694e-15,9.322317917614952e-11
-8.099999999999999,-1,1.027980690127015,1.748601263784621e-14,-1.486555323282345e-11
-7.9,-1,0.9795717780926338,-2.516042929556761e-14,7.678302438307582e-12
-7.7,-1,0.92700812112174,-1.81521464526213e-14,4.960226673844658e-11
-7.5,-1,0.8710027387371895,-2.686739719592878e-14,-8.593814548873979e-11
-7.299999999999999,-1,0.8122412572374057,3.055194985890352e-14,1.61927693476116e-11
-7.099999999999999,-1,0.7513560141648637,9.841433223911622e-14,7.482997554930648e-11
-6.9,-1,0.6889089992385294,5.732914143408152e-14,-8.097894577119291e-11
-6.699999999999999,-1,0.6253827869159938,1.126876369994533e-14,-1.554522621738385e-10
-6.5,-1,0.5611775546840731,3.823330541052882e-14,1.53083656861952e-11
-6.299999999999999,-1,0.4966122680954357,1.037989139085482e-13,1.076060907045928e-10
-6.099999999999999,-1,0.4319286633799256,-4.380523721536633e-14,-1.121136516957221e-10
-5.9,-1,0.3672972152111135,-1.006139616066548e-14,1.215693101741521e-10
-5.699999999999999,-1,0.3028246275244922,4.739264536368637e-15,1.729716370135747e-11
-5.5,-1,0.2385624758294211,-2.442490654175344e-15,6.631739601914432e-11
-5.299999999999999,-1,0.174516619384239,-1.037434027573169e-13,-1.506161861897226e-11
-5.099999999999999,-1,0.1106569799204155,1.591088372165927e-14,3.23274740310353e-12
-4.899999999999999,-1,0.04692736708596387,5.265926583675195e-14,1.572098007329714e-10
-4.699999999999999,-1,-0.01674485726833041,-7.261552470438914e-14,4.85435025510128e-11
-4.5,-1,-0.08043930384043943,9.447997939560082e-14,5.025113658518876e-11
-4.299999999999999,-1,-0.1442331928779858,7.943298796497799e-14,4.258582375626929e-11
-4.099999999999999,-1,-0.2081919376540369,-3.742492427072363e-14,-1.035159735707225e-10
-3.899999999999999,-1,-0.2723595513257475,5.731786573148767e-14,1.339639510433698e-11
-3.699999999999999,-1,-0.3367488422188261,-5.102840892889926e-14,-6.333777946565533e-11
-3.5,-1,-0.4013315178031862,7.518291544883481e-14,3.26503268865963e-11
-3.299999999999999,-1,-0.4660284667769085,-5.440092820663267e-15,9.11479780540958e-11
-3.099999999999999,-1,-0.5307006022738101,8.590697597732344e-14,1.300103913415284e-10
-2.899999999999999,-1,-0.5951406719450635,9.462569616758287e-14,-4.393385655276915e-11
-2.699999999999999,-1,-0.659066421649,-4.442279877281407e-14,1.319187536985566e-10
-2.5,-1,-0.7221155413541965,-7.475270402679257e-14,-9.006712042847198e-11
-2.299999999999999,-1,-0.7838430158697016,4.379829832146242e-14,1.126992943412119e-10
-2.099999999999999,-1,-0.8437220064250013,-4.536648834374545e-14,1.173039443358447e-11
-1.899999999999999,-1,-0.9011499721754009,8.981704269217516e-14,3.128913794725463e-11
-1.699999999999999,-1,-0.9554620905622115,1.698086116164176e-13,8.509065674289217e-11
-1.5,-1,-1.005953511752352,8.543166174490579e-14,-1.185721520968741e-10
-1.299999999999998,-1,-1.051910254704422,-7.646661082105765e-15,-1.404726335252348e-11
-1.099999999999999,-1,-1.092645829774727,-6.98885394001536e-14,4.333089442809523e-12
-0.9000000000000003,-1,-1.127537968395613,-7.634171073078732e-14,-7.345365982125429e-11
-0.6999999999999992,-1,-1.156058636845671,-4.592159985605803e-14,-6.094313942384133e-11
-0.5,-1,-1.177791891903394,2.262079412673756e-14,8.402889495329191e-12
-0.2999999999999989,-1,-1.192437956535858,-2.199629367538591e-14,-4.807626519109931e-12
-0.09999999999999964,-1,-1.19980663365564,4.996003610813204e-16,-3.472569454210372e-12
0.1000000000000014,-1,-1.199806633667506,5.184741524999481e-14,3.896508116163488e-12
0.3000000000000007,-1,-1.19243795653148,-3.383404667545164e-14,4.805739139968068e-12
0.5,-1,-1.17779189194079,-5.766220834146906e-14,-4.469141723362213e-11
0.700000000000001,-1,-1.156058636861677,1.579292252529285e-14,6.265973850894113e-11
0.9000000000000003,-1,-1.127537968326687,-3.871902798380233e-15,1.908909141867809e-11
1.100000000000001,-1,-1.092645829925451,-9.711675907908556e-14,-8.558731501295824e-11
1.3,-1,-1.05191025469001,-5.40539835114373e-14,-6.404876629062528e-11
1.5,-1,-1.005953511656765,-3.959332861569464e-14,9.876438555878053e-11
1.700000000000001,-1,-0.955462090470376,-7.056855100273651e-14,4.748351711825193e-11
1.9,-1,-0.9011499721563659,3.425038030968607e-14,-2.310129865179533e-11
2.100000000000001,-1,-0.8437220064414835,3.241851231905457e-14,-1.346627254150689e-10
2.3,-1,-0.7838430159042569,-1.08676956322995e-13,-8.952311114640565e-11
2.5,-1,-0.7221155412871181,3.361200207052661e-14,-9.772088693793534e-11
2.700000000000001,-1,-0.6590664217093109,-3.677613769070831e-15,-1.390382253774191e-11
2.9,-1,-0.5951406717346752,2.166322676799836e-14,-1.100721735980414e-10
3.100000000000001,-1,-0.5307006022360365,-7.075937058509396e-14,1.494392942724687e-10
3.3,-1,-0.4660284665922395,-2.357142259157285e-14,5.875139263977757e-11
3.5,-1,-0.4013315176577659,-1.315805103763167e-13,4.73104888598641e-11
3.700000000000001,-1,-0.3367488422849052,8.185617982048309e-14,-1.621913714444644e-11
3.9,-1,-0.272359551285194,7.134050294954619e-15,-1.021187578942317e-10
4.100000000000001,-1,-0.2081919376007996,1.132843818751894e-13,-1.577815655906533e-10
4.3,-1,-0.1442331928854829,5.316927453868913e-14,1.258859683161972e-10
4.5,-1,-0.08043930399187869,9.749145934989655e-14,5.996658725138104e-11
4.700000000000001,-1,-0.01674485728688031,5.038330863627038e-14,2.251054898039228e-11
4.9,-1,0.04692736708155685,7.543271562937548e-14,-5.583977724654687e-12
5.100000000000001,-1,0.1106569801430245,-8.673617379884035e-14,-4.30152580221943e-11
5.3,-1,0.1745166194562903,1.251637682386785e-13,-7.902412058058416e-11
5.5,-1,0.2385624760047692,-2.703393064962256e-14,-2.274691546233498e-11
5.700000000000001,-1,0.3028246273751513,1.458902443296494e-13,-9.59328172456253e-11
5.9,-1,0.3672972154784301,1.131733595727268e-14,-1.959155060404782e-11
6.100000000000001,-1,0.4319286635116595,-1.331573740159797e-14,1.609228306165277e-10
6.3,-1,0.4966122681276037,7.099876242477876e-14,5.634726019110303e-11
6.5,-1,0.5611775544812409,-5.925815393936773e-14,-1.184768949613612e-11
6.699999999999999,-1,0.6253827870235292,4.183459134665668e-14,9.388034794000077e-11
6.900000000000002,-1,0.6889089991960538,-3.344546861683284e-15,-8.257500239139403e-11
7.100000000000001,-1,0.7513560139803565,-1.520311654346073e-14,1.489744994032093e-10
7.3,-1,0.8122412572000532,4.021782906704629e-14,-5.508016265309834e-11
7.5,-1,0.8710027387480259,2.622901895676932e-15,3.138234117017191e-11
7.699999999999999,-1,0.9270081211446129,5.480685350001124e-14,9.945239076714074e-11
7.900000000000002,-1,0.9795717779963802,-6.731767920875597e-14,-1.113262260155067e-10
8.100000000000001,-1,1.027980689965508,-1.205285871108685e-14,-5.991301899044287e-11
8.3,-1,1.071527788839506,-1.85268467234323e-14,8.238171256280679e-11
8.5,-1,1.10954860245857,1.633762569674956e-14,1.484401490614573e-11
8.699999999999999,-1,1.141455051192647,-2.150710165516045e-14,-6.641537320106749e-11
8.900000000000002,-1,1.166760338832319,-2.004646448838798e-14,4.851480328582624e-11
9.100000000000001,-1,1.185091475396968,-5.901529265273097e-14,3.577792229148002e-11
9.3,-1,1.196190128351251,-3.454528330060213e-14,-8.27729551566847e-12
9.5,-1,1.199906300455953,7.917277944358147e-14,-1.595945597898662e-16
-9.5,0,1.199925912577597,7.667477763817487e-16,-1.467576060676378e-15
-9.3,0,1.196210234056997,-1.883909694910812e-15,1.704505286914681e-11
-9.099999999999999,0,1.185112935596072,4.059252933785728e-16,6.36879438076221e-13
-8.9,0,1.166783635331442,-3.920475055707584e-16,-7.559980419458156e-12
-8.699999999999999,0,1.14148016317322,-3.54230533794464e-15,2.114397545938118e-11
-8.5,0,1.109575026107668,3.694961003830599e-15,-5.915551382074113e-11
-8.3,0,1.071554674991543,7.091549569793187e-15,9.256401201085395e-11
-8.099999999999999,0,1.028007043682626,3.181482854941464e-15,-7.029121729118514e-11
-7.9,0,0.9795966558284821,-1.866562460151044e-15,-2.009648003564734e-11
-7.7,0,0.9270307762195627,3.448630270241892e-15,-1.555855444479448e-11
-7.5,0,0.8710226941782811,-3.268219028740304e-15,-8.400069528846643e-11
-7.299999999999999,0,0.8122583104642613,-4.059252933785728e-15,-1.395769611001185e-10
-7.099999999999999,0,0.7513701948850672,8.881784197001252e-16,1.207586253215708e-10
-6.9,0,0.6889205032654295,3.677613769070831e-16,-7.959671810553459e-11
-6.699999999999999,0,0.6253919073251632,-3.094746681142623e-15,1.717376241217039e-11
-6.5,0,0.5611846226136014,-1.693090112553363e-15,-2.98848723545575e-11
-6.299999999999999,0,0.4966176091893934,-5.710709682915649e-15,1.026705387374704e-10
-6.099999999999999,0,0.4319325707241944,-2.144118216307333e-15,2.285238664967437e-11
-5.9,0,0.3672999346292659,-2.27595720048157e-15,-3.220035349471572e-11
-5.699999999999999,0,0.3028263533505923,6.744604874597826e-15,-4.671463216254778e-11
-5.5,0,0.2385633521424157,3.50414142147315e-15,-6.527023366231787e-11
-5.299999999999999,0,0.1745167432320841,-4.975186929101482e-15,7.85551623749825e-11
-5.099999999999999,0,0.1106564062377549,-8.396061623727746e-16,-1.03446251564776e-10
-4.899999999999999,0,0.0469261107977109,-4.371503159461553e-16,-8.515710359091599e-11
-4.699999999999999,0,-0.01674681421105697,2.345346139520643e-15,-1.305023866748911e-10
-4.5,0,-0.08044201949131446,-7.0082828429463e-16,-1.230308077637687e-10
-4.299999999999999,0,-0.1442367613375383,1.748601263784621e-15,-1.315053621553374e-10
-4.099999999999999,0,-0.2081964931102752,6.827871601444712e-15,-5.902811572866539e-11
-3.899999999999999,0,-0.2723652705178814,2.732189474663471e-15,1.043412023449263e-10
-3.699999999999999,0,-0.3367559499786997,-3.332403797351446e-15,2.175193358766591e-11
-3.5,0,-0.4013402868100085,1.627170620466245e-15,8.50836068266858e-11
-3.299999999999999,0,-0.4660392177930552,1.686151218649456e-15,-7.122374912071904e-11
-3.099999999999999,0,-0.5307136971514189,-5.134781488891349e-16,-1.406222360778031e-10
-2.899999999999999,0,-0.5951564937793819,8.118505867571457e-16,1.49949219707679e-10
-2.699999999999999,0,-0.6590853461705117,-8.53483950180589e-16,8.082889912941482e-11
-2.5,0,-0.7221378888035101,-3.580469254416129e-15,1.763078572025733e-11
-2.299999999999999,0,-0.7838689902852807,3.122502256758252e-15,-7.235945176375935e-11
-2.099999999999999,0,-0.8437516223315986,1.373900992973631e-15,-1.932332072129838e-11
-1.899999999999999,0,-0.9011829872702017,8.326672684688674e-17,1.206238442463814e-10
-1.699999999999999,0,-0.9554979583858366,-9.575673587391975e-16,1.654876236045765e-11
-1.5,0,-1.005991380234888,2.511879593214416e-15,1.975769547968298e-11
-1.299999999999998,0,-1.051949033093634,-6.689093723366568e-15,4.676425913174853e-12
-1.099999999999999,0,-1.092684329470548,8.423817199343375e-15,4.529737696046254e-11
-0.9000000000000003,0,-1.127575106971465,5.370703881624194e-15,4.914510465248156e-11
-0.6999999999999992,0,-1.156093662155548,9.575673587391975e-16,1.23452637001975e-11
-0.5,0,-1.177824562337156,1.748601263784621e-15,-2.252277531145097e-11
-0.2999999999999989,0,-1.192468615449314,-1.207367539279857e-15,-8.890554958895791e-12
-0.09999999999999964,0,-1.199836137117412,1.706967900361178e-15,6.930761520251849e-12
0.1000000000000014,0,-1.199836137114066,4.024558464266192e-16,-6.875028324415666e-12
0.3000000000000007,0,-1.192468615464584,-1.90125692967058e-15,2.520816888562649e-11
0.5,0,-1.177824562296497,1.693090112553363e-15,-1.04299346936898e-11
0.700000000000001,0,-1.156093662160809,-1.484923295436146e-15,2.889077865830813e-11
0.9000000000000003,0,-1.127575106934361,-7.216449660063517e-16,1.65051583511655e-11
1.100000000000001,0,-1.092684329507925,5.60662627435704e-15,1.695643625510001e-12
1.3,0,-1.051949033103408,1.207367539279857e-15,9.455819460768566e-11
1.5,0,-1.005991380380105,-1.595945597898662e-15,8.147799102076192e-11
1.700000000000001,0,-0.9554979583648173,5.342948306008565e-15,-1.116025050151847e-10
1.9,0,-0.9011829871778016,-9.298117831235686e-16,1.273765537490589e-10
2.100000000000001,0,-0.8437516221794986,-1.665334536937734e-16,-1.791711223830816e-11
2.3,0,-0.7838689902527473,-2.914335439641035e-15,-1.468455357311881e-10
2.5,0,-0.7221378888760546,9.367506770274758e-16,1.029033525057343e-10
2.700000000000001,0,-0.6590853461159702,-2.629840789580839e-15,-1.604416599576552e-11
2.9,0,-0.5951564935891081,-2.248201624865942e-15,-1.557545759034439e-10
3.100000000000001,0,-0.5307136969340196,-3.903127820947816e-15,-1.303407382025056e-10
3.3,0,-0.4660392178073757,1.120631365481017e-15,-1.215713640867477e-10
3.5,0,-0.4013402867259575,3.13984949151802e-16,-5.28754817707977e-11
3.700000000000001,0,-0.3367559499836878,-1.406427058148196e-15,-7.773137689071063e-11
3.9,0,-0.2723652707927199,1.772887392448296e-15,9.617029395059262e-11
4.100000000000001,0,-0.2081964928869951,1.585537257042801e-15,-8.484202229652737e-11
4.3,0,-0.1442367614374901,-1.134509153288831e-15,1.130685545192022e-10
4.5,0,-0.08044201972949829,3.864963904476326e-15,1.138893424013076e-10
4.700000000000001,0,-0.01674681429232324,3.330669073875469e-15,6.977862732071571e-12
4.9,0,0.04692611094731713,-1.27675647831893e-15,4.191036406808734e-11
5.100000000000001,0,0.1106564062529927,-1.804112415015879e-16,1.489488532513405e-10
5.3,0,0.1745167430289222,-4.010680676458378e-15,-5.576117345640341e-11
5.5,0,0.2385633520906796,-1.096345236817342e-15,-8.81807959984826e-11
5.700000000000001,0,0.3028263531761963,-4.711508960753008e-15,-7.119105305264383e-11
5.9,0,0.3672999346403094,2.414735078559715e-15,-5.682254666794506e-11
6.100000000000001,0,0.4319325705961251,4.649058915617843e-16,1.204389921127813e-10
6.3,0,0.4966176092397138,-4.649058915617843e-16,-1.507965974312242e-11
6.5,0,0.5611846226407639,-6.245004513516505e-17,-1.408358984988922e-10
6.699999999999999,0,0.6253919074143735,2.685351940812097e-15,-5.139355607752804e-11
6.900000000000002,0,0.6889205031791627,-1.235123114895486e-15,-3.575340024042361e-11
7.100000000000001,0,0.7513701946551467,1.734723475976807e-16,-6.193323631720204e-12
7.3,0,0.8122583104009633,3.656797087359109e-15,-4.747779946967511e-11
7.5,0,0.8710226943074859,-2.262079412673756e-15,-2.880945482175434e-11
7.699999999999999,0,0.9270307763189917,6.522560269672794e-16,1.401218030494533e-11
7.900000000000002,0,0.979596655638268,3.056582764671134e-15,1.927746851038136e-11
8.100000000000001,0,1.028007043696967,-7.216449660063517e-16,2.772598817202265e-11
8.3,0,1.07155467490781,-1.547373340571311e-15,-6.181261058557652e-11
8.5,0,1.109575026053231,4.808653475407709e-15,-7.320388739628924e-11
8.699999999999999,0,1.141480163139244,-4.340278136893971e-15,-1.342703725981664e-11
8.900000000000002,0,1.166783635301574,1.602884491802569e-15,-1.599659293916033e-11
9.100000000000001,0,1.185112935575376,-7.112366251504909e-16,-2.300294676960135e-11
9.3,0,1.196210234031269,1.172673069760321e-15,-1.521805598203585e-11
9.5,0,1.199925912577599,-1.217775880135718e-15,-6.630113125183356e-15
-9.5,1,1.199906300455776,-1.106753577673202e-15,2.605554660917164e-15
-9.3,1,1.196190128363557,-5.207639874882374e-15,1.248915554308283e-11
-9.099999999999999,1,1.18509147536572,9.266892808668103e-15,-5.197911545629097e-12
-8.9,1,1.166760338829016,-4.010680676458378e-14,4.042108314727954e-11
-8.699999999999999,1,1.141455051104898,6.137451658005943e-15,1.186237219563679e-11
-8.5,1,1.109548602426741,-7.811806757018757e-14,-8.376599414106067e-11
-8.3,1,1.071527788993137,1.616762279610384e-15,9.914979948177915e-11
-8.099999999999999,1,1.027980689999274,6.630807014573747e-14,-2.690803135863006e-11
-7.9,1,0.9795717779548966,-1.83845993984022e-14,3.669420323149097e-11
-7.7,1,0.927008121075759,-8.023789965783123e-14,3.789935032472158e-11
-7.5,1,0.8710027388485999,1.180305853054619e-14,1.001340677042605e-10
-7.299999999999999,1,0.8122412571920705,1.059360932309516e-13,-5.56990009670244e-11
-7.099999999999999,1,0.7513560139545335,-2.184363800949995e-14,1.965672069559332e-11
-6.9,1,0.688908998967281,8.180955912706622e-15,-1.208531053009664e-10
-6.699999999999999,1,0.6253827870035386,9.697104230710351e-14,-9.804707046257021e-11
-6.5,1,0.561177554785997,-2.913641550250645e-14,7.776845833973311e-11
-6.299999999999999,1,0.496612268186463,-3.140543380908411e-14,8.290873543259635e-11
-6.099999999999999,1,0.4319286634690464,2.747108096556871e-14,1.490254586400396e-10
-5.9,1,0.3672972152714877,7.25808302348696e-14,-1.271776017830461e-10
-5.699999999999999,1,0.3028246273682174,-2.900457651833221e-15,-4.518030394251582e-11
-5.5,1,0.2385624759783367,6.765421556309547e-14,-7.593869977284839e-11
-5.299999999999999,1,0.1745166192041891,1.273980920757367e-14,1.569677721136031e-11
-5.099999999999999,1,0.1106569799292625,1.715294573045866e-14,-8.507083926190262e-12
-4.899999999999999,1,0.04692736698131996,-4.814898479921225e-14,-9.266942768704211e-11
-4.699999999999999,1,-0.01674485725318852,3.633898737476215e-14,-1.370621394158888e-10
-4.5,1,-0.08043930403751527,1.25656429705856e-13,9.505585207847389e-11
-4.299999999999999,1,-0.1442331929550317,4.064457104213659e-14,7.741596252941462e-11
-4.099999999999999,1,-0.2081919377889654,-2.240221896876448e-14,-7.02558011766996e-11
-3.899999999999999,1,-0.2723595512370372,-3.003933907175238e-14,-6.221922976834548e-11
-3.699999999999999,1,-0.3367488424016966,6.874633241144012e-14,6.664901963659986e-11
-3.5,1,-0.401331517672185,6.701930677088796e-14,1.902988877588995e-11
-3.299999999999999,1,-0.4660284665863407,6.531927776443069e-14,1.609373745381503e-10
-3.099999999999999,1,-0.5307006024495183,-7.257736078791765e-14,-5.663558511059818e-11
-2.899999999999999,1,-0.5951406717921357,5.828670879282071e-14,8.760164815768689e-11
-2.699999999999999,1,-0.6590664216313699,-8.416878305439468e-15,-7.032618931646084e-11
-2.5,1,-0.7221155411609048,-7.08461067588928e-15,2.142297450546948e-11
-2.299999999999999,1,-0.7838430158827232,-1.265654248072678e-14,4.377709306169208e-11
-2.099999999999999,1,-0.8437220064376318,-7.653599976009672e-14,-6.243988659448973e-11
-1.899999999999999,1,-0.9011499719349934,-1.033895191682177e-14,-4.095596084496833e-11
-1.699999999999999,1,-0.9554620905234316,-1.297018048518339e-13,-7.305056559658851e-11
-1.5,1,-1.005953511701516,1.157407503171725e-14,6.689415688043709e-11
-1.299999999999998,1,-1.05191025472917,4.353462035311395e-14,5.939693181744587e-13
-1.099999999999999,1,-1.092645829958674,-6.292188992063074e-14,1.793362680579946e-11
-0.9000000000000003,1,-1.127537968361432,1.140754157802348e-14,-3.070088627765699e-11
-0.6999999999999992,1,-1.156058636756237,-6.965261700742075e-14,5.392258861647292e-11
-0.5,1,-1.177791891918313,7.646661082105765e-15,1.590109988125476e-11
-0.2999999999999989,1,-1.192437956544502,-8.139322549283178e-14,-1.066735588750589e-11
-0.09999999999999964,1,-1.199806633666124,-3.845535001545386e-14,-4.124839358965459e-12
0.1000000000000014,1,-1.199806633667778,-1.250249903606004e-13,-1.283362305315449e-12
0.3000000000000007,1,-1.192437956528163,-2.195466031196247e-14,-2.647267127731112e-11
0.5,1,-1.177791891907565,6.657174811408594e-14,1.8091222964145e-11
0.700000000000001,1,-1.156058636854635,2.1316282072803e-14,-5.624972709838971e-12
0.9000000000000003,1,-1.127537968285409,-3.506916979034713e-14,-6.159386889414975e-11
1.100000000000001,1,-1.092645829906513,5.38596944821279e-14,3.569189388485938e-11
1.3,1,-1.05191025464838,-1.070948885129041e-13,-6.205946867510192e-11
1.5,1,-1.005953511777673,3.425038030968607e-14,6.963984944263756e-11
1.700000000000001,1,-0.9554620906202004,3.233524559220768e-15,1.025049489733476e-10
1.9,1,-0.9011499721480895,-7.827072323607353e-15,-1.24521060129723e-10
2.100000000000001,1,-0.8437220063899809,8.229528170033972e-14,1.12024334253391e-10
2.3,1,-0.7838430160213397,8.312794896880859e-15,-5.310418771387048e-11
2.5,1,-0.7221155413648296,-7.704947790898586e-14,-6.29408192232006e-11
2.700000000000001,1,-0.6590664217015054,-1.190644804971441e-13,1.337219779351528e-10
2.9,1,-0.5951406718020695,-3.867045572647498e-14,1.472416633063744e-11
3.100000000000001,1,-0.5307006023813944,3.896882816434299e-14,1.277856154224821e-10
3.3,1,-0.4660284667803843,2.452205105640814e-14,1.843430963432979e-11
3.5,1,-0.4013315177547798,1.717046643756603e-13,7.77492514814071e-11
3.700000000000001,1,-0.3367488424627055,1.1662036353971e-13,8.139600105039335e-11
3.9,1,-0.2723595513217328,-5.767174932058694e-14,-9.776401910244203e-11
4.100000000000001,1,-0.2081919377413187,5.874814523743054e-14,3.971911688438467e-11
4.3,1,-0.1442331928506918,-9.350853424905381e-14,-5.313594009237476e-11
4.5,1,-0.08043930383277161,-6.852157730108388e-14,-4.650235752023945e-11
4.700000000000001,1,-0.01674485708104224,3.05311331771918e-16,1.996169896045785e-11
4.9,1,0.04692736684238059,-1.186550857568136e-14,-4.109346196656815e-11
5.100000000000001,1,0.1106569800605458,2.354366701595722e-14,6.847122868691712e-11
5.3,1,0.1745166192103321,-2.589595204938177e-14,-7.904099597055847e-11
5.5,1,0.2385624760975296,-6.981221156721062e-14,1.173451336100583e-10
5.700000000000001,1,0.3028246275316641,-9.209299989265673e-14,1.231870161433334e-10
5.9,1,0.36729721532526,3.29319904679437e-14,-1.448858810704223e-10
6.100000000000001,1,0.4319286634685245,-8.971989817752046e-15,-7.731659756871067e-11
6.3,1,0.4966122680343138,1.460637166772471e-13,8.972322884659433e-12
6.5,1,0.5611775545514425,9.448691828950472e-14,1.237058233627408e-10
6.699999999999999,1,0.625382786967817,-1.416228245787465e-14,7.79774578241188e-11
6.900000000000002,1,0.6889089990602606,3.940597848028915e-14,-1.288811835031822e-10
7.100000000000001,1,0.7513560140565265,3.585326480148864e-14,5.197442476401192e-11
7.3,1,0.8122412572968771,1.412620020957433e-13,-6.263700669251193e-11
7.5,1,0.8710027388760275,5.391520563335916e-15,3.934119696680227e-11
7.699999999999999,1,0.9270081209919592,7.042977312465836e-16,-8.59440296707703e-12
7.900000000000002,1,0.9795717779121456,-1.345416833498092e-13,-3.176175988883756e-11
8.100000000000001,1,1.027980690108861,-3.049990815462422e-14,8.866074541202806e-11
8.3,1,1.071527788967203,3.049643870767226e-15,-3.144345894767752e-11
8.5,1,1.109548602373015,2.435551760271437e-14,-2.297048662391887e-11
8.699999999999999,1,1.141455051075311,-5.52960455202367e-14,-5.81559800316711e-11
8.900000000000002,1,1.166760338927327,-2.281508315604696e-14,-4.213512871942271e-11
9.100000000000001,1,1.185091475399902,-9.680103940645778e-14,1.616665135095729e-11
9.3,1,1.196190128342475,1.264613413987092e-14,-4.331368597121354e-12
9.5,1,1.199906300455814,-3.846575835630972e-14,-1.010996841799283e-14
-9.5,2,1.199575573590517,-2.817988897785284e-13,4.250072516143177e-15
-9.3,2,1.195863572993018,-3.559999517399603e-14,3.115556423960441e-12
-9.099999999999999,2,1.184776999334811,-1.548899897230171e-13,2.176592239777619e-11
-8.9,2,1.166464751199026,-4.357972316348934e-14,8.907596882323787e-12
-8.699999999999999,2,1.141183543295922,1.31485100585138e-13,2.958033817890282e-11
-8.5,2,1.109304488803165,-2.960826028797214e-14,-2.037384150277432e-11
-8.3,2,1.071312513736942,7.359390874484006e-14,5.263814384370846e-11
-8.099999999999999,2,1.027794050604068,1.717029296521843e-13,1.089028867085062e-10
-7.9,2,0.97941228597178,-1.078442890545261e-13,1.695182882954782e-11
-7.7,2,0.9268734168405503,7.165795734564994e-14,-9.543799084354986e-11
-7.5,2,0.8708899894204882,-4.39266678586847e-14,4.028560818269966e-11
-7.299999999999999,2,0.81214748957339,-2.627065232019276e-14,5.299100047650995e-11
-7.099999999999999,2,0.7512783644526062,-2.733230308749057e-14,1.33989430661785e-10
-6.9,2,0.688844875445127,-4.184153024056058e-14,-1.450601860852884e-10
-6.699999999999999,2,0.6253299538857118,-4.034272915731662e-14,-7.601713702953816e-11
-6.5,2,0.5611341610748356,4.561628852428611e-14,-1.142230199313587e-10
-6.299999999999999,2,0.4965768328481304,-5.585809592645318e-14,4.405797948692225e-11
-6.099999999999999,2,0.4319000371450486,1.251776460264864e-14,1.052791187561297e-10
-5.9,2,0.3672745326726493,-2.036565360796771e-14,-1.172761887602291e-10
-5.699999999999999,2,0.3028072561756975,3.304995166431012e-14,-7.697065207423747e-12
-5.5,2,0.2385499720733471,-1.942890293094023e-14,-3.023958861092523e-11
-5.299999999999999,2,0.1745086886954649,-1.650068970349138e-14,5.67865754419472e-11
-5.099999999999999,2,0.1106534500919344,3.262667913617178e-14,-4.524547403406131e-11
-4.899999999999999,2,0.04692816591894487,4.510281037539698e-15,-1.134685678749747e-10
-4.699999999999999,2,-0.01673971169163901,-1.057487430955461e-14,-9.492695518531491e-11
-4.5,2,-0.08042970932013864,-1.022792961435925e-14,1.076178035575026e-10
-4.299999999999999,2,-0.1442189579076924,6.358108484150193e-14,-4.36757296995438e-11
-4.099999999999999,2,-0.2081727725357244,1.015160178141627e-14,3.366096290591258e-11
-3.899999999999999,2,-0.2723350512135155,-2.917284469550196e-14,-2.876199278745161e-11
-3.699999999999999,2,-0.3367184632711844,4.385684523877664e-14,-1.093621859737936e-10
-3.5,2,-0.4012945463960037,3.847616669716558e-14,2.208866423103472e-11
-3.299999999999999,2,-0.4659839856682604,8.859232791813553e-15,9.064282657789135e-11
-3.099999999999999,2,-0.5306474538712001,4.215724991318836e-14,1.352441492130651e-10
-2.899999999999999,2,-0.5950774235018971,-4.446443213623751e-14,1.053557241448288e-11
-2.699999999999999,2,-0.6589913434246828,-1.245531455751347e-14,1.209663480494782e-10
-2.5,2,-0.7220266025803364,4.804490139065364e-14,-2.911526575388734e-11
-2.299999999999999,2,-0.7837379139604472,-1.378064329315975e-14,-1.328943066702947e-10
-2.099999999999999,2,-0.8435982396473109,-7.913808497406194e-14,-9.872158646118123e-11
-1.899999999999999,2,-0.9010049688088224,-2.988581604412843e-14,-1.159525253591198e-10
-1.699999999999999,2,-0.9552933997759678,7.557149350745362e-14,-5.993083806998811e-11
-1.5,2,-1.005759058423783,8.811007479181398e-14,-1.066546850836402e-11
-1.299999999999998,2,-1.051688644830584,4.163336342344337e-14,5.559436244695348e-11
-1.099999999999999,2,-1.092396681360148,1.908334601452565e-13,-7.434822202334601e-11
-0.9000000000000003,2,-1.127262221587893,3.216871213851391e-14,-2.923805642041088e-11
-0.6999999999999992,2,-1.155758786191267,-1.881966804617718e-13,2.27718122136622e-11
-0.5,2,-1.177472069939072,-2.509104035652853e-14,4.236569428606173e-12
-0.2999999999999989,2,-1.192103817148129,-3.75394160201381e-14,-1.942508653929309e-11
-0.09999999999999964,2,-1.199465011915226,-2.811639809863208e-14,2.11010375839038e-12
0.1000000000000014,2,-1.199465011906306,-2.79359868571305e-14,-6.832742704965255e-12
0.3000000000000007,2,-1.192103817120621,1.101618796184311e-13,1.510398750514951e-11
0.5,2,-1.177472069956795,-1.494637746901617e-14,-1.771090218927184e-11
0.700000000000001,2,-1.155758786178427,-4.297950884080137e-14,3.349875932201484e-11
0.9000000000000003,2,-1.127262221648865,-7.815970093361102e-14,5.476716302688089e-11
1.100000000000001,2,-1.092396681393706,6.228351168147128e-14,-4.352454507916547e-11
1.3,2,-1.051688644826792,-3.957945082788683e-14,1.920286152312655e-11
1.5,2,-1.005759058375107,-1.281613704051665e-13,-1.109596303727755e-10
1.700000000000001,2,-0.9552933997882087,-5.074413111927356e-14,-1.271328042840025e-10
1.9,2,-0.9010049686707749,-1.025568518997488e-13,-1.143096173272795e-10
2.100000000000001,2,-0.843598239918723,-7.371186994120648e-14,-1.172730246246089e-10
2.3,2,-0.7837379140670592,-1.005445726676157e-14,-1.228949719767058e-10
2.5,2,-0.7220266024549819,7.736866702856559e-15,5.31921173774208e-11
2.700000000000001,2,-0.6589913434779188,1.997707554934891e-14,1.368625213160612e-10
2.9,2,-0.5950774233462398,-1.091834955779802e-14,5.447775563993673e-11
3.100000000000001,2,-0.5306474539749133,5.438011152492094e-14,-1.56828050545954e-10
3.3,2,-0.465983985715691,1.94462501657e-14,-8.302292187067905e-11
3.5,2,-0.4012945465247737,-6.313959771686583e-15,3.438083151507953e-11
3.700000000000001,2,-0.3367184634412955,9.463783923191471e-15,-1.492515000478533e-10
3.9,2,-0.272335051422181,1.203204202937513e-14,6.882883152314889e-11
4.100000000000001,2,-0.2081727725450059,-8.104628079763642e-15,4.019151678136267e-11
4.3,2,-0.1442189578770813,-9.648531973383001e-15,8.570821830033992e-11
4.5,2,-0.08042970919468213,-2.492450690283476e-14,-8.362310843779141e-12
4.700000000000001,2,-0.01673971192116426,4.365258154948037e-14,7.080269703862995e-11
4.9,2,0.04692816598809943,5.123679258645097e-14,-5.124423108071596e-11
5.100000000000001,2,0.1106534502475383,-2.289834988289385e-14,7.379352684466766e-11
5.3,2,0.174508688819915,-3.207156762385921e-14,5.379696688123658e-12
5.5,2,0.2385499719436691,8.974071485923218e-14,-1.385419556854117e-10
5.700000000000001,2,0.3028072562192389,-2.090688733247247e-14,1.092522738943557e-10
5.9,2,0.3672745324864492,4.148764665146131e-14,-2.229316731217068e-11
6.100000000000001,2,0.4319000372382803,-9.922618282587336e-16,1.078439559876187e-10
6.3,2,0.496576832579663,-5.127842594987441e-14,-6.417333331398822e-11
6.5,2,0.5611341610369222,-1.381533776267929e-14,1.418882789039344e-10
6.699999999999999,2,0.6253299538416201,-9.316158955385844e-14,1.925681836212334e-12
6.900000000000002,2,0.6888448753725002,1.39194211712379e-14,-9.162437475396245e-11
7.100000000000001,2,0.7512783644762541,-7.861766793126889e-15,4.302902478769965e-11
7.3,2,0.8121474895753735,2.561145739932158e-14,-4.037115086674703e-11
7.5,2,0.8708899891833694,3.532937831174365e-14,1.661004667141696e-12
7.699999999999999,2,0.9268734170477799,-9.825473767932635e-15,4.39273617480751e-11
7.900000000000002,2,0.9794122857990704,-5.29923327441395e-14,-6.730171975277698e-11
8.100000000000001,2,1.027794050485758,2.411265631607761e-15,-1.799416171621715e-11
8.3,2,1.071312513836306,1.384656278524687e-14,-5.687253445962881e-11
8.5,2,1.109304488822163,6.375108774214766e-14,3.098810097412751e-11
8.699999999999999,2,1.141183543265115,4.765285388508289e-14,9.683420731931846e-12
8.900000000000002,2,1.166464751198967,1.753354406108798e-13,3.325353881145076e-11
9.100000000000001,2,1.184776999354453,-4.098457684342804e-14,-2.618091854422743e-11
9.3,2,1.19586357301028,-6.039960198656046e-14,2.818488498146365e-12
9.5,2,1.19957557359067,-7.923869893566859e-14,8.326672684688674e-16
-9.5,3,1.199421906402321,-9.075379336920264e-14,-4.100886297209172e-15
-9.3,3,1.195710018118014,-6.630113125183356e-15,1.68141681133882e-11
-9.099999999999999,3,1.184623738513866,1.72396819042575e-14,-3.677376458899317e-11
-8.9,3,1.166312051562095,3.07184833125973e-14,2.453634517785019e-11
-8.699999999999999,3,1.141031797892584,-3.562775074961166e-14,-6.197234392324446e-11
-8.5,3,1.109154238774949,-3.498937251045219e-14,-3.301903195307431e-11
-8.3,3,1.071164447934176,3.355649091929535e-14,-4.896832939138562e-12
-8.099999999999999,3,1.027648986303925,5.492134524942571e-15,-1.529787407861249e-11
-7.9,3,0.9792711353373011,1.858235787466355e-14,-1.144678796194398e-10
-7.7,3,0.9267371431635291,-1.925543058334255e-15,-4.113870355482163e-11
-7.5,3,0.8707595618947812,-3.036113027654607e-14,2.906064278107578e-11
-7.299999999999999,3,0.812023841076924,-2.924049891106506e-14,1.215880174321171e-10
-7.099999999999999,3,0.7511623560166356,-4.774652895278563e-14,5.427469584873279e-11
-6.9,3,0.6887372698920716,3.261280134836397e-15,6.511047256907431e-11
-6.699999999999999,3,0.6252314027830147,4.352768145921004e-14,2.897748707653136e-11
-6.5,3,0.5610451975352366,-5.498379529456087e-14,6.932854290653267e-11
-6.299999999999999,3,0.4964978774291627,2.636085794094356e-14,1.431515461725041e-10
-6.099999999999999,3,0.4318314076405845,-3.268219028740304e-15,-1.076435607316739e-10
-5.9,3,0.3672164575998678,1.73749903353837e-14,-1.179245590066102e-10
-5.699999999999999,3,0.3027598931284905,2.650657471292561e-14,-1.246652781006218e-10
-5.5,3,0.2385134233497438,-3.885086696797657e-14,-1.53043577810763e-10
-5.299999999999999,3,0.1744830187575485,-4.343053694455534e-14,-1.737165966630982e-11
-5.099999999999999,3,0.1106386985026694,-5.620504062164855e-15,-6.84754475344107e-11
-4.899999999999999,3,0.04692435825968438,-1.124100812432971e-15,8.189982025896824e-11
-4.699999999999999,3,-0.01673255632952898,-4.996003610813204e-16,3.134803527871099e-11
-4.5,3,-0.08041157557774768,-3.620714839058791e-14,1.144589978352428e-10
-4.299999999999999,3,-0.1441898346886724,1.978625596699146e-14,-8.983280785912484e-11
-4.099999999999999,3,-0.2081326582028467,-4.437075706853477e-14,-5.698852501012652e-11
-3.899999999999999,3,-0.2722839624071403,-5.005371117583479e-14,-1.410561667469778e-10
-3.699999999999999,3,-0.3366564465578325,2.589508468764378e-14,1.190264553585507e-10
-3.5,3,-0.4012216942919866,1.086262156613226e-14,1.200953780866598e-10
-3.299999999999999,3,-0.4659004529923847,2.137396162837923e-14,1.532440840890103e-10
-3.099999999999999,3,-0.5305534755098447,-3.171074514085603e-15,2.691907807772508e-11
-2.899999999999999,3,-0.5949733315694947,-7.377952415676958e-14,-2.913780328128723e-13
-2.699999999999999,3,-0.658877582057864,-1.043123920574373e-13,-1.49151802020242e-11
-2.5,3,-0.7219037355979631,-1.477290512141848e-14,7.14058812079088e-11
-2.299999999999999,3,-0.7836066284825962,3.042358032168124e-14,-1.309109487479531e-10
-2.099999999999999,3,-0.8434593382271962,-5.464378949326942e-14,3.76053077566496e-11
-1.899999999999999,3,-0.9008593506846129,-5.690586890594318e-14,9.272382861524874e-11
-1.699999999999999,3,-0.9551420332859749,4.103661854770734e-14,4.806616216157522e-11
-1.5,3,-1.005602939992304,-7.341349750333847e-14,1.160460061377932e-10
-1.299999999999998,3,-1.051528754405489,-4.093947403305264e-16,-7.415457137227576e-11
-1.099999999999999,3,-1.092233933435323,2.17950657521726e-14,5.594999463731653e-11
-0.9000000000000003,3,-1.127097423964038,-1.906808044793706e-14,-6.053141321515909e-11
-0.6999999999999992,3,-1.155592608180583,-2.529226827974184e-14,-5.91915128023146e-11
-0.5,3,-1.177305031116468,9.631184738623233e-15,-4.017651489274243e-11
-0.2999999999999989,3,-1.19193629650861,-5.810629755131913e-14,-1.698388651938387e-11
-0.09999999999999964,3,-1.199297280068516,1.299654828201823e-14,-3.108902024706594e-13
0.1000000000000014,3,-1.199297280071297,-7.0082828429463e-16,-4.814801335406571e-12
0.3000000000000007,3,-1.191936296506659,1.567496132892642e-14,1.200027577308304e-11
0.5,3,-1.177305031142966,-2.056688153118102e-14,-3.964027717184848e-11
0.700000000000001,3,-1.155592608173162,6.078471059822732e-15,3.202738074747912e-11
0.9000000000000003,3,-1.127097423948787,-3.046174423815273e-15,-7.886141739632535e-11
1.100000000000001,3,-1.092233933503004,3.020500516370816e-14,-1.110203595722225e-11
1.3,3,-1.051528754494201,-3.004541060391829e-14,-8.649503335789177e-11
1.5,3,-1.005602940016648,-3.760880495917717e-15,-3.046590757449507e-11
1.700000000000001,3,-0.9551420332871662,8.528594497292374e-14,8.91062224006589e-11
1.9,3,-0.9008593507428928,1.255939796607208e-14,1.221638901149901e-10
2.100000000000001,3,-0.8434593380926196,9.506284648352902e-15,-4.99271179954519e-11
2.3,3,-0.783606628521758,-1.278838146490102e-14,9.028688907619653e-11
2.5,3,-0.7219037354789603,-5.313804951612155e-14,6.651401651680544e-12
2.700000000000001,3,-0.6588775818896011,6.685971221109809e-14,-1.461200049845956e-10
2.9,3,-0.5949733316214058,4.740999259844613e-14,9.834683067921901e-11
3.100000000000001,3,-0.5305534755011945,2.011411870395107e-14,3.454408981085066e-11
3.3,3,-0.465900452906873,2.438327317833e-14,1.44675771363012e-10
3.5,3,-0.4012216941202808,-1.894751716635667e-15,-1.027722351665261e-10
3.700000000000001,3,-0.3366564465032745,4.295522271213769e-14,7.118683420515026e-11
3.9,3,-0.2722839622667834,-7.181755190543981e-15,-9.774947518081944e-11
4.100000000000001,3,-0.2081326583269967,-6.369904603786835e-15,-9.913891929613782e-11
4.3,3,-0.1441898346271345,-8.125444761475364e-15,-1.296386331617327e-10
4.5,3,-0.08041157551231147,8.187894806610529e-16,-1.557589612843912e-10
4.700000000000001,3,-0.01673255635844957,-4.98212582300539e-15,9.660050537263487e-12
4.9,3,0.04692435838044473,6.522560269672794e-16,5.562550420279421e-11
5.100000000000001,3,0.1106386984951859,-2.190608805463512e-14,4.464073555254799e-11
5.3,3,0.1744830189725548,9.471590178833366e-15,-1.278335215459947e-10
5.5,3,0.2385134233364941,2.782496455466798e-15,-1.447537645304919e-10
5.700000000000001,3,0.3027598930606003,9.166278847061448e-15,-7.843725668976731e-12
5.9,3,0.3672164576011749,-1.588312814604364e-14,8.857581335064423e-11
6.100000000000001,3,0.4318314076969815,1.877664690397296e-14,8.394240857967361e-11
6.3,3,0.4964978774373596,3.622102617839573e-15,5.787498258413847e-11
6.5,3,0.5610451974915748,3.704675455296069e-14,7.914613409099047e-11
6.699999999999999,3,0.6252314027511571,-5.768996391708469e-14,3.943545490159294e-11
6.900000000000002,3,0.6887372700020438,-1.821806594470842e-14,-1.265756388590944e-10
7.100000000000001,3,0.7511623559988608,-3.970782036510911e-14,1.496761603547724e-10
7.3,3,0.812023841140103,1.547026395876116e-14,-7.013611913464501e-11
7.5,3,0.8707595618623839,-5.655545476379586e-14,5.523720369993157e-11
7.699999999999999,3,0.9267371432386886,-2.43902120722339e-15,4.774719508660041e-11
7.900000000000002,3,0.9792711352503198,1.731947918415244e-14,-1.671363047961449e-11
8.100000000000001,3,1.027648986314381,8.569533971325427e-16,-8.742606638634242e-11
8.3,3,1.071164447960211,-5.068168107413839e-14,-6.1867816425476e-11
8.5,3,1.109154238797996,-1.120284420785822e-14,4.183317581230028e-11
8.699999999999999,3,1.141031797920218,-2.797762022055394e-14,4.193334568469708e-11
8.900000000000002,3,1.166312051505126,1.294103713078698e-15,-1.503797086854774e-13
9.100000000000001,3,1.184623738537331,-7.232756060737699e-14,1.651345726827457e-12
9.3,3,1.195710018121539,-1.991809495116569e-14,3.254577163325223e-12
9.5,3,1.199421906402269,-8.326672684688674e-16,8.725659084163339e-15
-9.5,4,1.199468929134423,-8.115036420619503e-15,1.353084311261909e-16
-9.3,4,1.195752350501285,-4.298644773470528e-15,-1.124592086121367e-11
-9.099999999999999,4,1.184652448816681,-9.249545573908335e-15,3.229172484964237e-11
-8.9,4,1.166319756026684,-8.031769693772616e-15,4.996836278081673e-11
-8.699999999999999,4,1.141013381875167,3.333444631437032e-14,-4.095207506438214e-11
-8.5,4,1.109107200658285,8.584452593218827e-14,-2.278555122359193e-11
-8.3,4,1.0710888602427,-3.247055402333387e-14,7.053652106847607e-11
-8.099999999999999,4,1.027547142535167,1.21465337787896e-14,5.448030915289336e-11
-7.9,4,0.9791470017729638,-2.592023817804545e-14,-1.333255728042104e-11
-7.7,4,0.9265957414937735,7.602599105815954e-14,-1.045949438172044e-10
-7.5,4,0.870606381879,-2.667310816661938e-14,-7.223693865299196e-11
-7.299999999999999,4,0.8118643570858774,3.404568293952081e-14,-6.456696288736907e-11
-7.099999999999999,4,0.7510016721045719,2.873049020912787e-14,1.429167340027959e-10
-6.9,4,0.6885798999520416,-5.537237335317968e-15,-6.106232186553484e-11
-6.699999999999999,4,0.6250811633946555,4.541506060107281e-14,2.830069512071986e-12
-6.5,4,0.5609051922277015,3.518019209280964e-15,-1.460063736580252e-10
-6.299999999999999,4,0.496370539275342,8.017891905964802e-14,5.259020996462027e-11
-6.099999999999999,4,0.4317185807099321,2.352978922814941e-14,-4.141686993364146e-12
-5.9,4,0.3671194921049217,6.081940506774685e-15,-8.309519738958215e-11
-5.699999999999999,4,0.3026797422563691,7.438147320293353e-14,-1.038072960923841e-10
-5.5,4,0.2384507341382074,-6.029898802495381e-15,1.324464982133122e-10
-5.299999999999999,4,0.1744382082709101,1.471045507628332e-15,5.358791188569966e-11
-5.099999999999999,4,0.1106120144865947,1.638272850712496e-14,-9.252565380535315e-11
-4.899999999999999,4,0.04691592466136947,-5.551115123125782e-15,-7.305012150737866e-11
-4.699999999999999,4,-0.01672271307281308,5.738465258531277e-15,1.179937259010444e-10
-4.5,4,-0.08038351442303307,-5.148659276699163e-15,1.55995105721729e-10
-4.299999999999999,4,-0.1441437058529947,-3.832004158432766e-14,-1.353293033190539e-10
-4.099999999999999,4,-0.20806872370929,-8.940764795184463e-15,1.487736600580547e-10
-3.899999999999999,4,-0.2722026324517653,7.762887554996211e-15,5.836364724842724e-11
-3.699999999999999,4,-0.3365583324402859,-5.403143210624961e-14,-7.372846777542463e-11
-3.5,4,-0.4011076734601241,7.165708998391195e-14,-1.458708709378697e-10
-3.299999999999999,4,-0.4657717463602029,-9.375464814220801e-14,-2.459998871273683e-11
-3.099999999999999,4,-0.5304117322470245,6.766484074438583e-14,1.770328328376535e-11
-2.899999999999999,4,-0.5948207130988083,5.229757599201079e-14,-2.455924352773308e-11
-2.699999999999999,4,-0.6587168338974622,6.770278782042282e-14,-3.549466276453472e-11
-2.5,4,-0.7217382338506426,-3.434232065391285e-14,6.015415943139146e-11
-2.299999999999999,4,-0.7834403770673754,4.837796829804119e-14,6.450640022137577e-11
-2.099999999999999,4,-0.843296900538748,6.463232726794387e-14,7.181527594823933e-11
-1.899999999999999,4,-0.9007056884447358,-8.005748841632964e-14,8.289197106492451e-11
-1.699999999999999,4,-0.9550022390030831,5.568809302580746e-14,1.120686876632248e-10
-1.5,4,-1.005481855291049,-9.081971286128975e-14,-6.970068966438702e-11
-1.299999999999998,4,-1.051430488360542,-4.465872116554692e-14,-8.975892251683603e-11
-1.099999999999999,4,-1.092161323001267,-6.853545508889169e-14,3.329286846209811e-11
-0.9000000000000003,4,-1.127051507885068,6.829259380225494e-14,-1.701416785238052e-13
-0.6999999999999992,4,-1.155572217671478,-5.988265439071938e-14,1.866976018227717e-11
-0.5,4,-1.177306605327881,-7.224082443357815e-14,3.651087765454974e-11
-0.2999999999999989,4,-1.191954017925642,-3.172462292866384e-14,-1.277233874219518e-11
-0.09999999999999964,4,-1.199323562103082,-7.126244039312723e-14,8.833822562337445e-12
0.1000000000000014,4,-1.199323562103741,-3.652633751016765e-14,-4.188122071369093e-12
0.3000000000000007,4,-1.191954017947707,4.1286418728248e-14,1.924013726117834e-11
0.5,4,-1.177306605325408,3.714389906761539e-14,-1.522458548119942e-11
0.700000000000001,4,-1.155572217603649,-6.626643678231403e-15,-6.146944064866488e-11
0.9000000000000003,4,-1.127051507985459,-6.693257059708912e-14,-3.356523392561428e-11
1.100000000000001,4,-1.092161323013658,3.758104938356154e-14,7.336253826650818e-11
1.3,4,-1.051430488405627,3.83096332434718e-14,-4.365052763688481e-11
1.5,4,-1.005481855357045,-1.058146625876332e-13,-1.045891706574764e-10
1.700000000000001,4,-0.955002239080253,2.013667010913877e-14,-6.550648912195811e-11
1.9,4,-0.9007056884908507,1.997707554934891e-14,1.297921770060384e-10
2.100000000000001,4,-0.8432969003894867,-8.835640552540269e-14,-5.83388892749781e-11
2.3,4,-0.7834403771714206,7.087733178146038e-14,-3.240963053485757e-11
2.5,4,-0.7217382336211055,-1.063472226947581e-13,1.334924948359628e-10
2.700000000000001,4,-0.6587168341925249,8.804762474667882e-14,-6.064831969965212e-11
2.9,4,-0.594820713185969,6.739313967996096e-14,1.206280630938749e-10
3.100000000000001,4,-0.5304117321811852,-3.21017084442543e-14,-5.559819271638843e-11
3.3,4,-0.4657717461717387,6.63434151365605e-14,1.397476023790034e-10
3.5,4,-0.4011076733849839,-1.107620939411191e-15,-9.188882987842816e-11
3.700000000000001,4,-0.3365583327301338,-4.574812750846035e-14,1.323998688462779e-10
3.9,4,-0.2722026326305649,-4.400819986205561e-14,1.550358730284529e-10
4.100000000000001,4,-0.2080687235420691,1.021752127350339e-14,8.643608051528417e-11
4.3,4,-0.14414370591142,-2.108035968007016e-14,7.845701865960563e-11
4.5,4,-0.08038351449408461,-1.969951979319262e-14,-7.612532826328788e-11
4.700000000000001,4,-0.01672271327014536,-7.945033519973776e-15,-1.540939598143609e-10
4.9,4,0.04691592466122808,8.416878305439468e-15,-1.538666971612201e-10
5.100000000000001,4,0.1106120143515048,2.490369022112304e-14,2.028499590522869e-11
5.3,4,0.1744382082930884,-1.394717674685352e-15,-4.75841588354342e-12
5.5,4,0.2384507341096869,-1.374594882364021e-14,7.804756840812388e-12
5.700000000000001,4,0.3026797422299996,-3.049296926072031e-14,3.77061715184368e-11
5.9,4,0.3671194921399481,7.566516857515637e-14,1.264728322070141e-10
6.100000000000001,4,0.4317185808248152,-6.549275011202837e-14,6.769629301572877e-11
6.3,4,0.496370539290213,7.198755480608554e-14,-1.406659233538221e-10
6.5,4,0.560905191959689,2.144118216307333e-15,-6.004463593001219e-11
6.699999999999999,4,0.6250811632997943,-6.740094593560286e-14,3.01104141620101e-11
6.900000000000002,4,0.6885799000257379,5.962591531627481e-14,3.651395852344308e-11
7.100000000000001,4,0.7510016722210803,-1.019323514483971e-13,9.161921221689794e-11
7.3,4,0.8118643569089539,2.819966482547897e-14,-9.169853765200741e-11
7.5,4,0.8706063817158368,2.848415947553917e-15,-3.39804850923997e-11
7.699999999999999,4,0.9265957414754393,4.264297248646187e-14,1.511968328316015e-11
7.900000000000002,4,0.9791470017215201,-5.436623373711313e-15,6.420991516264962e-11
8.100000000000001,4,1.027547142558391,6.315087341945968e-14,-3.016786820353445e-11
8.3,4,1.071088860344529,-7.645967192715374e-14,-7.243286526126269e-11
8.5,4,1.109107200827114,7.836786775072823e-14,5.031275396305545e-11
8.699999999999999,4,1.141013381797907,-1.471045507628332e-14,-3.778014012745245e-11
8.900000000000002,4,1.166319756003133,-4.302461165117677e-14,2.991251690787066e-11
9.100000000000001,4,1.184652448803781,2.332162241103219e-14,-6.350892034490129e-12
9.3,4,1.195752350465227,-6.481967740334937e-14,1.259893578353654e-11
9.5,4,1.199468929134509,-1.749295153175012e-14,-2.47718512369488e-15
-9.5,5,1.199134798316717,9.035133752277602e-14,6.189493362285247e-15
-9.3,5,1.195418552732127,7.170999904992925e-14,-1.60835511575641e-11
-9.099999999999999,5,1.184319531691665,8.588962874256367e-14,3.68805541661743e-11
-8.9,5,1.165988317133755,1.962839613067757e-13,-6.916855976868419e-12
-8.699999999999999,5,1.140684127554859,-9.366812880884367e-14,-4.355021898660993e-11
-8.5,5,1.108781023958026,2.055057513050684e-13,2.167868662361627e-11
-8.3,5,1.070766916295983,-2.138879351409883e-13,-8.793490935410375e-11
-8.099999999999999,5,1.027230896505981,-1.819447370543514e-13,-3.396782854991897e-11
-7.9,5,0.9788382255394165,-9.737696760048208e-14,3.239791768194777e-11
-7.7,5,0.9262964555883903,-1.937061622214741e-13,8.866191114620392e-11
-7.5,5,0.8703187545951793,5.253436574648162e-14,2.882050154084936e-11
-7.299999999999999,5,0.811590581490617,1.12337222857306e-13,2.86072832089701e-11
-7.099999999999999,5,0.7507438491631998,-2.281855260299892e-14,-9.444944826242363e-12
-6.9,5,0.6883399415244052,-8.273590146323783e-14,8.937850459744822e-12
-6.699999999999999,5,0.6248607296103653,-5.311723283440983e-14,1.107577918268987e-10
-6.5,5,0.5607056620211179,9.145462165349727e-15,-8.527195616281346e-11
-6.299999999999999,5,0.4961930116351774,4.25805224413267e-14,-7.036177196440007e-11
-6.099999999999999,5,0.4315638955257045,-6.821626596931196e-14,9.303202652688469e-11
-5.9,5,0.3669882672308056,-4.996003610813204e-15,-1.281066364100524e-10
-5.699999999999999,5,0.3025724138932659,1.268082860939046e-14,-1.355567880167996e-10
-5.5,5,0.2383675996178667,-2.121566811119635e-14,-3.984446106386485e-11
-5.299999999999999,5,0.1743794629027279,2.167363510885422e-14,5.050360130098852e-11
-5.099999999999999,5,0.1105777840094405,4.093947403305264e-16,2.762079454043942e-11
-4.899999999999999,5,0.04690628746763979,4.649058915617843e-16,-3.050204533394662e-11
-4.699999999999999,5,-0.01670770910811855,-1.090794121694216e-14,-1.17631904217319e-10
-4.5,5,-0.08034384781601147,3.257810687884443e-15,1.134120575230213e-10
-4.299999999999999,5,-0.1440793834391305,1.856154119295183e-15,-9.476319728918269e-11
-4.099999999999999,5,-0.2079797924525335,-3.876760024112968e-14,2.125655207407817e-11
-3.899999999999999,5,-0.2720891999620688,1.001802807376606e-14,-9.752365581761068e-11
-3.699999999999999,5,-0.3364205941558224,7.967758397509072e-14,-6.235045812985617e-11
-3.5,5,-0.4009459476722612,3.39268543814164e-14,-1.035186381059816e-10
-3.299999999999999,5,-0.4655865126781502,9.349639118472197e-14,-7.627343201477287e-12
-3.099999999999999,5,-0.5302036707224917,1.140233740759555e-13,2.23869811577515e-11
-2.899999999999999,5,-0.5945907402737173,5.454729549991821e-14,1.859790099700831e-11
-2.699999999999999,5,-0.6584661270854376,2.16753698323302e-15,2.503802720710268e-11
-2.5,5,-0.7214682381945658,-9.291612618200773e-14,1.426305185070475e-10
-2.299999999999999,5,-0.7831527911113849,7.517250710797895e-14,1.172240082780717e-11
-2.099999999999999,5,-0.8429936275890767,5.844977279956253e-14,-1.240182401218703e-10
-1.899999999999999,5,-0.9003887668924996,7.413861191629678e-14,5.180578188657136e-11
-1.699999999999999,5,-0.9546737439236614,-1.889530198972977e-13,1.242395075706781e-10
-1.5,5,-1.005143796837422,2.890396255672556e-14,2.612743355001612e-12
-1.299999999999998,5,-1.051084718600228,-1.486796796790201e-13,-1.780292580022546e-11
-1.099999999999999,5,-1.091809473229582,1.406166849626799e-14,-4.437381018185249e-11
-0.9000000000000003,5,-1.126694966571951,-3.744921039938731e-14,3.800010306420631e-11
-0.6999999999999992,5,-1.155212151500484,-9.445569326693714e-14,2.655123343409115e-11
-0.5,5,-1.176944010930419,-8.286774044741207e-14,-2.178000835240112e-11
-0.2999999999999989,5,-1.191589782975514,8.493206138382447e-15,1.152154760486467e-11
-0.09999999999999964,5,-1.198958517624471,2.362866846628008e-13,3.647859792010876e-12
0.1000000000000014,5,-1.198958517628712,3.719247132494274e-14,-4.739916792395604e-12
0.3000000000000007,5,-1.191589782981781,-9.841086279216426e-14,9.123729549642689e-12
0.5,5,-1.176944010934672,-1.004023253425856e-13,4.264315289770337e-11
0.700000000000001,5,-1.155212151501911,-1.777362979016317e-13,1.63831448407592e-11
0.9000000000000003,5,-1.126694966431831,7.425310366571125e-14,6.387673723295961e-11
1.100000000000001,5,-1.091809473248759,-1.109355662887168e-13,5.537398317656538e-11
1.3,5,-1.051084718748555,-1.477984401532239e-14,-5.959882587447396e-11
1.5,5,-1.005143796684553,5.426561977550648e-14,9.67172453236742e-11
1.700000000000001,5,-0.954673743914431,2.610411886649899e-14,3.600636455658445e-11
1.9,5,-0.9003887668024382,-6.135890406877564e-14,-1.27034271990567e-10
2.100000000000001,5,-0.8429936277574257,9.156564395595978e-14,-7.420208891772972e-11
2.3,5,-0.7831527909717179,1.435136731675612e-14,-4.453515334290614e-11
2.5,5,-0.7214682382222221,4.542113213323872e-14,-1.087474554850587e-11
2.700000000000001,5,-0.6584661271948409,-2.556982403589813e-14,-6.399647478616543e-11
2.9,5,-0.5945907403201217,5.333710903498989e-14,-6.484790482375046e-11
3.100000000000001,5,-0.5302036706711064,-5.230343068374221e-14,-5.452788220949855e-11
3.3,5,-0.4655865124331856,-1.244056940796767e-14,1.492730383745311e-10
3.5,5,-0.4009459475416468,-2.308049584787141e-15,1.470142896309312e-10
3.700000000000001,5,-0.3364205943281574,-1.686845108039847e-14,-9.19903042628789e-11
3.9,5,-0.2720892000198705,5.070076303237414e-14,1.337346899887847e-10
4.100000000000001,5,-0.2079797924046899,1.084202172485504e-14,-5.903311173227621e-11
4.3,5,-0.144079383385598,4.815592369311616e-15,5.087796850489212e-11
4.5,5,-0.08034384787733875,-1.644517855226013e-14,-1.533149163179814e-10
4.700000000000001,5,-0.01670770922247651,1.383962389134296e-14,6.613853908987721e-11
4.9,5,0.04690628747617905,-2.844946500601963e-16,1.023181539494544e-12
5.100000000000001,5,0.1105777840051849,-7.202571872255703e-15,-1.193751764105854e-10
5.3,5,0.1743794628320275,2.394959230933579e-14,4.928346619692547e-11
5.5,5,0.2383675995861304,-1.056446596869875e-14,6.793043905162221e-11
5.700000000000001,5,0.302572413884206,3.273423199168235e-14,2.907518670269837e-11
5.9,5,0.3669882672100104,4.361094818605693e-14,-1.309218289335945e-10
6.100000000000001,5,0.4315638956969617,5.00675889636426e-14,1.139802696670244e-10
6.3,5,0.4961930116939247,1.116814973833868e-14,-4.436434553056756e-11
6.5,5,0.5607056619379596,1.117231307468102e-13,-1.102618552017986e-10
6.699999999999999,5,0.6248607296000127,7.246980793240709e-14,-2.667321918892184e-11
6.900000000000002,5,0.6883399417205923,-1.298960938811433e-14,-1.200232691012104e-10
7.100000000000001,5,0.7507438494197338,-8.703107678975641e-14,5.148503845475715e-11
7.3,5,0.8115905815063767,-7.299716386910404e-14,1.049452191814737e-10
7.5,5,0.8703187545973905,7.078365671375763e-14,-6.897610260736541e-11
7.699999999999999,5,0.926296455433639,-8.082076674575944e-14,9.419337532179383e-11
7.900000000000002,5,0.9788382254604187,9.30679144861557e-14,-7.0510819405456e-12
8.100000000000001,5,1.027230896414852,-1.962319196024964e-14,-1.021898121678077e-10
8.3,5,1.070766916356496,2.371020046965099e-14,-1.221156509245702e-11
8.5,5,1.108781023923462,-2.117646336063927e-13,9.445860760237678e-12
8.699999999999999,5,1.140684127560789,-1.684798134338194e-13,5.248301793159271e-11
8.900000000000002,5,1.165988317173849,1.232104696047287e-13,2.237171559116291e-11
9.100000000000001,5,1.184319531690249,-1.255627546381532e-13,2.788372310824627e-11
9.3,5,1.195418552731057,8.28954960230277e-14,-9.266164224808193e-12
9.5,5,1.199134798317042,-1.461018805937186e-13,8.978928711655953e-15
-9.5,6,1.198536497382134,-2.679072241829061e-13,-1.86309301319909e-15
-9.3,6,1.194821962883006,-3.822255012497777e-13,1.167924784661877e-11
-9.099999999999999,6,1.18372797718909,-2.902261764248237e-13,-3.105317392115836e-11
-8.9,6,1.165405291357108,3.390135394631954e-13,3.525127412196127e-11
-8.699999999999999,6,1.140113309424284,-3.61481677924047e-14,8.87506734770227e-12
-8.5,6,1.108226193849383,3.594589903510581e-13,2.401262522155889e-11
-8.3,6,1.070231789578946,2.931543896522725e-13,7.261852230655563e-11
-8.099999999999999,6,1.0267189246752,-3.09353237470944e-13,-5.73305292128623e-11
-7.9,6,0.9783524155907141,2.176037128265306e-14,1.140720296000097e-10
-7.7,6,0.9258392492268642,2.752693906149517e-13,-3.867356435094393e-11
-7.5,6,0.8698919844118486,3.217565103241781e-14,-9.370859643809126e-11
-7.299999999999999,6,0.8111954984769305,8.099423909335712e-14,-1.130035509611104e-10
-7.099999999999999,6,0.750381200995095,1.794848991654163e-13,-4.048450463756125e-11
-6.9,6,0.6880100788451986,-5.491787580247375e-14,1.962868756422153e-11
-6.699999999999999,6,0.6245637164935441,9.794595690060248e-14,1.387089332283153e-10
-6.5,6,0.5604413778173683,-2.502165141748946e-14,1.211202249606913e-10
-6.299999999999999,6,0.4959612330424016,9.645409471126242e-14,9.28409571443467e-11
-6.099999999999999,6,0.4313643597709729,4.600486658290492e-14,2.298150558743827e-11
-5.9,6,0.3668207150239388,-5.488665077990617e-14,1.154911721812368e-10
-5.699999999999999,6,0.3024366205574625,7.518291544883481e-15,7.208400543134985e-11
-5.5,6,0.2382633926109692,5.340866637837393e-14,-9.311407200840449e-11
-5.299999999999999,6,0.1743067331023162,5.089678678515952e-15,-8.57648396745958e-11
-5.099999999999999,6,0.1105364922115285,2.355754480376504e-15,-4.103684059231227e-11
-4.899999999999999,6,0.04689646881714701,5.079270337660091e-15,-3.854971897254699e-11
-4.699999999999999,6,-0.01668594334503663,1.11369247157711e-15,1.550906070235669e-10
-4.5,6,-0.08029030711283377,-2.86541623761849e-14,2.723443692786986e-11
-4.299999999999999,6,-0.1439937976638589,-2.99031632788882e-14,-4.237232786863387e-11
-4.099999999999999,6,-0.207861811510815,-4.504036033026181e-14,5.126732371962816e-11
-3.899999999999999,6,-0.2719383969042206,6.138145547396334e-14,-1.512420189087038e-10
-3.699999999999999,6,-0.3362364721964069,-2.446480518170091e-14,-2.757727379787411e-11
-3.5,6,-0.4007279541992846,-5.132352876024981e-14,1.111993830349433e-10
-3.299999999999999,6,-0.4653340626198827,-9.403935963270271e-15,1.540729210880442e-10
-3.099999999999999,6,-0.5299161854246126,1.934303411887938e-14,1.172308361496732e-10
-2.899999999999999,6,-0.5942677014864832,-1.490741124293704e-13,4.954242571741929e-11
-2.699999999999999,6,-0.6581071554021327,-1.609485114628661e-13,-2.619143790738576e-11
-2.5,6,-0.7210731907220371,-2.336702879801588e-13,5.605643726980247e-11
-2.299999999999999,6,-0.7827218765914232,-2.448249936115587e-13,2.992922576439127e-11
-2.099999999999999,6,-0.8425275323996438,-2.321033990004828e-13,5.628719712547081e-11
-1.899999999999999,6,-0.8998887669418134,2.720532132904907e-13,5.685557580292766e-11
-1.699999999999999,6,-0.954141786648743,-1.902991653146557e-13,-5.409533931910459e-11
-1.5,6,-1.00458252374092,-1.152064554865717e-13,5.782685441602097e-11
-1.299999999999998,6,-1.050497406287467,-2.601113768818663e-13,6.375178163153805e-12
-1.099999999999999,6,-1.09119989132841,1.526417880981512e-13,1.586944464726514e-11
-0.9000000000000003,6,-1.126067166797964,1.34853933575485e-13,1.959374329452146e-11
-0.6999999999999992,6,-1.154570229611747,-2.473125870761094e-13,4.91858498374853e-11
-0.5,6,-1.176291900136553,3.708491846943218e-13,3.007231963447765e-11
-0.2999999999999989,6,-1.190931131223326,1.386495085409222e-13,-8.722633726421236e-12
-0.09999999999999964,6,-1.198296684755012,-1.127466175976366e-13,4.282810217581811e-12
0.1000000000000014,6,-1.198296684751752,8.702760734280445e-14,3.145428362216762e-12
0.3000000000000007,6,-1.190931131245367,8.150077834834235e-14,-1.846481301193136e-11
0.5,6,-1.176291900164576,-2.760118522626697e-13,-1.576756780696797e-11
0.700000000000001,6,-1.154570229629382,-4.038852585708241e-13,-3.764050182653022e-11
0.9000000000000003,6,-1.126067166784043,1.052907760978882e-13,7.2084282987106e-12
1.100000000000001,6,-1.091199891379085,-1.381186831572733e-14,6.520564643786031e-11
1.3,6,-1.050497406316279,6.609469915819232e-14,-1.594774312607683e-11
1.5,6,-1.004582523603617,-2.676678323432213e-13,-8.414074992302289e-11
1.700000000000001,6,-0.9541417866667165,-7.494178888567404e-14,1.020318829425548e-10
1.9,6,-0.8998887669559639,-2.972587453964337e-13,1.575900521189055e-11
2.100000000000001,6,-0.8425275325731604,-2.974356871909833e-13,1.17440834834781e-10
2.3,6,-0.7827218766754683,-6.469824676003099e-14,4.37622160731621e-11
2.5,6,-0.721073190609802,-1.547215047054129e-13,-9.033729320151451e-11
2.700000000000001,6,-0.65810715524905,9.472717749092751e-14,-1.368736235463075e-10
2.9,6,-0.5942677015128092,1.349343813766834e-13,1.58064006328118e-10
3.100000000000001,6,-0.5299161851530136,5.285832535562029e-14,-7.383343936240294e-11
3.3,6,-0.4653340627046156,6.971159760560397e-14,-6.469130786612709e-11
3.5,6,-0.400727953958488,-8.246354987750947e-14,-1.134318194928596e-10
3.700000000000001,6,-0.3362364723692126,5.730659002889382e-14,7.705747151476316e-11
3.9,6,-0.2719383968990789,4.730937863683948e-14,-5.165745609048144e-11
4.100000000000001,6,-0.2078618115286098,-2.469552340400582e-14,-7.096501164483015e-11
4.3,6,-0.1439937975221664,-9.610368056911511e-15,-7.317157990627265e-11
4.5,6,-0.08029030711416027,-2.492450690283476e-14,2.491129524884172e-11
4.700000000000001,6,-0.01668594345934661,1.11889664200504e-14,4.331068836904705e-11
4.9,6,0.04689646894771623,-1.403044347370041e-14,8.693690212169258e-11
5.100000000000001,6,0.1105364921817806,1.370778490716873e-14,-1.649780312362736e-11
5.3,6,0.174306733102197,1.574088082101354e-14,-1.309127251047925e-10
5.5,6,0.2382633927322182,2.259997744502584e-14,-5.500100375144256e-11
5.700000000000001,6,0.3024366206858702,-4.57966997657877e-14,-8.955458596915377e-11
5.9,6,0.3668207149222099,5.559441795810471e-14,-9.94899718165243e-11
6.100000000000001,6,0.4313643595767129,-1.093812540542415e-13,1.161238882829707e-10
6.3,6,0.4959612331651198,1.773581281838687e-14,1.541233807245134e-10
6.5,6,0.5604413779898365,-4.407585407761871e-14,-6.714523381745607e-11
6.699999999999999,6,0.6245637166194697,-9.368547604360344e-14,2.816602506783283e-11
6.900000000000002,6,0.6880100787553238,9.210687768046454e-14,-1.085592726823847e-11
7.100000000000001,6,0.7503812009185698,6.577030586818466e-14,5.759542842653786e-11
7.3,6,0.8111954983536289,8.375244942016024e-15,-1.890115841618467e-11
7.5,6,0.869891984358383,3.136380044566067e-14,3.505973289463781e-12
7.699999999999999,6,0.9258392490830775,-2.304476054426629e-13,2.52737275552306e-11
7.900000000000002,6,0.9783524156612618,1.428059059893627e-13,-3.273736837172691e-11
8.100000000000001,6,1.026718924560506,-3.545774784896593e-15,1.647898484335996e-11
8.3,6,1.07023178962408,1.721886522254578e-14,9.275377688133801e-11
8.5,6,1.108226193823711,-8.224323999606042e-14,-3.995107022980448e-11
8.699999999999999,6,1.140113309479551,-2.011515953803666e-13,-5.047828821602706e-11
8.900000000000002,6,1.16540529132141,-3.711683738139015e-13,4.043906876027847e-11
9.100000000000001,6,1.183727977189037,1.03587277644479e-13,-1.581540454154151e-12
9.3,6,1.194821962905645,-1.556289819237832e-13,-9.636659525913415e-12
9.5,6,1.198536497382064,-3.748373139655925e-13,5.290906601729261e-15
-9.5,7,1.197443310832046,-4.277411758124571e-13,4.229255834431455e-15
-9.3,7,1.193735172376559,4.763290456510915e-13,-1.139111721615293e-11
-9.099999999999999,7,1.182659867163814,-9.084746843690538e-15,4.962877331315951e-12
-8.9,7,1.164367245420848,-1.100647351037764e-13,-2.486161276848974e-11
-8.699999999999999,7,1.139115305652375,-3.052228608746432e-13,-2.003502919123434e-11
-8.5,7,1.107276434487105,-2.064112769595283e-13,-4.459571600889944e-12
-8.3,7,1.069336496328834,-4.372335826730022e-13,-1.89747384471417e-11
-8.099999999999999,7,1.025882307583753,-7.189041029143084e-14,9.295736402847865e-11
-7.9,7,0.9775768055564879,-2.380890623543408e-13,-5.605904629391034e-11
-7.7,7,0.9251253594072697,3.099673295814398e-13,-1.120672443732928e-10
-7.5,7,0.8692392522330281,-1.444053210342133e-13,1.395319970676212e-10
-7.299999999999999,7,0.8106024565473648,-2.933001064242546e-13,4.434730360713956e-11
-7.099999999999999,7,0.749845828834037,-1.435726537657444e-13,-5.087319454588623e-11
-6.9,7,0.6875301020023753,1.984211406291791e-13,-1.265899052249608e-10
-6.699999999999999,7,0.6241368354491181,1.711547570337757e-13,3.256728220435434e-11
-6.5,7,0.5600654256428239,-1.82718423724637e-13,-1.393931081672406e-10
-6.299999999999999,7,0.4956342706033163,1.774483338046195e-13,5.329431340683754e-11
-6.099999999999999,7,0.4310847209479732,-8.892539482552308e-14,1.093702906018734e-10
-5.9,7,0.3665870210102706,-1.347290334852147e-13,-1.123370285682767e-10
-5.699999999999999,7,0.3022477720071558,1.082189893253371e-13,7.335354546000871e-12
-5.5,7,0.2381185530857755,-3.089542510714693e-14,6.8098415795248e-11
-5.299999999999999,7,0.1742053128152257,6.24014728778377e-14,6.446521094716217e-11
-5.099999999999999,7,0.1104781308770266,2.835925938526884e-14,-1.5332657365974e-10
-4.899999999999999,7,0.04688102538543274,-1.015854067532018e-14,1.319474529637432e-10
-4.699999999999999,7,-0.01665839599587679,8.704842402451618e-15,1.752120670772683e-11
-4.5,7,-0.08021948310984158,4.000272335602517e-15,9.693534863686181e-11
-4.299999999999999,7,-0.1438791925018997,-6.546152508946079e-14,1.07068465204918e-10
-4.099999999999999,7,-0.207702692826736,6.442416045082666e-14,-7.046041528013802e-11
-3.899999999999999,7,-0.2717337912104106,-1.123077325582144e-13,-1.273754435260343e-10
-3.699999999999999,7,-0.3359851509076082,-1.366927404600204e-13,1.103528379786666e-11
-3.5,7,-0.400428419112133,-1.506936936346292e-13,-1.214806033544846e-10
-3.299999999999999,7,-0.4649845401983202,1.421935486023429e-13,-7.393125001087241e-11
-3.099999999999999,7,-0.5295146344175003,1.75239163457963e-13,-1.052961606795577e-10
-2.899999999999999,7,-0.5938118448707409,-1.29915175839379e-13,1.490016998673127e-10
-2.699999999999999,7,-0.6575945499154149,1.175789066804044e-13,9.405654033400878e-11
-2.5,7,-0.7205013479365345,-1.142974603851598e-13,5.967892846570066e-12
-2.299999999999999,7,-0.7820884460451087,9.773171855131934e-14,-1.808614369380734e-11
-2.099999999999999,7,-0.8418305464645862,1.107534203237392e-14,-1.021230877640277e-10
-1.899999999999999,7,-0.8991269451402735,-2.029860654562121e-13,1.557176609878752e-11
-1.699999999999999,7,-0.9533148683220336,-4.306086737182468e-13,9.393824607073497e-11
-1.5,7,-1.003691590324442,-4.151765736759571e-13,-5.818046044936409e-11
-1.299999999999998,7,-1.049545146549817,-8.085546121527897e-14,-4.389955066130824e-11
-1.099999999999999,7,-1.090190759289385,3.979958723698828e-13,-6.680933584135573e-11
-0.9000000000000003,7,-1.125007405917919,-1.08376849161651e-13,-1.045175057612368e-11
-0.6999999999999992,7,-1.153467757974365,-5.466720826019511e-13,-1.73021874605439e-11
-0.5,7,-1.175156075662678,1.410798561307657e-13,2.699289403107485e-11
-0.2999999999999989,7,-1.189772435678534,2.387118280822164e-13,-9.918454946244992e-14
-0.09999999999999964,7,-1.197126362115077,-3.624323063888823e-13,3.341424359426525e-12
0.1000000000000014,7,-1.197126362110335,-5.145189829747209e-13,1.117980708009724e-12
0.3000000000000007,7,-1.18977243570924,-1.83396700603744e-13,1.908152802432283e-11
0.5,7,-1.175156075620625,-6.120295242828532e-13,-2.116093411608233e-11
0.700000000000001,7,-1.153467758024714,6.593857404535441e-14,3.974115481142348e-11
0.9000000000000003,7,-1.125007406008173,-1.276218714041377e-13,-1.28462518400596e-11
1.100000000000001,7,-1.090190759357339,-5.65970881272193e-14,-5.167166694519664e-11
1.3,7,-1.049545146517613,-4.552712373762091e-13,9.677647572203795e-11
1.5,7,-1.003691590208703,4.781938733877666e-13,2.436478796496999e-11
1.700000000000001,7,-0.9533148682320179,4.372717465894737e-14,-2.786887387529191e-11
1.9,7,-0.8991269450225258,3.254471345193188e-13,-3.690781014142885e-11
2.100000000000001,7,-0.8418305465648287,3.283671078102568e-13,-2.197741988396728e-12
2.3,7,-0.7820884460750958,-3.024845998678138e-13,7.018208236786449e-11
2.5,7,-0.7205013480825129,2.510613245076953e-13,7.459871609327706e-11
2.700000000000001,7,-0.6575945496779573,2.698702806364083e-13,-1.013226724744242e-10
2.9,7,-0.5938118446739092,1.42108980832889e-13,-3.839994988652506e-11
3.100000000000001,7,-0.5295146343523291,-1.532255225478174e-13,-6.374251126928243e-11
3.3,7,-0.4649845403683432,-2.297641243931281e-14,6.777428618320868e-11
3.5,7,-0.4004284191260606,-9.477835183346883e-14,-1.470470412101576e-10
3.700000000000001,7,-0.3359851508135149,-1.201590910104855e-13,-1.310673791721228e-10
3.9,7,-0.2717337910563278,6.898995263959761e-15,-1.30788491148337e-10
4.100000000000001,7,-0.2077026927132643,-1.603925325888155e-14,3.481936960980647e-11
4.3,7,-0.1438791922324883,-6.527764440100725e-15,4.654721053043431e-12
4.5,7,-0.08021948309652349,-2.642330798607872e-14,7.489486808509582e-11
4.700000000000001,7,-0.0166583962091113,1.756580991774114e-14,-5.403666403225315e-11
4.9,7,0.04688102541717922,-1.040834085586084e-15,1.480165989775628e-10
5.100000000000001,7,0.1104781308884233,-6.335210134267299e-15,-1.097539836791838e-10
5.3,7,0.1742053127933168,-2.130587373194714e-14,8.762512937465771e-11
5.5,7,0.2381185530192543,5.39499001028787e-14,2.886257899348265e-11
5.700000000000001,7,0.3022477718948098,-1.611558109182453e-14,1.080258105190523e-10
5.9,7,0.3665870211887746,8.039402477066914e-14,-1.818989403545856e-12
6.100000000000001,7,0.4310847211610354,-2.413000355083738e-14,1.290089146621653e-10
6.3,7,0.4956342704713653,-2.858130399019387e-14,1.009768935134047e-10
6.5,7,0.5600654258030659,-3.974945372853255e-14,-8.722200739441632e-11
6.699999999999999,7,0.6241368353479293,-5.885916753989306e-14,-1.251745929131686e-10
6.900000000000002,7,0.687530101910021,4.389891228306908e-14,-1.533760896066382e-10
7.100000000000001,7,0.7498458290161077,1.739372534892424e-13,-1.59056101622923e-11
7.3,7,0.8106024566869033,-4.376013440499093e-14,4.609707060510004e-11
7.5,7,0.8692392522472387,1.426948836869002e-13,9.301337478007099e-11
7.699999999999999,7,0.9251253593391222,-1.098964669266067e-13,-4.334843595188431e-11
7.900000000000002,7,0.9775768054348972,8.174537435845508e-14,5.702704974908101e-11
8.100000000000001,7,1.025882307524771,-3.18104917407247e-13,6.959155474106637e-11
8.3,7,1.069336496323063,-2.582604269329991e-13,-8.978234822265562e-11
8.5,7,1.107276434540675,1.856154119295183e-15,3.03375657928484e-11
8.699999999999999,7,1.139115305642248,3.530752079594634e-13,-6.456862822190601e-11
8.900000000000002,7,1.164367245328665,8.098209602902528e-14,-1.705269259133501e-11
9.100000000000001,7,1.182659867168304,-5.797064217549774e-13,-1.669936411374806e-11
9.3,7,1.193735172362503,-5.978290779085071e-13,8.498618475627495e-12
9.5,7,1.197443310832397,4.232066086462538e-13,1.668803983889688e-15
-9.5,8,1.196280547086354,1.862919540851493e-14,1.908195823574487e-15
-9.3,8,1.192576753850875,-3.567493522815823e-13,-1.76136882856781e-12
-9.099999999999999,8,1.181514135919328,4.834656980312601e-13,-1.041002006818558e-11
-8.9,8,1.163242168846808,-5.324039820120418e-13,-6.108419325911995e-12
-8.699999999999999,8,1.138018281844653,1.18918763725162e-13,-5.15263109956976e-11
-8.5,8,1.106214162517444,1.936818760928105e-13,3.50328932530175e-11
-8.3,8,1.068314908642878,5.003671088577021e-13,-1.435340735156387e-11
-8.099999999999999,8,1.024906549845335,1.820973927202373e-13,-5.003614189647009e-11
-7.9,8,0.9766512455063171,2.665281190195045e-13,1.184513598317948e-10
-7.7,8,0.9242536103654529,-1.191165222014234e-13,1.061336574181837e-10
-7.5,8,0.8684242081955697,2.81002651703055e-13,1.603744914646654e-11
-7.299999999999999,8,0.8098463338877915,-1.045552533440741e-13,-1.300931584680142e-11
-7.099999999999999,8,0.7491502186644373,-2.834885104441298e-14,1.283423367581804e-11
-6.9,8,0.6868960336669968,-3.727244207718527e-13,-5.539330105719386e-11
-6.699999999999999,8,0.6235648513498428,1.176177211181794e-13,-1.020563078490965e-10
-6.5,8,0.5595556631875515,4.076079751502703e-14,-3.190830932808808e-11
-6.299999999999999,8,0.495186548420451,-2.313600699910267e-13,1.293673501656655e-10
-6.099999999999999,8,0.4306986296644562,1.87584323074752e-13,-1.312087105631576e-10
-5.9,8,0.3662620078636804,-4.868501435328909e-14,-1.208252387030484e-10
-5.699999999999999,8,0.3019832221908792,7.627232179174825e-14,-3.771494228033134e-11
-5.5,8,0.2379138639762577,-3.457303887621776e-15,5.919964518596998e-11
-5.299999999999999,8,0.1740599572365654,-5.541747616355507e-14,1.226577728274946e-10
-5.099999999999999,8,0.1103917109917476,1.265133831029885e-14,-5.420330850824939e-12
-4.899999999999999,8,0.04685331428655568,-3.554465749511237e-13,-8.442524457308309e-11
-4.699999999999999,8,-0.01662742802130648,1.096692181512537e-14,-1.795086301825676e-11
-4.5,8,-0.08012965419245762,-2.789261877023108e-14,4.474987047586864e-11
-4.299999999999999,8,-0.1437301119786256,-2.139260990574598e-14,-3.910349821723002e-11
-4.099999999999999,8,-0.2074937781783482,-1.380492942182343e-14,1.460644938333643e-10
-3.899999999999999,8,-0.2714642994463528,-1.033340080169864e-13,1.096860380300768e-10
-3.699999999999999,8,-0.335654224242994,-5.530992330804451e-14,-1.267428384466029e-10
-3.5,8,-0.4000351430832231,2.458103165459135e-15,3.112665680760073e-11
-3.299999999999999,8,-0.4645280154097526,1.134725993723328e-13,-9.528933198055256e-11
-3.099999999999999,8,-0.5289940575715939,-1.171675603761634e-13,7.575035043672073e-11
-2.899999999999999,8,-0.5932266026024342,5.825505008938414e-14,-8.280004459848555e-11
-2.699999999999999,8,-0.6569443185616112,-1.168739584278544e-13,-1.238956159888005e-10
-2.5,8,-0.7197862013646931,-3.341957786895388e-13,4.155903399194471e-11
-2.299999999999999,8,-0.7813089601994531,3.134584605768431e-13,-1.172880681465926e-10
-2.099999999999999,8,-0.8409879054074739,1.084215182911574e-13,6.280864717211898e-12
-1.899999999999999,8,-0.8982230303242111,1.333794186209047e-13,-1.46235801246064e-11
-1.699999999999999,8,-0.9523523341391524,2.21237958508702e-14,-9.465095374139309e-11
-1.5,8,-1.002673914689198,3.40763008088718e-13,1.036284946742682e-10
-1.299999999999998,8,-1.048476659038039,4.828611468998822e-13,-8.677275564750175e-11
-1.099999999999999,8,-1.089076641696747,1.932880938637637e-13,8.92923235351617e-11
-0.9000000000000003,8,-1.123853671321262,4.872222417184879e-13,7.20416504229604e-11
-0.6999999999999992,8,-1.152281201619121,9.842647530344805e-14,3.754177524406543e-11
-0.5,8,-1.173944195992483,-1.306073305062938e-14,3.188457831093671e-11
-0.2999999999999989,8,-1.188543316548506,4.712619183777633e-13,-2.704562962474454e-11
-0.09999999999999964,8,-1.195888511363002,5.377955025753777e-13,2.591329928414154e-12
0.1000000000000014,8,-1.195888511348099,5.111189249618064e-14,-1.283792516737492e-12
0.3000000000000007,8,-1.188543316540473,4.679086978987001e-13,1.141635397328144e-11
0.5,8,-1.17394419595444,3.355232758295301e-13,-3.209540966331303e-11
0.700000000000001,8,-1.152281201661156,-2.122312742214305e-13,-5.424963256395187e-11
0.9000000000000003,8,-1.123853671421806,-4.03147133731796e-13,-4.370251383001289e-11
1.100000000000001,8,-1.089076641730664,1.608678468212332e-13,2.383210295775484e-11
1.3,8,-1.048476658855221,2.443800370399706e-13,-3.678013449359696e-11
1.5,8,-1.002673914852871,4.219550056583365e-13,6.699751864402969e-12
1.700000000000001,8,-0.9523523340807902,3.152725476518458e-13,-1.203285249218311e-10
1.9,8,-0.8982230304822294,2.994306191883566e-14,9.864309369334023e-11
2.100000000000001,8,-0.8409879052979396,2.606443706698602e-13,7.514888711313005e-11
2.3,8,-0.7813089603686042,1.16157083951407e-14,2.483829808497262e-11
2.5,8,-0.7197862010933197,-4.363831344889046e-13,-1.157261508843987e-10
2.700000000000001,8,-0.6569443186707546,3.492570815888385e-13,6.148981324116675e-11
2.9,8,-0.593226602396028,-9.948422294292491e-14,-3.83890141897325e-11
3.100000000000001,8,-0.5289940575114737,-2.305013818704182e-13,-1.356962875398437e-10
3.3,8,-0.4645280154379453,1.055006776384814e-13,-1.425071172178604e-11
3.5,8,-0.4000351428462992,1.800790419559383e-13,-3.552214078439419e-11
3.700000000000001,8,-0.3356542241936187,-7.852052341661419e-14,-3.791189584489984e-11
3.9,8,-0.2714642995541451,5.386663337603181e-14,5.686784376734976e-12
4.100000000000001,8,-0.2074937782324623,-8.58202398035246e-14,8.275125029655328e-11
4.3,8,-0.1437301121153326,-4.533699804465385e-14,1.041430275350308e-10
4.5,8,-0.08012965430547022,-6.255412854372366e-15,9.055167726756963e-11
4.700000000000001,8,-0.01662742813085989,6.890321646579877e-15,1.010237449250439e-10
4.9,8,0.04685331430057901,-1.016547956922409e-14,6.953526643371787e-11
5.100000000000001,8,0.1103917110149071,-3.211875210240577e-13,-4.153655197569605e-11
5.3,8,0.1740599571644256,3.035766082959412e-15,-9.859968397307739e-11
5.5,8,0.2379138638455494,8.038361642981328e-14,-9.136746914606419e-11
5.700000000000001,8,0.3019832222467793,-3.260759717793604e-14,-7.658340628324822e-11
5.9,8,0.3662620077815452,-9.318934512947407e-15,1.009291539233458e-10
6.100000000000001,8,0.4306986296683949,-1.743726690817126e-13,4.619238325176411e-11
6.3,8,0.4951865486667527,-1.018941875319257e-13,-7.289990833214687e-11
6.5,8,0.5595556630521574,2.763067552535858e-13,1.55211621333251e-10
6.699999999999999,8,0.6235648515192793,-1.476093552943424e-13,-8.782696792053457e-12
6.900000000000002,8,0.6868960339199699,-1.615894917872395e-14,3.700462158917616e-11
7.100000000000001,8,0.7491502189100149,-1.181693631835401e-14,-1.405072724836031e-10
7.3,8,0.8098463339293982,-1.571954372225903e-13,6.07976446964642e-11
7.5,8,0.8684242081707446,-3.899519596117784e-13,-3.397121473014408e-11
7.699999999999999,8,0.9242536103566697,4.052539553933698e-13,-9.94764826067751e-11
7.900000000000002,8,0.9766512453439053,-3.884496890815825e-13,-4.58448279339052e-11
8.100000000000001,8,1.024906549909452,-3.456766123344223e-13,-8.304790188873312e-11
8.3,8,1.068314908489583,1.221245327087672e-13,2.669761633988798e-11
8.5,8,1.106214162405551,-5.128189539682637e-14,8.5770529567597e-11
8.699999999999999,8,1.138018281865161,-2.48240664135757e-13,-6.637790317398639e-11
8.900000000000002,8,1.163242168875818,-9.828596270189393e-14,2.211866800827522e-11
9.100000000000001,8,1.181514135946345,5.225698346267293e-13,2.375295793388687e-11
9.3,8,1.192576753842192,-3.698066158852597e-13,-1.339092725594071e-11
9.5,8,1.196280547086822,3.309505447468552e-13,1.151856388048599e-15
-9.5,9,1.195112951018279,1.035282970462958e-13,-1.734723475976807e-15
-9.3,9,1.191409359410353,-2.688578526477414e-13,-5.701827898718647e-12
-9.099999999999999,9,1.180347444614596,-3.250351376937743e-13,2.530857468041602e-11
-8.9,9,1.16207759306269,5.003514963464184e-13,-4.201083925181592e-13
-8.699999999999999,9,1.136858585204648,-2.605381188569566e-13,6.419367815091447e-11
-8.5,9,1.105063684548195,-1.361463025650877e-13,-2.104980079131735e-11
-8.3,9,1.067179547703582,2.853030312000015e-13,-7.574099680773827e-11
-8.099999999999999,9,1.023793517041521,2.686097871906767e-13,8.16914313972461e-11
-7.9,9,0.9755686452283566,-4.774982492738999e-13,9.767653352810157e-11
-7.7,9,0.9232099235059207,-1.931614590500174e-14,-9.551420765419038e-11
-7.5,9,0.8674277651746356,-6.361924875797342e-14,1.145358807796981e-10
-7.299999999999999,9,0.8089048513642972,-3.706392831537286e-13,-5.07225372814446e-11
-7.099999999999999,9,0.7482704524997172,1.31861535579425e-13,5.012706916218689e-11
-6.9,9,0.6860835720281692,2.219370520695207e-13,1.350610734363044e-10
-6.699999999999999,9,0.6228240430667698,3.232449030665662e-13,-8.475997681500757e-13
-6.5,9,0.5588896630871775,-1.639174906920004e-13,1.523428050376196e-10
-6.299999999999999,9,0.4945974462325549,3.654125613206105e-13,1.553201456339081e-10
-6.099999999999999,9,0.4301876276077352,-2.643545105041056e-14,-5.293099292202896e-11
-5.9,9,0.3658296244866798,-1.663166132592763e-13,-2.548039557126458e-11
-5.699999999999999,9,0.3016294948797551,-7.061885798353984e-14,6.772804539423305e-11
-5.5,9,0.2376385357932469,1.451061493185079e-13,-2.411038035887713e-11
-5.299999999999999,9,0.1738626392842739,3.229014278183228e-14,-1.295488161190405e-10
-5.099999999999999,9,0.1102720160755187,-3.436487205910054e-15,-8.880340907069239e-11
-4.899999999999999,9,0.04681095452915214,2.574156166001984e-14,-1.407517435936256e-10
-4.699999999999999,9,-0.01659257853196798,1.173366959150712e-14,8.37001579157004e-11
-4.5,9,-0.08001753152707158,-5.035555306065475e-14,7.001610402568303e-11
-4.299999999999999,9,-0.1435404742933374,3.222595801322114e-14,-7.686207226242913e-11
-4.099999999999999,9,-0.2072262523147372,1.075823458096536e-13,7.241207633512658e-11
-3.899999999999999,9,-0.2711184635279617,7.889088687873524e-14,-1.052372633481013e-10
-3.699999999999999,9,-0.3352297217195816,-7.077151364942579e-14,-1.386385450885541e-10
-3.5,9,-0.399531828830558,1.125219709074976e-13,-5.024147764487452e-11
-3.299999999999999,9,-0.4639461227503597,-1.545040137496123e-13,-1.213769640351358e-10
-3.099999999999999,9,-0.5283343825180711,2.080211003452348e-13,-6.890926718128298e-11
-2.899999999999999,9,-0.5924906902286568,-2.046253791410102e-13,7.53661577590492e-11
-2.699999999999999,9,-0.6561346337247857,3.955850404191441e-13,-8.002787321714777e-11
-2.5,9,-0.7189062566164512,-5.563561764065916e-14,5.626865640095957e-11
-2.299999999999999,9,-0.7803633804922436,1.737334234808152e-13,-1.011388750526975e-10
-2.099999999999999,9,-0.8399823959817754,1.092650275813511e-13,-3.927835834360848e-11
-1.899999999999999,9,-0.8971642339903889,-6.132247487578013e-16,-1.160092577556781e-10
-1.699999999999999,9,-0.951247574931654,-3.169426526783425e-13,-1.035991292752669e-10
-1.5,9,-1.001530846975239,-4.877660775282066e-13,-9.272926870806941e-11
-1.299999999999998,9,-1.047302862526432,-4.822513915980764e-13,6.750922043607943e-11
-1.099999999999999,9,-1.087879224085867,-2.648176816721914e-13,1.486624712221384e-11
-0.9000000000000003,9,-1.122638934666792,-7.028752579962827e-13,-4.968192524046344e-12
-0.6999999999999992,9,-1.15105443201765,-6.923194656449638e-13,-1.568484231384559e-11
-0.5,9,-1.172709603308328,-4.67391750302859e-13,-2.892422412692496e-11
-0.2999999999999989,9,-1.187304133253496,-4.376403753281188e-13,-1.64238206368239e-11
-0.09999999999999964,9,-1.194647231141095,7.2775986625917e-14,-5.420233706310284e-12
0.1000000000000014,9,-1.194647231142537,4.700276626246058e-13,-3.814615290309575e-12
0.3000000000000007,9,-1.187304133290522,-7.004596555559849e-13,-1.394576121249713e-11
0.5,9,-1.172709603326991,-6.355393641910289e-13,2.927924569462447e-11
0.700000000000001,9,-1.151054431955618,-6.134502628096782e-14,-5.678679748655213e-11
0.9000000000000003,9,-1.122638934613975,6.487865800153258e-15,-5.347294829149973e-11
1.100000000000001,9,-1.087879223997941,-6.023775228625183e-13,-5.140102232736865e-11
1.3,9,-1.047302862598107,3.943121870686461e-13,2.658173681169273e-11
1.5,9,-1.001530846967103,-2.486977637716769e-13,5.085099008539373e-11
1.700000000000001,9,-0.9512475747968892,2.361826012542422e-14,-7.3875461303885e-11
1.9,9,-0.8971642340772774,-4.260446162529518e-13,1.077388733783379e-10
2.100000000000001,9,-0.8399823960537653,3.171091861320363e-13,1.243252722993304e-10
2.3,9,-0.780363380555168,-3.307848786548994e-13,4.945355236429804e-11
2.5,9,-0.7189062563565904,3.587898207702e-13,1.409791727802201e-10
2.700000000000001,9,-0.6561346335971316,-3.093445638535641e-13,-1.042929631545064e-10
2.9,9,-0.5924906903214834,2.385531008841645e-13,-2.799954712529029e-11
3.100000000000001,9,-0.5283343825989285,-2.573323498733515e-13,8.19599388357517e-11
3.3,9,-0.4639461227486605,-1.57289112290293e-13,-6.405642682949519e-11
3.5,9,-0.3995318289006052,-2.933764342571976e-14,-2.139965982195235e-11
3.700000000000001,9,-0.3352297216411639,9.325526462156119e-14,-9.156642111207702e-11
3.9,9,-0.2711184635240384,1.627864509856635e-13,-1.362010504379895e-11
4.100000000000001,9,-0.2072262523717831,2.160251144633917e-14,5.737876840328226e-11
4.3,9,-0.1435404743504491,5.477042430701573e-14,-1.133093618932434e-10
4.5,9,-0.08001753136763938,-5.407133074619707e-14,6.893596804502522e-12
4.700000000000001,9,-0.01659257835198324,6.978792543854694e-15,4.141198495233311e-11
4.9,9,0.04681095427300656,9.010153734223536e-15,-1.040817432240714e-10
5.100000000000001,9,0.1102720163035684,-5.271130754103126e-14,6.787204132052693e-11
5.3,9,0.1738626395151265,-2.232936058277346e-14,-5.708866712694771e-11
5.5,9,0.2376385358653141,1.077540834337753e-13,-2.632372098076984e-11
5.700000000000001,9,0.3016294950138254,2.997602166487922e-15,1.034383689813012e-10
5.9,9,0.3658296246327236,-2.101166463042147e-13,-1.299704788237932e-11
6.100000000000001,9,0.4301876276579241,2.245495456243418e-13,-7.726630446569515e-11
6.3,9,0.4945974461834931,1.226310719637524e-13,-7.58975104986348e-11
6.5,9,0.5588896629996185,2.155220446553585e-13,-1.383326786452698e-10
6.699999999999999,9,0.6228240432712026,1.769227125913985e-13,5.759404064775708e-11
6.900000000000002,9,0.6860835720911877,-1.070983579598561e-13,4.343003734419426e-11
7.100000000000001,9,0.748270452750048,-4.629456540339305e-13,-1.340751398792861e-10
7.3,9,0.8089048513790715,-5.007574216397969e-13,-6.377920414024629e-11
7.5,9,0.8674277650622247,-2.763934914273846e-13,1.058060306036168e-10
7.699999999999999,9,0.9232099234586106,-4.838837663889705e-13,4.483080573436382e-12
7.900000000000002,9,0.9755686451646272,-1.760223911073666e-13,-1.838706964463199e-11
8.100000000000001,9,1.023793517055002,8.62088178621434e-14,-7.381040223464197e-12
8.3,9,1.067179547653493,5.331221575310962e-13,-9.363024244812834e-11
8.5,9,1.105063684412646,4.342186332717545e-13,7.977718485818741e-11
8.699999999999999,9,1.136858585127246,1.145663425239362e-13,-6.070569047444962e-11
8.900000000000002,9,1.162077593111551,7.055588752136188e-13,-5.192188345937154e-11
9.100000000000001,9,1.180347444623657,2.345380833990162e-13,-2.284269995378451e-11
9.3,9,1.191409359437446,1.704435204086252e-13,-4.230490957546351e-12
9.5,9,1.195112951018311,4.606731662804008e-13,-2.855354841457824e-15
-9.5,10,1.193315492220779,-8.739571566440673e-13,-5.141720382795256e-15
-9.3,10,1.189616275683987,-3.645903023929975e-13,-1.384672931870056e-11
-9.099999999999999,10,1.178567341092597,3.35226638115138e-13,3.089095645947281e-11
-8.9,10,1.160319269591765,1.139158212204449e-13,-4.497127670255451e-11
-8.699999999999999,10,1.135131096416647,-2.30438931825283e-13,-2.313077507309913e-11
-8.5,10,1.103376311576805,-5.432460037368969e-13,-7.399009183117755e-11
-8.3,10,1.065541671064905,5.14067954870967e-13,-5.940262171044707e-11
-8.099999999999999,10,1.022214402346381,7.806307683599911e-13,2.192146464352617e-11
-7.9,10,0.9740571708775167,3.153224209517802e-13,-2.703992585395553e-11
-7.7,10,0.9217742960674275,6.290627740934695e-13,6.283790154881785e-11
-7.5,10,0.8660752623694536,7.122132744674658e-13,1.03228536829647e-11
-7.299999999999999,10,0.8076416357209182,3.245858443134963e-13,1.55507828836221e-11
-7.099999999999999,10,0.7471014716924504,5.989132800809926e-14,1.143920513868579e-10
-6.9,10,0.6850125521364586,-1.249642750389412e-13,-1.234637392322213e-10
-6.699999999999999,10,0.6218535642733817,1.953420064593203e-13,1.223662837723793e-10
-6.5,10,0.5580212966256554,-1.120110948438224e-13,-3.691835726016279e-11
-6.299999999999999,10,0.493831930274577,1.78156100982818e-15,1.268952165567327e-10
-6.099999999999999,10,0.4295250613874008,-3.250039126712067e-13,-1.387097658955838e-10
-5.9,10,0.3652696598997873,-2.526173714656465e-13,-1.019998530082943e-10
-5.699999999999999,10,0.3011715145917611,1.895861939660292e-13,-2.637179363773611e-11
-5.5,10,0.2372818119050833,-7.176724492463648e-14,7.351563802160399e-11
-5.299999999999999,10,0.1736064662252957,-1.961278361939378e-14,-1.136529759193649e-10
-5.099999999999999,10,0.1101158131661095,-4.052314039881821e-15,-9.961831359817097e-11
-4.899999999999999,10,0.04675434370886862,-1.611558109182453e-14,3.231337419862256e-11
-4.699999999999999,10,-0.01654972395305209,-1.940114735532461e-14,-1.176752029152794e-10
-4.5,10,-0.07987506860960655,-9.905271047827568e-16,-1.041734476459055e-10
-4.299999999999999,10,-0.1432979971797621,8.370040771588094e-15,-8.037148724326925e-11
-4.099999999999999,10,-0.2068831283005818,1.356163445431768e-13,-1.204771837848284e-10
-3.899999999999999,10,-0.2706738973943148,4.581578172402345e-14,4.181988089158039e-12
-3.699999999999999,10,-0.3346828465634372,-2.103378235474018e-13,1.157594020639862e-10
-3.5,10,-0.398881821796759,-2.002885704510681e-13,1.43204337277325e-10
-3.299999999999999,10,-0.4631923484683813,-2.567052473367859e-13,1.198657284540161e-10
-3.099999999999999,10,-0.5274765550750277,-2.53028067248584e-13,-1.409550254294345e-10
-2.899999999999999,10,-0.5915290509858303,2.570070892216058e-13,-9.584238958026958e-11
-2.699999999999999,10,-0.6550701345704537,2.351209504869444e-13,3.267425219277697e-11
-2.5,10,-0.7177407366126373,-9.687303043071082e-14,9.926276467453476e-11
-2.299999999999999,10,-0.7790997144481698,-3.119761393666209e-13,4.476408133058384e-11
-2.099999999999999,10,-0.8386246011409249,-4.015954235825347e-13,7.272221713705562e-11
-1.899999999999999,10,-0.8957175155458287,6.867414623079604e-13,4.720512869482718e-11
-1.699999999999999,10,-0.9497182988648964,-3.049539787358668e-13,-7.155837034034107e-11
-1.5,10,-0.9999264380299341,-8.417485458656059e-13,4.202438397271635e-11
-1.299999999999998,10,-1.045631635906588,8.2513770122139e-13,6.755074277720041e-11
-1.099999999999999,10,-1.086150172581577,-1.67536123862888e-13,9.088768626597243e-11
-0.9000000000000003,10,-1.120861500900921,8.498896031383651e-13,4.086472826791975e-11
-0.6999999999999992,10,-1.149238295946402,-7.731515080933171e-13,3.305294926647661e-11
-0.5,10,-1.170864514649887,5.283724846538717e-13,-1.946109939865436e-12
-0.2999999999999989,10,-1.185439807589605,8.360976841426115e-13,2.241440366645974e-11
-0.09999999999999964,10,-1.192773312728983,-1.561832260743578e-13,-5.588723928084959e-13
0.1000000000000014,10,-1.192773312721578,-2.340532281874807e-13,2.893837947048894e-12
0.3000000000000007,10,-1.185439807602954,-1.057950602123547e-12,-2.174010971245365e-12
0.5,10,-1.170864514669416,8.593854794458621e-13,1.377643832345398e-11
0.700000000000001,10,-1.149238295878127,2.902331153187276e-13,-1.919234215996823e-11
0.9000000000000003,10,-1.120861500933847,1.97382908628807e-13,6.858397183506781e-11
1.100000000000001,10,-1.086150172435633,-6.628248297446681e-13,4.103964390544945e-11
1.3,10,-1.045631635838697,6.733546012438473e-13,-2.825695233354963e-11
1.5,10,-0.9999264378924087,9.337478706905599e-13,-1.676575545062064e-11
1.700000000000001,10,-0.9497182988199188,-1.027494062055822e-13,8.195805145660983e-11
1.9,10,-0.8957175155803699,6.519784712111231e-14,9.457579164262597e-11
2.100000000000001,10,-0.838624601142947,-7.778968441618516e-13,6.71962485654376e-11
2.3,10,-0.7790997146269926,-4.883211890405192e-13,1.336986077404844e-10
2.5,10,-0.7177407366539356,2.442742189079361e-13,-6.501105209721913e-11
2.700000000000001,10,-0.6550701348250365,-1.505835386939047e-13,5.358946619793414e-11
2.9,10,-0.5915290508251313,7.588547845660542e-14,-3.28561622353618e-11
3.100000000000001,10,-0.5274765548081238,-6.41891054198318e-15,1.557097784044003e-10
3.3,10,-0.4631923485640717,-1.571980393078042e-13,3.089806188683041e-12
3.5,10,-0.3988818218629002,-3.559600531000128e-13,1.360853651988236e-10
3.700000000000001,10,-0.3346828466389196,-2.802029441806297e-13,6.361500215490423e-11
3.9,10,-0.2706738974019282,1.228956172938389e-13,-7.888645292553064e-11
4.100000000000001,10,-0.2068831283719615,9.366379200015373e-14,1.026773110979206e-10
4.3,10,-0.1432979969285498,-1.358583384680756e-13,1.269259142233636e-10
4.5,10,-0.07987506850948361,-1.221071854740074e-14,-8.218947744609295e-11
4.700000000000001,10,-0.01654972394776475,1.803591997973086e-14,9.376743825839639e-11
4.9,10,0.04675434354865119,-5.153863447127093e-15,1.465036980619061e-10
5.100000000000001,10,0.1101158130611213,-4.029415689998927e-14,-5.974176708889444e-11
5.3,10,0.1736064662206426,9.196463035543445e-14,4.662248365150389e-11
5.5,10,0.237281811951508,1.936610594110987e-13,1.329077958800439e-10
5.700000000000001,10,0.3011715145389329,-2.327686654535199e-13,-4.909495032734412e-11
5.9,10,0.365269659862178,6.899168736307359e-14,-8.250744532034559e-11
6.100000000000001,10,0.429525061640769,2.194962961388213e-13,-2.574723767523323e-11
6.3,10,0.4938319302080741,9.26186211058777e-14,-1.001254634758197e-10
6.5,10,0.5580212965908713,2.768705403832783e-13,-4.011790899483003e-13
6.699999999999999,10,0.6218535641803328,3.414178662008993e-13,-8.543876717226339e-11
6.900000000000002,10,0.6850125521663202,3.140144394508936e-13,1.353627210320951e-10
7.100000000000001,10,0.7471014717233185,-1.368124363798628e-13,3.116401581237937e-11
7.3,10,0.8076416359168538,-6.781433053992813e-13,3.078404198220141e-11
7.5,10,0.8660752624628302,-3.897247108364254e-13,-7.45797867907072e-12
7.699999999999999,10,0.9217742960727152,1.580645336840547e-13,9.572842518679181e-12
7.900000000000002,10,0.9740571710359975,-7.709492766405645e-13,8.338080226266697e-11
8.100000000000001,10,1.022214402352302,-6.269949837101052e-13,-7.324219009063881e-11
8.3,10,1.065541670895624,9.113213655931318e-13,-6.893791093531831e-11
8.5,10,1.103376311592817,4.121477464869016e-13,5.29280508310137e-11
8.699999999999999,10,1.135131096321863,-4.39344741143266e-13,1.917904723924834e-11
8.900000000000002,10,1.160319269606421,-3.000412418519005e-13,4.168176914731702e-11
9.100000000000001,10,1.178567341057602,3.916693358529954e-13,3.180358754129031e-11
9.3,10,1.189616275689591,7.213379199511038e-13,1.451357783954776e-11
9.5,10,1.193315492222126,-8.758011676990307e-13,6.179085021429386e-15