-9.5,-2.399999999999999,1.701481896538839,1.359021471747379e-10,9.556797667346211e-7
-9.3,-2.399999999999999,1.689477128021876,-1.41419518456809e-10,0.09126583197803608
-9.099999999999999,-2.399999999999999,1.650661281604769,-5.032719380126948e-11,0.1433789602480967
-8.9,-2.399999999999999,1.754655276857312,2.358653550249556e-11,0.1138223724858012
-8.699999999999999,-2.399999999999999,1.923248133006108,1.828436707596026e-12,0.2971948178108153
-8.5,-2.399999999999999,1.961530779585438,-1.196980015105708e-12,0.721182472974165
-8.3,-2.399999999999999,1.589175985632484,-9.907526188346338e-13,0.9458729002543862
-8.099999999999999,-2.399999999999999,1.344452593627636,9.77648517697105e-13,0.9577597074861619
-7.9,-2.399999999999999,1.17129448208462,-3.245251289918371e-13,0.9339892736944409
-7.7,-2.399999999999999,1.046884107243347,-8.506216564452273e-13,0.8998658369060335
-7.5,-2.399999999999999,0.9560266947455894,8.971989817752046e-14,0.8745750732346568
-7.299999999999999,-2.399999999999999,0.8802930823503295,-1.659471171588933e-13,0.8674547992540755
-7.099999999999999,-2.399999999999999,0.8001344972860925,-3.30818705762681e-13,0.8778239538010088
-6.9,-2.399999999999999,0.7001199975135982,-2.028308077051121e-13,0.8873880380022436
-6.699999999999999,-2.399999999999999,0.5952919784164103,2.158065393054187e-13,0.8735351234204762
-6.5,-2.399999999999999,0.5058865222576569,-2.133709875451472e-13,0.8458127568325116
-6.299999999999999,-2.399999999999999,0.4308495703691003,-1.472572064287192e-13,0.8173807192132198
-6.099999999999999,-2.399999999999999,0.3650068363519607,6.108308303609533e-14,0.792453972099768
-5.9,-2.399999999999999,0.3049145512620002,1.705233176885201e-14,0.7717716437858418
-5.699999999999999,-2.399999999999999,0.2485230424724832,-1.078963307588054e-13,0.7552116479053292
-5.5,-2.399999999999999,0.1945410678525743,1.005376337737118e-13,0.74250590173243
-5.299999999999999,-2.399999999999999,0.1420572187311616,-9.494141584021065e-14,0.7334151451569249
-5.099999999999999,-2.399999999999999,0.09030223023533864,-5.646177969609311e-14,0.7277317864256618
-4.899999999999999,-2.399999999999999,0.03850399119803391,-3.001418558135071e-14,0.7251026319313835
-4.699999999999999,-2.399999999999999,-0.01374357634793868,1.016547956922409e-15,0.7246970160891057
-4.5,-2.399999999999999,-0.06578537350195466,4.32466562561018e-14,0.7261451425499492
-4.299999999999999,-2.399999999999999,-0.1174697238044098,-1.154285000914967e-14,0.7302911505652418
-4.099999999999999,-2.399999999999999,-0.1694991450793532,-8.108097526715596e-15,0.7377132246232686
-3.899999999999999,-2.399999999999999,-0.2226392781950708,-5.832660743276818e-14,0.7486538039389784
-3.699999999999999,-2.399999999999999,-0.2777064223989672,-1.111940400866373e-13,0.76333139688271
-3.5,-2.399999999999999,-0.335768390541678,9.518601185032338e-14,0.7820113323983251
-3.299999999999999,-2.399999999999999,-0.3984374775737465,-1.368267478485396e-13,0.8049334046453656
-3.099999999999999,-2.399999999999999,-0.4683706948418306,-8.737119101126511e-14,0.831952356013715
-2.899999999999999,-2.399999999999999,-0.5499627778623876,-1.6566826036013e-13,0.8611431668365151
-2.699999999999999,-2.399999999999999,-0.6480281517575823,-2.203333002159801e-13,0.8844072686956681
-2.5,-2.399999999999999,-0.7543714650128186,6.119410533855784e-14,0.8859791165452181
-2.299999999999999,-2.399999999999999,-0.8441446521027371,-2.10546857726257e-13,0.8726170598601809
-2.099999999999999,-2.399999999999999,-0.9200149752190907,-4.720997898166601e-13,0.8704831259359376
-1.899999999999999,-2.399999999999999,-1.001810026197138,3.792278990832898e-13,0.8875472959485269
-1.699999999999999,-2.399999999999999,-1.1085326022939,-3.443703655570118e-13,0.919062050120512
-1.5,-2.399999999999999,-1.257270765353099,1.364672264081434e-13,0.949872836076383
-1.299999999999998,-2.399999999999999,-1.461508172607327,-4.011131704562132e-13,0.9577199333475965
-1.099999999999999,-2.399999999999999,-1.769101189934706,4.498415528964017e-13,0.8937977568801082
-0.9000000000000003,-2.399999999999999,-1.990479300511635,3.405945664392007e-12,0.4712448962969222
-0.6999999999999992,-2.399999999999999,-1.869663157506746,9.80701284070129e-12,0.1977921513589246
-0.5,-2.399999999999999,-1.715895667393968,3.313894297862773e-11,0.08508260487850821
-0.2999999999999989,-2.399999999999999,-1.674281016609554,7.110934757692533e-11,0.0495107874056718
-0.09999999999999964,-2.399999999999999,-1.616960357602569,-9.410994206149325e-11,-0.01516143451793272
0.1000000000000014,-2.399999999999999,-1.616960357875326,-8.983959409736286e-11,0.01516143469906419
0.3000000000000007,-2.399999999999999,-1.674281016657404,6.066426527784329e-11,-0.04951078751560615
0.5,-2.399999999999999,-1.715895667152317,-7.339894664282198e-11,-0.08508260513644788
0.700000000000001,-2.399999999999999,-1.869663158061263,-4.009251264314173e-12,-0.1977921506855928
0.9000000000000003,-2.399999999999999,-1.990479299415409,-2.969093720883719e-12,-0.4712448971988685
1.100000000000001,-2.399999999999999,-1.769101188278396,8.28503932126523e-15,-0.8937977572181251
1.3,-2.399999999999999,-1.461508173276671,-8.633059545015697e-13,-0.9577199326324613
1.5,-2.399999999999999,-1.257270765399323,-4.257913466254592e-13,-0.9498728356607868
1.700000000000001,-2.399999999999999,-1.10853260220379,-8.069725443426989e-13,-0.9190620503078964
1.9,-2.399999999999999,-1.001810026354714,4.325671765226246e-13,-0.8875472957278584
2.100000000000001,-2.399999999999999,-0.9200149751072177,4.602221381766469e-14,-0.8704831260592502
2.3,-2.399999999999999,-0.8441446522162264,-1.112061831509692e-13,-0.8726170598520383
2.5,-2.399999999999999,-0.7543714653070449,1.156193196738541e-14,-0.8859791163245136
2.700000000000001,-2.399999999999999,-0.6480281516809947,-2.243118885081329e-13,-0.8844072687953288
2.9,-2.399999999999999,-0.5499627779843635,8.607697887796916e-15,-0.8611431665833875
3.100000000000001,-2.399999999999999,-0.4683706948097653,-9.495456179155203e-14,-0.8319523557895955
3.3,-2.399999999999999,-0.398437477570594,-7.192033427139144e-14,-0.8049334044457673
3.5,-2.399999999999999,-0.3357683907227607,-7.098314991349496e-14,-0.7820113325271257
3.700000000000001,-2.399999999999999,-0.2777064224358805,-9.609153750478327e-14,-0.763331396896515
3.9,-2.399999999999999,-0.2226392782128866,3.274117088558625e-14,-0.7486538037664136
4.100000000000001,-2.399999999999999,-0.1694991450419167,-6.115941086903831e-14,-0.7377132248094671
4.3,-2.399999999999999,-0.1174697236360831,3.774584811377934e-14,-0.7302911506525018
4.5,-2.399999999999999,-0.06578537355473684,1.172673069760321e-15,-0.7261451424510614
4.700000000000001,-2.399999999999999,-0.01374357636184958,2.345346139520643e-15,-0.7246970159591493
4.9,-2.399999999999999,0.03850399117606109,-9.128114930589958e-15,-0.725102631977379
5.100000000000001,-2.399999999999999,0.09030223013861275,5.788078349944214e-14,-0.7277317862464605
5.3,-2.399999999999999,0.1420572186737681,-7.431555371084641e-14,-0.7334151452760809
5.5,-2.399999999999999,0.194541067826593,1.015264261550186e-13,-0.7425059014842965
5.700000000000001,-2.399999999999999,0.2485230424190565,1.683375661087893e-14,-0.7552116479378028
5.9,-2.399999999999999,0.304914551368719,5.981673489863226e-14,-0.7717716439528958
6.100000000000001,-2.399999999999999,0.3650068366100941,-1.50112561270177e-13,-0.7924539722504468
6.3,-2.399999999999999,0.4308495702137475,6.405986852087153e-14,-0.8173807191438626
6.5,-2.399999999999999,0.5058865222839629,3.970435091815716e-14,-0.8458127565766797
6.699999999999999,-2.399999999999999,0.5952919780597172,-1.576863639662917e-13,-0.8735351238198332
6.900000000000002,-2.399999999999999,0.7001199978821994,-1.923218528876447e-13,-0.8873880377889144
7.100000000000001,-2.399999999999999,0.8001344973178674,-2.981365154752779e-13,-0.8778239537484631
7.3,-2.399999999999999,0.8802930825001387,-7.058936768444823e-14,-0.8674547991546907
7.5,-2.399999999999999,0.9560266948357637,-2.428508782958971e-13,-0.8745750731062741
7.699999999999999,-2.399999999999999,1.046884107303543,-5.79963160829422e-13,-0.8998658370454482
7.900000000000002,-2.399999999999999,1.171294482040691,6.304054500638756e-13,-0.9339892736489203
8.100000000000001,-2.399999999999999,1.344452592771549,-4.325914626512883e-13,-0.9577597073686128
8.3,-2.399999999999999,1.589175985790035,-4.107478246417883e-14,-0.9458729000121284
8.5,-2.399999999999999,1.961530781597735,-1.355776602096625e-12,-0.7211824735885505
8.699999999999999,-2.399999999999999,1.923248132630128,4.681751514246101e-12,-0.2971948177300628
8.900000000000002,-2.399999999999999,1.754655275972181,-1.92005543409035e-11,-0.1138223720352455
9.100000000000001,-2.399999999999999,1.650661281571161,3.661038139313177e-11,-0.1433789602559033
9.3,-2.399999999999999,1.689477127929842,-8.157026790134303e-11,-0.09126583167188534
9.5,-2.399999999999999,1.701481896537018,-1.496288752622643e-10,-9.554881537018888e-7
-9.5,-2.299999999999999,1.67846045351157,3.854379662660001e-11,1.304868840569517e-6
-9.3,-2.299999999999999,1.67107350734033,6.180480086048767e-11,0.08154443139103738
-9.099999999999999,-2.299999999999999,1.660484285729281,-2.230238563272202e-11,0.1383456777577413
-8.9,-2.299999999999999,1.716422336825879,-2.318502681508682e-11,0.1856306555373508
-8.699999999999999,-2.299999999999999,1.801552687521518,1.01017458287167e-12,0.3456192334057638
-8.5,-2.299999999999999,1.770768025267696,2.258405268351637e-12,0.6220665802230543
-8.3,-2.299999999999999,1.550694571106729,-1.163274337967479e-12,0.8115242089578546
-8.099999999999999,-2.299999999999999,1.342865733959219,1.217980577505883e-12,0.8613532444859884
-7.9,-2.299999999999999,1.182245910497737,-9.148029556094172e-13,0.8621344613404008
-7.7,-2.299999999999999,1.059210477592036,5.860763263587642e-13,0.8466409365398071
-7.5,-2.299999999999999,0.9628222058159429,-4.811116782743596e-13,0.8324821912534401
-7.299999999999999,-2.299999999999999,0.8794306487829323,1.922038916912782e-13,0.8282310462359276
-7.099999999999999,-2.299999999999999,0.7950153176399216,1.584773978713371e-13,0.8332778421514632
-6.9,-2.299999999999999,0.7012194479160351,-2.511046925945947e-13,0.8364263042361472
-6.699999999999999,-2.299999999999999,0.6054347308199852,-1.087047118986106e-13,0.8260076616068008
-6.5,-2.299999999999999,0.5189299118982406,-7.453759831577144e-14,0.8052667287584431
-6.299999999999999,-2.299999999999999,0.4432684556716206,-8.09734224116454e-14,0.7821405387308466
-6.099999999999999,-2.299999999999999,0.3757446963941313,1.524128045993222e-14,0.760698975253416
-5.9,-2.299999999999999,0.313771869991042,-3.388608837973095e-14,0.7422965511839199
-5.699999999999999,-2.299999999999999,0.2555388071510224,7.144979052853273e-14,0.7272447770140081
-5.5,-2.299999999999999,0.199802992323099,1.257327575387989e-14,0.7155204476823785
-5.299999999999999,-2.299999999999999,0.1456534892193519,-5.917488721252084e-14,0.707005977528681
-5.099999999999999,-2.299999999999999,0.09234407855679441,3.039929419301756e-14,0.7015336454806555
-4.899999999999999,-2.299999999999999,0.03923531652789524,1.144917494144692e-14,0.6988011864699319
-4.699999999999999,-2.299999999999999,-0.01398869296111575,-9.506284648352902e-16,0.6983215509959327
-4.5,-2.299999999999999,-0.06715371903437476,2.813721478034381e-14,0.6999223434247223
-4.299999999999999,-2.299999999999999,-0.1202977077395232,4.00599692307324e-14,0.7040302776329345
-4.099999999999999,-2.299999999999999,-0.1739468197512227,-5.381979584218044e-14,0.7110588783772505
-3.899999999999999,-2.299999999999999,-0.2287997582956573,-1.721539577559383e-14,0.7212279689806073
-3.699999999999999,-2.299999999999999,-0.2856703643739672,1.499321500286754e-14,0.7346796796054159
-3.5,-2.299999999999999,-0.3456123580818718,4.994615832032423e-14,0.7515020277860946
-3.299999999999999,-2.299999999999999,-0.4101230750264371,4.323668159611493e-14,0.7716038388726566
-3.099999999999999,-2.299999999999999,-0.4813983223621689,4.111305480086757e-14,0.7942939258695433
-2.899999999999999,-2.299999999999999,-0.5623153107396408,-3.470314313691602e-15,0.817142344073663
-2.699999999999999,-2.299999999999999,-0.6543725260001078,-1.111367942119301e-13,0.8339909527777412
-2.5,-2.299999999999999,-0.751117703645416,1.47644049763862e-13,0.8372545502213454
-2.299999999999999,-2.299999999999999,-0.8403502471837505,5.770731115184446e-14,0.8314492193120695
-2.099999999999999,-2.299999999999999,-0.9230862520979403,-2.216421490786046e-13,0.8305640139515985
-1.899999999999999,-2.299999999999999,-1.011931769522469,4.789779683989081e-13,0.8404181412911064
-1.699999999999999,-2.299999999999999,-1.121079299530216,4.848378643007578e-13,0.8566843879159233
-1.5,-2.299999999999999,-1.262781063866231,-7.154624115379704e-13,0.8659959248295486
-1.299999999999998,-2.299999999999999,-1.446078371683608,3.825446903693574e-13,0.8454123184235296
-1.099999999999999,-2.299999999999999,-1.674231665167444,-1.662548571035316e-12,0.7413291424039351
-0.9000000000000003,-2.299999999999999,-1.819622570366387,2.837386575693656e-12,0.47749157332818
-0.6999999999999992,-2.299999999999999,-1.782854576083455,1.532562271533421e-11,0.2500802797127316
-0.5,-2.299999999999999,-1.702729477243007,5.742351039117465e-13,0.1302027698894491
-0.2999999999999989,-2.299999999999999,-1.659034118317319,1.992268156003618e-11,0.06546184300960261
-0.09999999999999964,-2.299999999999999,-1.624418567270493,-4.595787639338766e-11,0.0113696909880591
0.1000000000000014,-2.299999999999999,-1.62441856733259,-6.20281742635953e-11,-0.01136969108786489
0.3000000000000007,-2.299999999999999,-1.659034118174431,-3.945831855700632e-11,-0.06546184325832771
0.5,-2.299999999999999,-1.702729477012405,-2.177372171452418e-11,-0.1302027696368869
0.700000000000001,-2.299999999999999,-1.78285457657245,5.717405715532919e-12,-0.25008027992414
0.9000000000000003,-2.299999999999999,-1.819622569885488,1.961167339636915e-12,-0.4774915735976714
1.100000000000001,-2.299999999999999,-1.67423166510294,-1.44248502031985e-12,-0.741329142502818
1.3,-2.299999999999999,-1.446078371740307,1.228520757345918e-12,-0.8454123177637866
1.5,-2.299999999999999,-1.262781063924566,-5.065010910687561e-13,-0.8659959248644533
1.700000000000001,-2.299999999999999,-1.121079299303726,-1.325085874359643e-13,-0.8566843881570958
1.9,-2.299999999999999,-1.011931769602185,1.894040480010517e-13,-0.8404181415134592
2.100000000000001,-2.299999999999999,-0.9230862521535458,-3.779199175824032e-13,-0.8305640137159507
2.3,-2.299999999999999,-0.8403502471049455,2.652565667116135e-14,-0.8314492192951635
2.5,-2.299999999999999,-0.7511177036779925,-7.934625179117915e-15,-0.8372545502977886
2.700000000000001,-2.299999999999999,-0.6543725261224725,1.088079279454312e-13,-0.8339909530265483
2.9,-2.299999999999999,-0.5623153112065258,-4.388416713352327e-14,-0.8171423441078049
3.100000000000001,-2.299999999999999,-0.4813983222537783,3.593544732616305e-14,-0.7942939258840996
3.3,-2.299999999999999,-0.4101230751563553,2.069395002579632e-14,-0.7716038387860868
3.5,-2.299999999999999,-0.3456123578757048,-3.736420894906444e-14,-0.7515020277066529
3.700000000000001,-2.299999999999999,-0.2856703643880461,-1.917216385649567e-14,-0.7346796797075921
3.9,-2.299999999999999,-0.2287997584097692,4.685835053308551e-14,-0.7212279690711576
4.100000000000001,-2.299999999999999,-0.1739468198933678,3.380108692940808e-14,-0.7110588785313877
4.3,-2.299999999999999,-0.1202977078337072,3.965057449040188e-14,-0.7040302776168914
4.5,-2.299999999999999,-0.06715371914618735,-2.854660952067433e-14,-0.6999223435615346
4.700000000000001,-2.299999999999999,-0.01398869287638045,1.935951399190116e-15,-0.6983215507989842
4.9,-2.299999999999999,0.03923531635636325,1.700029006457271e-16,-0.6988011865097369
5.100000000000001,-2.299999999999999,0.09234407836488697,1.484229406045756e-14,-0.7015336456451883
5.3,-2.299999999999999,0.1456534892778329,-2.708944180085382e-14,-0.7070059775993442
5.5,-2.299999999999999,0.1998029925217214,5.689893001203927e-14,-0.7155204476972567
5.700000000000001,-2.299999999999999,0.2555388071121375,-6.312658729079601e-14,-0.7272447772833117
5.9,-2.299999999999999,0.3137718699141722,6.175268629782237e-14,-0.7422965510935857
6.100000000000001,-2.299999999999999,0.3757446964670297,-7.599476603559196e-14,-0.7606989751749985
6.3,-2.299999999999999,0.4432684556805724,1.527875048701332e-13,-0.7821405385709598
6.5,-2.299999999999999,0.5189299119006316,-1.469310784152355e-14,-0.8052667286142494
6.699999999999999,-2.299999999999999,0.6054347310497554,-8.394673844946964e-14,-0.826007661398725
6.900000000000002,-2.299999999999999,0.7012194479983112,-4.346523141407487e-14,-0.8364263043761981
7.100000000000001,-2.299999999999999,0.7950153173096984,7.545006286413524e-14,-0.8332778422521098
7.3,-2.299999999999999,0.879430649081262,-1.426081475131013e-13,-0.8282310460633796
7.5,-2.299999999999999,0.9628222056628112,-5.941670766507201e-13,-0.8324821914696207
7.699999999999999,-2.299999999999999,1.059210477716648,5.794878465970043e-13,-0.8466409365130105
7.900000000000002,-2.299999999999999,1.182245910966766,-4.783951013109799e-13,-0.8621344618442551
8.100000000000001,-2.299999999999999,1.342865734343328,-1.403120675202984e-12,-0.8613532437444458
8.3,-2.299999999999999,1.550694570703611,-8.976708265606703e-13,-0.8115242085899958
8.5,-2.299999999999999,1.770768024201046,-4.908261297398297e-13,-0.6220665803510053
8.699999999999999,-2.299999999999999,1.801552687538044,-1.406253585800598e-12,-0.3456192334309968
8.900000000000002,-2.299999999999999,1.716422336609823,-4.675357323513651e-13,-0.1856306552319209
9.100000000000001,-2.299999999999999,1.660484285763761,-2.691676742605508e-12,-0.1383456777110988
9.3,-2.299999999999999,1.671073507174002,-4.17946857678153e-11,-0.0815444313132889
9.5,-2.299999999999999,1.678460453683269,1.646735525717701e-11,-1.305041302655796e-6
-9.5,-2.199999999999999,1.647360478083945,-8.421610631081932e-12,1.597902810183266e-6
-9.3,-2.199999999999999,1.643587591205403,-1.097536644900643e-11,0.07676440726986817
-9.099999999999999,-2.199999999999999,1.642407378715742,-6.76592462611758e-12,0.1431462113392237
-8.9,-2.199999999999999,1.67107153922059,1.319466064186869e-11,0.2187823267482794
-8.699999999999999,-2.199999999999999,1.702600149555042,-1.031719848443302e-12,0.3596737822830483
-8.5,-2.199999999999999,1.654026749491615,3.800522396790739e-12,0.5576369735702781
-8.3,-2.199999999999999,1.499984991882321,8.115973171296531e-13,0.7101850046739347
-8.099999999999999,-2.199999999999999,1.329457963830069,-1.413008599016052e-12,0.7757622474694608
-7.9,-2.199999999999999,1.183707035122454,-3.793285130448964e-13,0.7940672667292507
-7.7,-2.199999999999999,1.064763421065787,-6.147859998861804e-14,0.7928134605668031
-7.5,-2.199999999999999,0.9663357091323882,-4.456157665089222e-13,0.7876718030979378
-7.299999999999999,-2.199999999999999,0.8788963517913928,-3.21020987570364e-13,0.7863592226611164
-7.099999999999999,-2.199999999999999,0.792779382310308,-2.086178452209708e-14,0.7890879729788452
-6.9,-2.199999999999999,0.7028961155972327,2.138914045879403e-13,0.7894511067892018
-6.699999999999999,-2.199999999999999,0.6128920893193532,-1.598027266069834e-14,0.7811110363717942
-6.5,-2.199999999999999,0.5291709752261585,1.026713436491633e-13,0.7651792715001541
-6.299999999999999,-2.199999999999999,0.4536610009512983,9.560061076108183e-14,0.746410293260059
-6.099999999999999,-2.199999999999999,0.3851098752818012,3.365363543395005e-15,0.7281588655828061
-5.9,-2.199999999999999,0.3217025695679446,1.753458489517356e-14,0.7119748988240387
-5.699999999999999,-2.199999999999999,0.2619328231838424,-2.549349620295515e-14,0.6984426565654136
-5.5,-2.199999999999999,0.2046670717695373,2.881375693597476e-14,0.6877301340883349
-5.299999999999999,-2.199999999999999,0.1490368541740516,2.813374533339185e-14,0.6798313793824397
-5.099999999999999,-2.199999999999999,0.09433918236704144,-3.833738881908743e-15,0.6746408263871823
-4.899999999999999,-2.199999999999999,0.04001313836343575,-2.942091015256664e-15,0.671941318825783
-4.699999999999999,-2.199999999999999,-0.01425798182312786,-3.740063814205996e-15,0.6714456966618522
-4.5,-2.199999999999999,-0.06853941498494237,-4.614364446098306e-15,0.6730656466810316
-4.299999999999999,-2.199999999999999,-0.1229981521228752,-1.779826286352204e-14,0.6770317992436343
-4.099999999999999,-2.199999999999999,-0.1780912468338341,2.386285613553695e-14,0.683616413384254
-3.899999999999999,-2.199999999999999,-0.2344564941989959,1.174407793236298e-15,0.6929792256369271
-3.699999999999999,-2.199999999999999,-0.2928719187657237,5.387530699341169e-14,0.7051802546320142
-3.5,-2.199999999999999,-0.3543263544418251,7.020859588147132e-14,0.7201582548884051
-3.299999999999999,-2.199999999999999,-0.4201336920714918,-8.848173929654201e-14,0.7375853902465792
-3.099999999999999,-2.199999999999999,-0.4919957886847715,6.163233985667648e-14,0.7564914576409201
-2.899999999999999,-2.199999999999999,-0.5716606907866497,-9.054128974339548e-14,0.774525208229808
-2.699999999999999,-2.199999999999999,-0.6592261945696347,7.792724798783012e-14,0.7873557977494092
-2.5,-2.199999999999999,-0.7502616610451526,-6.715634992549013e-14,0.7911385842651387
-2.299999999999999,-2.199999999999999,-0.8384618550325404,-1.806003263604694e-13,0.7887144967059061
-2.099999999999999,-2.199999999999999,-0.9246238712981624,1.240119118506299e-13,0.7876985972367085
-1.899999999999999,-2.199999999999999,-1.016916534640187,2.447556046725196e-13,0.7914334104841258
-1.699999999999999,-2.199999999999999,-1.125340334136542,-1.125453896744232e-13,0.7958010337675934
-1.5,-2.199999999999999,-1.257960622422789,6.797860885310314e-13,0.7891038805666679
-1.299999999999998,-2.199999999999999,-1.417708446374673,1.437090030309562e-12,0.750844344559121
-1.099999999999999,-2.199999999999999,-1.590136378856304,1.894248646827634e-12,0.6453508782837594
-0.9000000000000003,-2.199999999999999,-1.70085990033906,3.197900277918108e-12,0.4562658682188114
-0.6999999999999992,-2.199999999999999,-1.704962594390413,-3.051572883272513e-12,0.2751461229913054
-0.5,-2.199999999999999,-1.665944600335462,-1.511581831925568e-11,0.1565096519681029
-0.2999999999999989,-2.199999999999999,-1.634360443277974,-2.770237511606765e-11,0.0801052331263474
-0.09999999999999964,-2.199999999999999,-1.612975950461638,2.900239770564638e-11,0.02217930819325002
0.1000000000000014,-2.199999999999999,-1.612975950576842,-2.906259954915668e-11,-0.02217930820252386
0.3000000000000007,-2.199999999999999,-1.634360443316642,-4.705881517796939e-12,-0.08010523296114642
0.5,-2.199999999999999,-1.665944600239641,7.162541393324062e-12,-0.1565096516716113
0.700000000000001,-2.199999999999999,-1.704962595167222,-9.725761862533488e-13,-0.2751461229768011
0.9000000000000003,-2.199999999999999,-1.700859900920591,4.518052598712074e-12,-0.4562658682862899
1.100000000000001,-2.199999999999999,-1.590136378161694,-1.115354336667095e-12,-0.6453508775910769
1.3,-2.199999999999999,-1.417708446138383,-9.868807160362536e-13,-0.7508443443870811
1.5,-2.199999999999999,-1.257960622686018,-6.19677920088435e-14,-0.7891038807367467
1.700000000000001,-2.199999999999999,-1.125340334235696,5.707760653006488e-13,-0.7958010336207451
1.9,-2.199999999999999,-1.016916534600094,-3.197581088798529e-13,-0.7914334104281892
2.100000000000001,-2.199999999999999,-0.9246238713482968,-1.609372357602723e-13,-0.7876985972117995
2.3,-2.199999999999999,-0.8384618549037671,-1.882678041242869e-13,-0.788714496803917
2.5,-2.199999999999999,-0.7502616611060878,1.31564897865033e-13,-0.7911385840358099
2.700000000000001,-2.199999999999999,-0.6592261946914086,-1.910624436440855e-14,-0.7873557977993751
2.9,-2.199999999999999,-0.5716606911450471,1.049715869783085e-13,-0.7745252081956054
3.100000000000001,-2.199999999999999,-0.4919957888088554,-7.328252588090222e-14,-0.75649145771606
3.3,-2.199999999999999,-0.4201336921765077,3.980192911368085e-14,-0.7375853904296451
3.5,-2.199999999999999,-0.3543263542630609,6.04195513065342e-14,-0.7201582551426548
3.700000000000001,-2.199999999999999,-0.2928719187608139,-5.071984499060988e-14,-0.7051802546791339
3.9,-2.199999999999999,-0.2344564941585539,3.083644450896372e-14,-0.6929792255886102
4.100000000000001,-2.199999999999999,-0.1780912468632925,-4.378962470408254e-14,-0.6836164132713046
4.3,-2.199999999999999,-0.1229981521294454,1.188979470434503e-14,-0.6770317993456771
4.5,-2.199999999999999,-0.06853941513188628,1.145958328230278e-14,-0.673065646610179
4.700000000000001,-2.199999999999999,-0.0142579818042396,1.221245327087672e-15,-0.6714456968513707
4.9,-2.199999999999999,0.04001313858125897,-1.024874629607097e-14,-0.6719413189477647
5.100000000000001,-2.199999999999999,0.09433918245861409,-3.827146932700031e-14,-0.67464082644059
5.3,-2.199999999999999,0.1490368540565751,-4.523811880652317e-14,-0.6798313793253905
5.5,-2.199999999999999,0.2046670715212396,6.149941667032976e-14,-0.687730133999667
5.700000000000001,-2.199999999999999,0.2619328233343573,7.59843576947361e-14,-0.6984426566418867
5.9,-2.199999999999999,0.3217025696582514,1.951910855169103e-14,-0.7119748990379197
6.100000000000001,-2.199999999999999,0.3851098751596754,-4.604996939328032e-14,-0.7281588655271593
6.3,-2.199999999999999,0.4536610010509377,6.902464710911715e-14,-0.7464102932837193
6.5,-2.199999999999999,0.5291709756416485,1.018317374867905e-13,-0.7651792717145278
6.699999999999999,-2.199999999999999,0.6128920892209046,-1.335632993093582e-13,-0.7811110365448295
6.900000000000002,-2.199999999999999,0.7028961154908686,1.996146303806511e-13,-0.7894511068022894
7.100000000000001,-2.199999999999999,0.7927793823296754,1.977966401778275e-13,-0.7890879729683256
7.3,-2.199999999999999,0.8788963518317157,5.118475088217167e-14,-0.7863592226159251
7.5,-2.199999999999999,0.9663357089660342,3.025982242554903e-13,-0.7876718030141441
7.699999999999999,-2.199999999999999,1.064763420867703,-3.60881463601359e-13,-0.7928134605307776
7.900000000000002,-2.199999999999999,1.18370703497692,5.54750689829575e-13,-0.7940672669629494
8.100000000000001,-2.199999999999999,1.329457964324972,-8.385410421585248e-13,-0.7757622474518135
8.3,-2.199999999999999,1.499984992199095,1.750776607023496e-12,-0.7101850053698733
8.5,-2.199999999999999,1.654026748881403,1.29650457036945e-12,-0.5576369735373032
8.699999999999999,-2.199999999999999,1.702600149852159,4.529994435120698e-12,-0.3596737829554485
8.900000000000002,-2.199999999999999,1.671071539274939,-3.848341784129516e-12,-0.2187823268959269
9.100000000000001,-2.199999999999999,1.642407378865513,1.176119618362392e-11,-0.1431462115363452
9.3,-2.199999999999999,1.643587591136144,-5.883026704678329e-12,-0.07676440711642285
9.5,-2.199999999999999,1.64736047815137,-2.892992789771398e-11,-1.59781155939509e-6
-9.5,-2.099999999999999,1.614163435748483,5.285379772734799e-12,1.835452256071512e-6
-9.3,-2.099999999999999,1.61213748978865,-8.386624728018432e-13,0.07462245235023357
-9.099999999999999,-2.099999999999999,1.611875465243655,-8.331356438073811e-13,0.1469776769067806
-8.9,-2.099999999999999,1.62242593432735,-9.208397933058165e-12,0.231922275520615
-8.699999999999999,-2.099999999999999,1.623585638840281,3.354469479965871e-13,0.3556290426851586
-8.5,-2.099999999999999,1.56974043643568,2.508816071555841e-12,0.5075121694311557
-8.3,-2.099999999999999,1.450223377701753,9.622788676999505e-13,0.6322675141974548
-8.099999999999999,-2.099999999999999,1.30911207102298,-7.807990365371608e-14,0.7012859867640639
-7.9,-2.099999999999999,1.178275402163777,1.57145130241787e-13,0.730590726762144
-7.7,-2.099999999999999,1.065077715232581,3.96786770107127e-13,0.7397339081384961
-7.5,-2.099999999999999,0.9670754129894658,3.647672441875471e-13,0.741695965222521
-7.299999999999999,-2.099999999999999,0.8781243990193574,1.432881591156842e-14,0.7432681982045472
-7.099999999999999,-2.099999999999999,0.7917622937641284,-1.421709971971552e-13,0.7454630518386473
-6.9,-2.099999999999999,0.7046686956956216,1.211079847518448e-13,0.7449166417584354
-6.699999999999999,-2.099999999999999,0.6186058731136279,-5.439398931272876e-14,0.7381932749031959
-6.5,-2.099999999999999,0.5372737546805057,3.875025300636991e-14,0.7257403686142528
-6.299999999999999,-2.099999999999999,0.4623014721899377,-5.560482629896057e-14,0.7104997538210557
-6.099999999999999,-2.099999999999999,0.3931945999770589,-3.771635781468774e-14,0.6950768009129648
-5.9,-2.099999999999999,0.3287295489363203,-1.427330476033716e-14,0.6809791740275432
-5.699999999999999,-2.099999999999999,0.2677037115565287,-2.491756800893085e-14,0.6689303457191372
-5.5,-2.099999999999999,0.2091228265600096,3.770941892078383e-14,0.6592328362356589
-5.299999999999999,-2.099999999999999,0.1521872215548747,9.593020822151743e-15,0.6519753802535994
-5.099999999999999,-2.099999999999999,0.0962454969679137,2.442490654175344e-15,0.647120461725272
-4.899999999999999,-2.099999999999999,0.04078518267192389,6.938893903907228e-18,0.6445341350685691
-4.699999999999999,-2.099999999999999,-0.01452841184598315,4.198030811863873e-15,0.6440499131063437
-4.5,-2.099999999999999,-0.06988817140199708,2.317590563905014e-15,0.6456204418605694
-4.299999999999999,-2.099999999999999,-0.125541608784107,6.505213034913026e-15,0.6493737478731707
-4.099999999999999,-2.099999999999999,-0.1819177974362141,-3.495641276440864e-14,0.6554758379998539
-3.899999999999999,-2.099999999999999,-0.2396024707845707,-1.453351328173369e-14,0.6640171157350449
-3.699999999999999,-2.099999999999999,-0.299318286893582,4.813337228792846e-14,0.6749793576068582
-3.5,-2.099999999999999,-0.3619588873055549,-3.45400791301742e-14,0.6881858014477747
-3.299999999999999,-2.099999999999999,-0.428631644514051,5.846191586389437e-14,0.703160981638758
-3.099999999999999,-2.099999999999999,-0.5006037068545424,-3.396848774483984e-14,0.7188444327984794
-2.899999999999999,-2.099999999999999,-0.5788887131118283,-5.750001169646523e-14,0.7331900682367167
-2.699999999999999,-2.099999999999999,-0.6631050076435131,-4.032711664603283e-14,0.7431946639174736
-2.5,-2.099999999999999,-0.7503538230554273,-1.073724442690604e-13,0.7467361914951302
-2.299999999999999,-2.099999999999999,-0.8372814739835297,-2.010058786083845e-13,0.7454663148068577
-2.099999999999999,-2.099999999999999,-0.9246503350514369,1.331712518037875e-13,0.7434361414565735
-1.899999999999999,-2.099999999999999,-1.017802265268468,4.587996649263459e-14,0.7420798038478158
-1.699999999999999,-2.099999999999999,-1.1234049295371,-3.27599058991268e-13,0.7374554334220548
-1.5,-2.099999999999999,-1.24607343239571,2.283798150592986e-13,0.7196740939823579
-1.299999999999998,-2.099999999999999,-1.384373640922185,1.034526631027432e-12,0.6725818440641813
-1.099999999999999,-2.099999999999999,-1.521090856436571,1.288365247820166e-12,0.575612298847662
-0.9000000000000003,-2.099999999999999,-1.61271347560015,-1.078706568513609e-12,0.4292383977215853
-0.6999999999999992,-2.099999999999999,-1.636413769459479,-1.046752962086117e-12,0.28230979469947
-0.5,-2.099999999999999,-1.622829971618127,-6.687407572147918e-12,0.1709227425398649
-0.2999999999999989,-2.099999999999999,-1.604406921523796,-2.178229818738941e-12,0.09055297670024661
-0.09999999999999964,-2.099999999999999,-1.591663946028729,-1.256342252453635e-11,0.0275687004391725
0.1000000000000014,-2.099999999999999,-1.591663946064461,5.336092678831505e-12,-0.02756870047982436
0.3000000000000007,-2.099999999999999,-1.604406921585108,-3.674179016588397e-12,-0.09055297653440877
0.5,-2.099999999999999,-1.622829971450046,9.766000508282246e-12,-0.1709227426745909
0.700000000000001,-2.099999999999999,-1.636413769543172,-5.647149414755858e-13,-0.2823097943504879
0.9000000000000003,-2.099999999999999,-1.612713475191541,-4.147161780654329e-12,-0.4292383981234267
1.100000000000001,-2.099999999999999,-1.521090856804908,1.295852314342482e-12,-0.5756122991206095
1.3,-2.099999999999999,-1.384373640633548,9.802783584866858e-13,-0.6725818441169753
1.5,-2.099999999999999,-1.246073432497,5.922519419332417e-13,-0.7196740939313111
1.700000000000001,-2.099999999999999,-1.123404929310966,-2.093429596339291e-13,-0.7374554335023817
1.9,-2.099999999999999,-1.017802265257511,1.382227665658319e-14,-0.7420798038761344
2.100000000000001,-2.099999999999999,-0.924650335243436,-2.700686896339732e-13,-0.7434361414889867
2.3,-2.099999999999999,-0.8372814742208599,-1.214861544696077e-13,-0.7454663147125212
2.5,-2.099999999999999,-0.7503538232015971,1.300747703991689e-13,-0.7467361911723489
2.700000000000001,-2.099999999999999,-0.6631050077496218,-2.907396545737128e-15,-0.74319466383888
2.9,-2.099999999999999,-0.57888871307739,1.032247204379999e-14,-0.733190068224514
3.100000000000001,-2.099999999999999,-0.5006037066852013,-5.769451756620913e-14,-0.7188444329006034
3.3,-2.099999999999999,-0.4286316447033797,3.158627873145469e-14,-0.7031609814662327
3.5,-2.099999999999999,-0.3619588874676573,4.8841139466127e-15,-0.6881858011747921
3.700000000000001,-2.099999999999999,-0.2993182868280759,-7.034303695085952e-15,-0.6749793574996215
3.9,-2.099999999999999,-0.2396024707693996,4.145295218194178e-14,-0.6640171156365108
4.100000000000001,-2.099999999999999,-0.1819177976623118,1.247960068617715e-14,-0.6554758382200243
4.3,-2.099999999999999,-0.1255416088165421,1.207020594584662e-14,-0.6493737479700918
4.5,-2.099999999999999,-0.06988817138110223,6.175615574477433e-16,-0.6456204418450786
4.700000000000001,-2.099999999999999,-0.01452841180433076,1.165734175856414e-15,-0.6440499131530099
4.9,-2.099999999999999,0.04078518273486472,-3.594347042223944e-15,-0.6445341348659035
5.100000000000001,-2.099999999999999,0.09624549711356346,-2.504940699310509e-14,-0.6471204616861419
5.3,-2.099999999999999,0.1521872215682748,4.110947693369837e-14,-0.6519753803602607
5.5,-2.099999999999999,0.2091228264634743,-6.415007414162232e-15,-0.6592328362838043
5.700000000000001,-2.099999999999999,0.2677037115844496,4.64628335805628e-14,-0.668930345773916
5.9,-2.099999999999999,0.3287295488570746,-6.14369666251946e-14,-0.6809791741187161
6.100000000000001,-2.099999999999999,0.3931946000841363,-8.224323999606042e-14,-0.69507680093228
6.3,-2.099999999999999,0.4623014722432192,9.277301149523964e-14,-0.7104997538335373
6.5,-2.099999999999999,0.5372737549550841,9.832412661836542e-14,-0.7257403685261203
6.699999999999999,-2.099999999999999,0.6186058733524557,-6.645031747076757e-14,-0.7381932750479502
6.900000000000002,-2.099999999999999,0.7046686955500649,1.702492313793158e-13,-0.7449166416373754
7.100000000000001,-2.099999999999999,0.7917622937104317,4.118580476664135e-14,-0.7454630519120018
7.3,-2.099999999999999,0.8781243989976134,9.453202109988012e-14,-0.7432681982758956
7.5,-2.099999999999999,0.9670754132027676,-2.867983628362935e-13,-0.7416959651641059
7.699999999999999,-2.099999999999999,1.065077714805823,3.568291495614772e-13,-0.7397339082549616
7.900000000000002,-2.099999999999999,1.178275402227754,4.789259266946288e-13,-0.7305907270615317
8.100000000000001,-2.099999999999999,1.309112070843599,3.892927646909072e-13,-0.7012859871575657
8.3,-2.099999999999999,1.45022337771887,2.714148350513312e-14,-0.6322675138264815
8.5,-2.099999999999999,1.569740436267657,-1.621827672160236e-13,-0.5075121701299236
8.699999999999999,-2.099999999999999,1.623585638770454,-2.228738027465482e-12,-0.3556290426475961
8.900000000000002,-2.099999999999999,1.622425934279384,-8.553487779172641e-12,-0.2319222755723091
9.100000000000001,-2.099999999999999,1.611875465006588,-1.301080770899076e-12,-0.1469776770914824
9.3,-2.099999999999999,1.612137489914333,-1.747417488484615e-11,-0.07462245230342907
9.5,-2.099999999999999,1.614163435980804,6.163732718666992e-12,-1.835421130830239e-6
-9.5,-2.,1.580183050640043,-1.217222503346882e-11,2.022509048831694e-6
-9.3,-2.,1.578538486849415,-5.023564897399523e-12,0.07324229008365992
-9.099999999999999,-2.,1.576168369627865,9.101937953337468e-12,0.1478241181598897
-8.9,-2.,1.574480285681999,-1.92352730965517e-12,0.2336248357800919
-8.699999999999999,-2.,1.55886209006406,1.124125098561634e-12,0.342567852172922
-8.5,-2.,1.503978825906512,-1.951182271309193e-12,0.4651220191105013
-8.3,-2.,1.404914617561294,-1.173654923247724e-12,0.5695392552984791
-8.099999999999999,-2.,1.285522109550971,-7.982746408341512e-13,0.6365838648601411
-7.9,-2.,1.168191558680174,-6.090197790520335e-13,0.6719432249330443
-7.7,-2.,1.061481173329566,3.140890325603606e-14,0.6882707142726891
-7.5,-2.,0.9655266997652698,1.677893934903806e-13,0.6956517941395807
-7.299999999999999,-2.,0.876776634416087,1.250284598075523e-13,0.6998842780820371
-7.099999999999999,-2.,0.7910792523298315,-6.635664240306482e-14,0.7025122127652963
-6.9,-2.,0.7062300284973483,1.186863107793811e-13,0.7020548199439521
-6.699999999999999,-2.,0.6230547496124775,-9.317893678861821e-14,0.6967718336448757
-6.5,-2.,0.5437232839939782,-6.401476571049613e-14,0.6869763804493523
-6.299999999999999,-2.,0.4694560174558002,-7.879114027886657e-14,0.6746013060400599
-6.099999999999999,-2.,0.4001176663262717,4.882899640179516e-14,0.6616419187535143
-5.9,-2.,0.3348994502141731,-1.425942697252935e-14,0.6494597565327255
-5.699999999999999,-2.,0.2728656103516389,-4.459627112041175e-14,0.6388239883751281
-5.5,-2.,0.2131684823483078,4.036007639207639e-14,0.6301214060939324
-5.299999999999999,-2.,0.1550904183140691,-2.761679773755076e-15,0.6235150096965198
-5.099999999999999,-2.,0.0980348294493782,1.812439087700568e-14,0.6190302885502228
-4.899999999999999,-2.,0.0415245296254052,6.293576770843856e-15,0.6166035179504894
-4.699999999999999,-2.,-0.0147890436583889,3.719247132494274e-15,0.6161447281536669
-4.5,-2.,-0.07116800248734327,3.927413949611491e-15,0.6176288975308533
-4.299999999999999,-2.,-0.1279066463557688,1.400615734503674e-14,0.6211250603574015
-4.099999999999999,-2.,-0.1854184261278461,-2.222224140813189e-14,0.6267217834056449
-3.899999999999999,-2.,-0.2442425385057601,-1.49290302342564e-14,0.6344450849367859
-3.699999999999999,-2.,-0.3050364014277596,-2.831589129836942e-14,0.6442093035693923
-3.5,-2.,-0.3685854296503171,-3.912148383022895e-14,0.6557556353927425
-3.299999999999999,-2.,-0.4357975264706898,2.328649426064366e-15,0.66853196669104
-3.099999999999999,-2.,-0.5075953139326734,-3.313972360419192e-14,0.6814983982528165
-2.899999999999999,-2.,-0.5845502428673712,-3.241157342515066e-14,0.6929514239478131
-2.699999999999999,-2.,-0.6661899443606247,-7.61266050197662e-14,0.7007663724985385
-2.5,-2.,-0.7506516464186638,6.087318149550213e-14,0.7036148633854857
-2.299999999999999,-2.,-0.8361160538123242,1.478157873879837e-13,0.7023181754559848
-2.099999999999999,-2.,-0.9232516144098226,-1.120596671011497e-13,0.6988492659691292
-1.899999999999999,-2.,-1.015508991432056,-2.205804983113068e-13,0.6933746522096482
-1.699999999999999,-2.,-1.11704314113408,3.357245037527434e-13,0.6822180168401923
-1.5,-2.,-1.229907133146239,5.277063508390966e-13,0.657355183373994
-1.299999999999998,-2.,-1.350451081214715,-3.623906730254589e-13,0.6070447176479706
-1.099999999999999,-2.,-1.463693365241044,-2.508132590506306e-13,0.5201333684381525
-0.9000000000000003,-2.,-1.543297797986165,-1.253365466968858e-12,0.4012585561512861
-0.6999999999999992,-2.,-1.576504342268626,-2.24487789468597e-12,0.2789606014689197
-0.5,-2.,-1.578928141281842,-7.602904417147726e-12,0.176872119943605
-0.2999999999999989,-2.,-1.57144257878788,-8.092193581887841e-12,0.09660345221710153
-0.09999999999999964,-2.,-1.564933690885742,8.933152828571877e-12,0.03040506048436614
0.1000000000000014,-2.,-1.564933690983292,9.957590307863029e-13,-0.03040506054117854
0.3000000000000007,-2.,-1.571442579068344,-9.303113834846499e-13,-0.09660345205482892
0.5,-2.,-1.5789281414011,3.594104180937307e-12,-0.1768721199374069
0.700000000000001,-2.,-1.576504342589439,4.748444693003506e-12,-0.278960601936499
0.9000000000000003,-2.,-1.543297797918591,-6.66348920486115e-13,-0.4012585562743603
1.100000000000001,-2.,-1.463693364850293,-9.116596366709472e-13,-0.5201333686701146
1.3,-2.,-1.350451080970753,2.20795604022328e-13,-0.6070447173891274
1.5,-2.,-1.229907133075314,4.932929065226687e-13,-0.6573551834135393
1.700000000000001,-2.,-1.117043141038567,1.14505627202277e-13,-0.6822180169270457
1.9,-2.,-1.015508991220334,2.645106356169435e-14,-0.6933746524504469
2.100000000000001,-2.,-0.92325161434978,3.941291737419305e-15,-0.6988492660008233
2.3,-2.,-0.8361160537750987,-3.812575255501826e-14,-0.7023181757554521
2.5,-2.,-0.7506516460867325,2.230680917758576e-14,-0.7036148634928212
2.700000000000001,-2.,-0.6661899444948353,6.788666850887636e-14,-0.7007663724896224
2.9,-2.,-0.5845502424609339,-2.657943309891663e-14,-0.6929514238854812
3.100000000000001,-2.,-0.5075953138060657,-1.067158514334032e-14,-0.6814983982959075
3.3,-2.,-0.4357975262796594,-4.821056748260943e-14,-0.6685319667085685
3.5,-2.,-0.3685854296664068,3.712308238590367e-16,-0.6557556355881314
3.700000000000001,-2.,-0.3050364015123728,3.709359208681206e-14,-0.6442093035078326
3.9,-2.,-0.244242538271302,4.933553565678039e-15,-0.6344450851717842
4.100000000000001,-2.,-0.1854184262040896,-2.271143342835735e-14,-0.626721783471827
4.3,-2.,-0.1279066465160838,4.007211229506424e-15,-0.6211250603120466
4.5,-2.,-0.07116800244023252,3.799044412389207e-15,-0.6176288974410988
4.700000000000001,-2.,-0.01478904350911801,3.101685575046531e-15,-0.616144728168403
4.9,-2.,0.04152452948800253,1.337124855282922e-14,-0.6166035178763367
5.100000000000001,-2.,0.09803482930511237,-9.957312752106872e-15,-0.6190302884854903
5.3,-2.,0.1550904182963596,2.72629141484515e-14,-0.6235150098001653
5.5,-2.,0.2131684822784944,4.179295798323323e-14,-0.6301214059028741
5.700000000000001,-2.,0.2728656101384806,-2.689168332459246e-14,-0.6388239884918511
5.9,-2.,0.3348994501596921,-9.478529072737274e-15,-0.6494597563235635
6.100000000000001,-2.,0.4001176662562944,3.214442600985023e-14,-0.661641918557291
6.3,-2.,0.4694560172903061,7.063100104787167e-14,-0.6746013059244865
6.5,-2.,0.5437232840821595,-2.292957490546143e-14,-0.6869763804044748
6.699999999999999,-2.,0.6230547495708169,8.591391487122734e-14,-0.6967718336462909
6.900000000000002,-2.,0.706230028520013,-1.323594012170303e-13,-0.7020548200923949
7.100000000000001,-2.,0.7910792524192277,-1.383927694664777e-13,-0.7025122129352368
7.3,-2.,0.8767766343053018,6.769584892651892e-14,-0.6998842780457251
7.5,-2.,0.9655266999096971,3.369630963145908e-13,-0.6956517941592402
7.699999999999999,-2.,1.061481173571972,1.063732435468978e-14,-0.6882707142703874
7.900000000000002,-2.,1.168191558601503,-1.292542461950319e-13,-0.6719432248919965
8.100000000000001,-2.,1.285522109679307,5.442001016486841e-13,-0.6365838649971516
8.3,-2.,1.404914617381739,1.165175594897149e-12,-0.5695392555725772
8.5,-2.,1.503978825403121,-2.091962020278614e-12,-0.465122019185038
8.699999999999999,-2.,1.558862090144248,2.962824430241539e-12,-0.3425678524394649
8.900000000000002,-2.,1.574480285682226,-3.437566203912112e-12,-0.2336248355857128
9.100000000000001,-2.,1.576168369370383,-5.855763790529877e-12,-0.1478241182101984
9.3,-2.,1.57853848687188,2.872931059716421e-12,-0.07324229016263653
9.5,-2.,1.580183050604857,-1.152209924693004e-11,-2.022542913746039e-6
-9.5,-1.899999999999999,1.546038289381904,1.275542171885746e-13,2.164722206647595e-6
-9.3,-1.899999999999999,1.544080473686201,-5.873763281316613e-12,0.0716426149122134
-9.099999999999999,-1.899999999999999,1.538935424076132,2.987624037054104e-12,0.1457662991038475
-8.9,-1.899999999999999,1.52910358705399,-8.83553646913171e-13,0.2285751501337818
-8.699999999999999,-1.899999999999999,1.504309375575454,-3.155201794280415e-12,0.3250958984778431
-8.5,-1.899999999999999,1.450163791855549,1.644701735914466e-12,0.4276126654510811
-8.3,-1.899999999999999,1.364418436945463,-1.250711340050614e-12,0.5168672922245392
-8.099999999999999,-1.899999999999999,1.260968202818558,-4.084337035248353e-13,0.5798658549425802
-7.9,-1.899999999999999,1.155222399847184,-2.273181642920008e-13,0.617938256811771
-7.7,-1.899999999999999,1.055086774168591,-1.7950918529408e-14,0.6389122794747278
-7.5,-1.899999999999999,0.9621487085868534,2.680806965305038e-13,0.6502692675816683
-7.299999999999999,-1.899999999999999,0.8747107314416868,1.591296538983044e-13,0.6568076886881557
-7.099999999999999,-1.899999999999999,0.7902694190880961,8.3620610435986e-14,0.6603214962585861
-6.9,-1.899999999999999,0.7074042815925732,1.183012021677143e-13,0.6604640165786233
-6.699999999999999,-1.899999999999999,0.6265026890762939,4.559547184257439e-14,0.6565217992213383
-6.5,-1.899999999999999,0.5488637553450643,-2.148628497344873e-14,0.6488520598025755
-6.299999999999999,-1.899999999999999,0.4753586518522073,-1.797173521111972e-15,0.6388283048846302
-6.099999999999999,-1.899999999999999,0.406005767964293,5.088637844430365e-14,0.6279958079325339
-5.9,-1.899999999999999,0.3402735731192312,1.658742587729022e-14,0.6175430798537155
-5.699999999999999,-1.899999999999999,0.2774446619153126,-7.143591274072491e-15,0.6082278931457285
-5.5,-1.899999999999999,0.216810613332092,1.069977439982494e-14,0.6004816283292663
-5.299999999999999,-1.899999999999999,0.1577395253281501,1.255245907216817e-14,0.5945209302999541
-5.099999999999999,-1.899999999999999,0.09969034044736527,-9.547918011776346e-15,0.5904237654647992
-4.899999999999999,-1.899999999999999,0.04221688229143644,6.224187831804783e-15,0.5881818263629625
-4.699999999999999,-1.899999999999999,-0.01503426535586863,4.232725281383409e-16,0.5877557595755799
-4.5,-1.899999999999999,-0.07236074414239906,2.334937798664782e-15,0.589133843358087
-4.299999999999999,-1.899999999999999,-0.1300805213205554,2.289834988289385e-16,0.5923485688640171
-4.099999999999999,-1.899999999999999,-0.1885924071331824,-1.592042470077714e-15,0.5974324701586752
-3.899999999999999,-1.899999999999999,-0.248391657822658,-1.119764003743029e-14,0.6043578331258385
-3.699999999999999,-1.899999999999999,-0.3100670523865851,8.482797797526586e-16,0.6129856902947212
-3.5,-1.899999999999999,-0.3742950060219895,1.196959198423996e-16,0.6230046169009816
-3.299999999999999,-1.899999999999999,-0.4418065602646532,2.717281694791795e-14,0.6338360061698231
-3.099999999999999,-1.899999999999999,-0.5132668454339057,-3.751903301929537e-14,0.6445142778502819
-2.899999999999999,-1.899999999999999,-0.5889924404644271,7.511352650979574e-15,0.6536388261534246
-2.699999999999999,-1.899999999999999,-0.668558989265775,1.525342352426406e-14,0.6596449379556723
-2.5,-1.899999999999999,-0.7507693966723114,-7.345513086676192e-14,0.6615665057435111
-2.299999999999999,-1.899999999999999,-0.8346080546194887,-8.372122439759266e-14,0.6596550382874368
-2.099999999999999,-1.899999999999999,-0.9205826404825874,-8.500145032286354e-15,0.6546504568609274
-1.899999999999999,-1.899999999999999,-1.010831650560178,1.635046265047179e-13,0.6459623132107533
-1.699999999999999,-1.899999999999999,-1.107693598534669,6.673828156777972e-14,0.6302839786756742
-1.5,-1.899999999999999,-1.211505428993575,-3.948577576018408e-14,0.6013333138172072
-1.299999999999998,-1.899999999999999,-1.317880441300923,6.986078382453797e-13,0.5509837647728073
-1.099999999999999,-1.899999999999999,-1.415002627457135,1.040945107888546e-12,0.4734312491937149
-0.9000000000000003,-1.899999999999999,-1.486282016349577,2.335472093495383e-12,0.3737070149704292
-0.6999999999999992,-1.899999999999999,-1.52399013187235,2.973524204641364e-13,0.2695996955608641
-0.5,-1.899999999999999,-1.536466971583522,-2.980643509786773e-12,0.1768682871068232
-0.2999999999999989,-1.899999999999999,-1.537213361310819,3.540431836590585e-12,0.0989735740107261
-0.09999999999999964,-1.899999999999999,-1.535322898554059,1.399769189447397e-12,0.03168704959709284
0.1000000000000014,-1.899999999999999,-1.535322898343012,-7.213903086000783e-12,-0.03168704966891654
0.3000000000000007,-1.899999999999999,-1.537213361538308,4.41591208044656e-14,-0.09897357376024693
0.5,-1.899999999999999,-1.536466971505194,3.280778426706376e-13,-0.1768682868522503
0.700000000000001,-1.899999999999999,-1.52399013176731,8.706022014415282e-13,-0.2695996957162977
0.9000000000000003,-1.899999999999999,-1.486282016435914,-2.30557933855735e-12,-0.3737070148814656
1.100000000000001,-1.899999999999999,-1.415002627418265,1.013703010421807e-12,-0.4734312489392673
1.3,-1.899999999999999,-1.317880440871591,-1.603231436497765e-13,-0.5509837646261365
1.5,-1.899999999999999,-1.211505428722842,-1.807477778559274e-13,-0.601333313890163
1.700000000000001,-1.899999999999999,-1.107693598549309,3.917352553450825e-14,-0.6302839783988618
1.9,-1.899999999999999,-1.010831650595153,3.871902798380233e-15,-0.6459623129944952
2.100000000000001,-1.899999999999999,-0.9205826406009665,1.447800213050243e-14,-0.6546504564493991
2.3,-1.899999999999999,-0.8346080547371903,7.163020177003431e-14,-0.6596550382089305
2.5,-1.899999999999999,-0.7507693968126074,-6.434262844745575e-14,-0.6615665058407904
2.700000000000001,-1.899999999999999,-0.6685589889050386,-6.747206959811791e-14,-0.6596449380179079
2.9,-1.899999999999999,-0.5889924401425685,6.839147304038562e-15,-0.6536388260613034
3.100000000000001,-1.899999999999999,-0.5132668452555444,-2.981902919030332e-14,-0.6445142777487652
3.3,-1.899999999999999,-0.4418065603908206,2.928440909905072e-14,-0.6338360063967838
3.5,-1.899999999999999,-0.3742950062387746,-7.689161807267197e-15,-0.6230046168615852
3.700000000000001,-1.899999999999999,-0.3100670523223435,1.206847122237064e-14,-0.6129856903285776
3.9,-1.899999999999999,-0.2483916578818669,1.867256349541435e-14,-0.6043578332086914
4.100000000000001,-1.899999999999999,-0.1885924071745487,8.057790545912269e-15,-0.5974324701391352
4.3,-1.899999999999999,-0.1300805213300688,4.444361545452579e-15,-0.5923485690054478
4.5,-1.899999999999999,-0.07236074430916365,-2.334937798664782e-15,-0.5891338432294218
4.700000000000001,-1.899999999999999,-0.01503426532102357,-3.95516952522712e-16,-0.5877557594871273
4.9,-1.899999999999999,0.04221688219875463,-7.91033905045424e-16,-0.5881818263600493
5.100000000000001,-1.899999999999999,0.09969034043644843,2.185751579730776e-15,-0.5904237656631803
5.3,-1.899999999999999,0.1577395253734644,1.616762279610384e-15,-0.5945209301689096
5.5,-1.899999999999999,0.2168106135442923,1.13312137450805e-14,-0.6004816285051426
5.700000000000001,-1.899999999999999,0.2774446619607448,-3.517672264585769e-14,-0.6082278930361559
5.9,-1.899999999999999,0.3402735733747112,-7.979727989493312e-16,-0.6175430799419311
6.100000000000001,-1.899999999999999,0.4060057680098951,-2.137526267098621e-14,-0.6279958078666104
6.3,-1.899999999999999,0.4753586517411625,3.722022690055837e-14,-0.6388283048620657
6.5,-1.899999999999999,0.5488637551344695,6.349087922075114e-16,-0.6488520598709116
6.699999999999999,-1.899999999999999,0.6265026892488323,1.637578961322105e-15,-0.6565217993093233
6.900000000000002,-1.899999999999999,0.7074042816439496,-2.435204815576241e-14,-0.660464016511036
7.100000000000001,-1.899999999999999,0.7902694193024324,-7.638681354116272e-14,-0.6603214960314705
7.3,-1.899999999999999,0.8747107314066471,-1.951008798961595e-13,-0.6568076890164882
7.5,-1.899999999999999,0.9621487087552841,1.205320565578205e-13,-0.6502692674348091
7.699999999999999,-1.899999999999999,1.055086774361448,2.062482129527865e-13,-0.6389122795710036
7.900000000000002,-1.899999999999999,1.155222399529651,-3.568187412206214e-13,-0.6179382567306621
8.100000000000001,-1.899999999999999,1.260968202945945,-2.261697773509041e-13,-0.5798658549539172
8.3,-1.899999999999999,1.364418437217573,-7.768785614814532e-13,-0.5168672922792942
8.5,-1.899999999999999,1.450163791698045,-8.130579542964255e-13,-0.4276126657826074
8.699999999999999,-1.899999999999999,1.504309375517968,1.897471763045999e-12,-0.3250958984132078
8.900000000000002,-1.899999999999999,1.529103587211266,-4.249392504540594e-12,-0.2285751503218743
9.100000000000001,-1.899999999999999,1.538935424312409,-6.447758993388674e-12,-0.145766298919344
9.3,-1.899999999999999,1.544080473818374,-4.316293850115116e-12,-0.07164261491641002
9.5,-1.899999999999999,1.546038289616949,-6.89913404183784e-13,-2.164554785851619e-6
-9.5,-1.799999999999999,1.512250815607643,8.103968884842771e-13,2.266347863020407e-6
-9.3,-1.799999999999999,1.509742169731412,3.674234527739628e-12,0.06946137831684315
-9.099999999999999,-1.799999999999999,1.50208112727105,-3.326675740433771e-12,0.1413905168881052
-8.9,-1.799999999999999,1.486959815564962,-2.053638509247335e-12,0.2195287072010358
-8.699999999999999,-1.799999999999999,1.45727552778226,-1.352702672097194e-13,0.3055863778047205
-8.5,-1.799999999999999,1.404678773469155,1.173075525606748e-12,0.3935469379604934
-8.3,-1.799999999999999,1.328280181932789,-8.171831267222984e-13,0.471150726368804
-8.099999999999999,-1.799999999999999,1.236718426233529,3.549695259952301e-13,0.5294913828551364
-7.9,-1.799999999999999,1.140663397169714,-8.991418720682986e-14,0.5681593804485909
-7.7,-1.799999999999999,1.046794569694033,-2.097419460334037e-13,0.5918684718945086
-7.5,-1.799999999999999,0.9573649668996413,6.640521466039217e-14,0.6060000176496396
-7.299999999999999,-1.799999999999999,0.8719195220863708,1.641048408274059e-14,0.6144211434643231
-7.099999999999999,-1.799999999999999,0.7891137882553411,1.088920620340161e-13,0.6189609829618933
-6.9,-1.799999999999999,0.708108093154129,-3.137073933956457e-14,0.6199268294187355
-6.699999999999999,-1.799999999999999,0.6291148353875458,-2.33806030092154e-14,0.6172310577735593
-6.5,-1.799999999999999,0.5529423842945024,2.171526847227767e-14,0.6113171348054179
-6.299999999999999,-1.799999999999999,0.4802062627422585,-2.206568261442498e-14,0.6032451770568588
-6.099999999999999,-1.799999999999999,0.4109822257583873,1.778438507571422e-14,0.5942420466262184
-5.9,-1.799999999999999,0.3449205329047022,3.304301277040622e-14,0.5853327520423528
-5.699999999999999,-1.799999999999999,0.28147543247659,2.272487753529617e-15,0.5772333938281282
-5.5,-1.799999999999999,0.2200629505348539,-2.280814426214306e-14,0.5703912337756973
-5.299999999999999,-1.799999999999999,0.160134496890708,-1.262878690511115e-15,0.5650579752447819
-5.099999999999999,-1.799999999999999,0.1012037025047081,1.206673649889467e-14,0.5613518148283593
-4.899999999999999,-1.799999999999999,0.04285494416503693,-1.77635683940025e-15,0.5593062801197381
-4.699999999999999,-1.799999999999999,-0.01526121367208199,-2.435551760271437e-15,0.5589164173999252
-4.5,-1.799999999999999,-0.07345700984004929,6.626643678231403e-16,0.5601789290434193
-4.299999999999999,-1.799999999999999,-0.1320580902581796,2.879640970121499e-16,0.5631024819639913
-4.099999999999999,-1.799999999999999,-0.1914458132861567,-3.220188872499196e-15,0.5676793312025805
-3.899999999999999,-1.799999999999999,-0.2520726704257769,-1.500535806719938e-15,0.5738400403143466
-3.699999999999999,-1.799999999999999,-0.3144595881467515,-1.054711873393898e-15,0.5814069256724361
-3.5,-1.799999999999999,-0.3791806245554249,2.487940409245936e-14,0.5900396438633104
-3.299999999999999,-1.799999999999999,-0.4468177146721217,-3.254108137465405e-14,0.5991651655542791
-3.099999999999999,-1.799999999999999,-0.5178490550963652,2.317417091557416e-14,0.6079110628835234
-2.899999999999999,-1.799999999999999,-0.5924465217880403,1.885470946039191e-14,0.6151199700468403
-2.699999999999999,-1.799999999999999,-0.6702653213988781,-6.41067060547229e-14,0.6195809371693024
-2.5,-1.799999999999999,-0.750520994672858,3.513161983548229e-14,0.6204917911899208
-2.299999999999999,-1.799999999999999,-0.8326089969467768,-1.424207973776958e-14,0.6177239702929784
-2.099999999999999,-1.799999999999999,-0.916844649026109,-5.385275558822399e-14,0.6112911976852202
-1.899999999999999,-1.799999999999999,-1.004440119886195,-4.410707910018629e-14,0.6002059873453616
-1.699999999999999,-1.799999999999999,-1.096471494964446,-2.910414964585328e-13,0.5815944101287144
-1.5,-1.799999999999999,-1.192234100822137,3.16455195381593e-13,0.5506702625522838
-1.299999999999998,-1.799999999999999,-1.287397644424232,-4.961309141293668e-14,0.5019725083693226
-1.099999999999999,-1.799999999999999,-1.372957833380475,-7.817357872141883e-14,0.4326317460924432
-0.9000000000000003,-1.799999999999999,-1.438044010392495,-1.20433524264385e-12,0.3470415131278581
-0.6999999999999992,-1.799999999999999,-1.477642453975756,-1.386467329833607e-12,0.2568408331492118
-0.5,-1.799999999999999,-1.496355667747315,-3.660051428600041e-12,0.1727935229602691
-0.2999999999999989,-1.799999999999999,-1.502970745712956,2.079100780427722e-13,0.09852812985423786
-0.09999999999999964,-1.799999999999999,-1.504465387308322,-1.419246664635665e-12,0.03189691486716281
0.1000000000000014,-1.799999999999999,-1.504465387157408,4.469341563506645e-12,-0.03189691483000271
0.3000000000000007,-1.799999999999999,-1.502970745574202,4.040795476001335e-12,-0.09852812987478071
0.5,-1.799999999999999,-1.496355667784582,-2.374260510418224e-12,-0.1727935227970409
0.700000000000001,-1.799999999999999,-1.477642454032168,1.234304325414825e-12,-0.256840832802737
0.9000000000000003,-1.799999999999999,-1.438044010280137,-3.182246133270894e-13,-0.3470415130669428
1.100000000000001,-1.799999999999999,-1.372957833175621,-1.13509202037676e-12,-0.4326317460055026
1.3,-1.799999999999999,-1.287397644599187,5.807784808631311e-13,-0.50197250861801
1.5,-1.799999999999999,-1.192234100707276,2.776875951404633e-13,-0.5506702623440638
1.700000000000001,-1.799999999999999,-1.096471495130802,-1.47642315040386e-13,-0.5815944104011383
1.9,-1.799999999999999,-1.004440120246008,-1.408768934840765e-13,-0.6002059872722671
2.100000000000001,-1.799999999999999,-0.9168446491856061,-5.64930047186607e-14,-0.6112911974139446
2.3,-1.799999999999999,-0.8326089970676512,-1.035664609627673e-13,-0.617723970403738
2.5,-1.799999999999999,-0.7505209947751315,4.059252933785728e-15,-0.6204917911800758
2.700000000000001,-1.799999999999999,-0.6702653215986033,5.109454526142087e-14,-0.6195809371314671
2.9,-1.799999999999999,-0.5924465220314323,-2.094331652546799e-14,-0.6151199700526346
3.100000000000001,-1.799999999999999,-0.5178490551679368,-1.78607129086572e-14,-0.6079110629872772
3.3,-1.799999999999999,-0.4468177145980611,8.425714553145224e-15,-0.5991651656939691
3.5,-1.799999999999999,-0.3791806246699002,-1.769417945496343e-14,-0.590039643715966
3.700000000000001,-1.799999999999999,-0.3144595880960348,-3.426078865054194e-15,-0.5814069256885623
3.9,-1.799999999999999,-0.2520726705234734,1.521179016084062e-14,-0.5738400401953813
4.100000000000001,-1.799999999999999,-0.1914458132384191,-8.560968774162791e-15,-0.56767933116728
4.3,-1.799999999999999,-0.1320580903876264,-6.425415755018093e-15,-0.5631024820518935
4.5,-1.799999999999999,-0.07345700969802376,-4.052314039881821e-15,-0.5601789290647183
4.700000000000001,-1.799999999999999,-0.01526121370040454,-8.951173136040324e-15,-0.5589164175274461
4.9,-1.799999999999999,0.0428549440580295,-7.820133429703446e-15,-0.5593062801666139
5.100000000000001,-1.799999999999999,0.1012037024026254,-9.860168237452171e-15,-0.5613518147011991
5.3,-1.799999999999999,0.1601344969455438,8.874845303097345e-15,-0.5650579751174692
5.5,-1.799999999999999,0.2200629502871725,-1.049854647661163e-14,-0.5703912335291149
5.700000000000001,-1.799999999999999,0.2814754325469511,1.623354228819096e-14,-0.5772333939684294
5.9,-1.799999999999999,0.3449205328241462,5.637851296924623e-15,-0.5853327519755247
6.100000000000001,-1.799999999999999,0.4109822256535669,-4.182418300580081e-14,-0.5942420469446729
6.3,-1.799999999999999,0.4802062624877026,4.004088727249666e-14,-0.6032451769744413
6.5,-1.799999999999999,0.5529423840113829,6.796993523572325e-14,-0.6113171348131136
6.699999999999999,-1.799999999999999,0.6291148353056483,-2.386979502944086e-14,-0.6172310578621045
6.900000000000002,-1.799999999999999,0.7081080931902787,1.440861319146336e-14,-0.6199268294760104
7.100000000000001,-1.799999999999999,0.7891137883628057,-8.939030071708487e-14,-0.6189609829779213
7.3,-1.799999999999999,0.8719195220425238,1.199491894698923e-13,-0.6144211435020247
7.5,-1.799999999999999,0.9573649668683756,-1.071295829824237e-13,-0.6060000175272717
7.699999999999999,-1.799999999999999,1.046794569480732,1.031119634120614e-14,-0.5918684719321221
7.900000000000002,-1.799999999999999,1.140663397398271,-2.390483644365559e-13,-0.5681593804598543
8.100000000000001,-1.799999999999999,1.23671842626293,4.425730615320588e-13,-0.5294913826682698
8.3,-1.799999999999999,1.328280181793044,-4.847303114452472e-13,-0.471150726330146
8.5,-1.799999999999999,1.404678773560873,-5.344301390319827e-13,-0.3935469376320784
8.699999999999999,-1.799999999999999,1.457275527868152,-2.203029425551505e-12,-0.3055863777594007
8.900000000000002,-1.799999999999999,1.486959815527771,-2.321851044762013e-12,-0.2195287074287068
9.100000000000001,-1.799999999999999,1.502081127130734,-6.379376193965669e-13,-0.1413905167651207
9.3,-1.799999999999999,1.509742169704975,-9.482969964835774e-13,-0.06946137827261142
9.5,-1.799999999999999,1.512250815583735,1.129242532815766e-12,-2.26651104470385e-6
-9.5,-1.699999999999999,1.479294236653715,-2.458040715414e-12,2.331551464229697e-6
-9.3,-1.699999999999999,1.476236320819385,2.328196663237136e-12,0.06665894206430714
-9.099999999999999,-1.699999999999999,1.466607051568166,-2.825233103020963e-12,0.1353274310503766
-8.9,-1.699999999999999,1.448163438319154,-1.179417674634919e-12,0.208156532454665
-8.699999999999999,-1.699999999999999,1.416053096231795,-8.04793731656872e-13,0.2852987404607544
-8.5,-1.699999999999999,1.365361207876384,-7.530850942849554e-13,0.3621147441463307
-8.3,-1.699999999999999,1.295922150491446,1.485790657174135e-13,0.4304672293384945
-8.099999999999999,-1.699999999999999,1.213433681413242,4.598856018223074e-13,0.4841374400385207
-7.9,-1.699999999999999,1.125417730569734,3.581822338727391e-13,0.5221091844300196
-7.7,-1.699999999999999,1.037309105019406,6.163472510145595e-14,0.5471624786771187
-7.5,-1.699999999999999,0.9515538188385491,-9.214851104388799e-14,0.5630941411107475
-7.299999999999999,-1.699999999999999,0.8684775755270572,1.13308668003853e-13,0.5729576695329124
-7.099999999999999,-1.699999999999999,0.7875345597665423,5.106678968580524e-14,0.5784811171061391
-6.9,-1.699999999999999,0.7083213503727571,4.724345914475236e-14,0.5803205439890825
-6.699999999999999,-1.699999999999999,0.631010991616387,6.136410823920357e-14,0.5787613974603051
-6.5,-1.699999999999999,0.5561431714506833,-4.812122922359662e-14,0.5743241142006888
-6.299999999999999,-1.699999999999999,0.4841621839323802,2.330427517627242e-14,0.5678874984104285
-6.099999999999999,-1.699999999999999,0.4151614021799742,1.384309333829492e-15,0.5604554976889262
-5.9,-1.699999999999999,0.3489110209987027,-2.593411596585326e-14,0.5529122007790155
-5.699999999999999,-1.699999999999999,0.2849977445869397,-1.3537782006523e-14,0.5459189673703086
-5.5,-1.699999999999999,0.2229448180261947,1.637578961322105e-15,0.5399196195295878
-5.299999999999999,-1.699999999999999,0.1622810535359087,1.469657728847551e-14,0.5351854677853663
-5.099999999999999,-1.699999999999999,0.102572782212547,-7.022160630754115e-15,0.5318631200924504
-4.899999999999999,-1.699999999999999,0.04343564120765064,-5.960509863456309e-15,0.5300163825922483
-4.699999999999999,-1.699999999999999,-0.01546861319778247,-6.55725473919233e-15,0.5296638753623965
-4.5,-1.699999999999999,-0.07445318435761272,3.469446951953614e-18,0.5308078215217825
-4.299999999999999,-1.699999999999999,-0.1338402835111496,5.252742685257771e-15,0.5334409375942135
-4.099999999999999,-1.699999999999999,-0.1939903651657574,-8.411890975446034e-15,0.5375269679865193
-3.899999999999999,-1.699999999999999,-0.2553140339598398,1.009435590670904e-14,0.5429660974438492
-3.699999999999999,-1.699999999999999,-0.3182677001593299,1.212745182055385e-14,0.5495552275340011
-3.5,-1.699999999999999,-0.3833333334213119,-1.244837566360956e-14,0.5569429576353885
-3.299999999999999,-1.699999999999999,-0.4509706594774355,1.973139533706369e-14,0.5645804306598326
-3.099999999999999,-1.699999999999999,-0.521523089337218,-2.597141252058676e-14,0.5716888292466135
-2.899999999999999,-1.699999999999999,-0.5950786675470478,2.156434752986768e-14,0.5772982724065421
-2.699999999999999,-1.699999999999999,-0.6713630047676512,4.021956379052227e-14,0.5804242667745239
-2.5,-1.699999999999999,-0.7498379566941939,1.235470059590682e-14,0.5803412571594402
-2.299999999999999,-1.699999999999999,-0.8300955486396541,5.828323934586876e-14,0.5766785394123885
-2.099999999999999,-1.699999999999999,-0.9122586013600235,-1.088365508827848e-13,0.5690374745516102
-1.899999999999999,-1.699999999999999,-0.9968850238173557,-9.884107421420651e-14,0.556268971172413
-1.699999999999999,-1.699999999999999,-1.084207819904338,-8.115036420619503e-14,0.5359443873346593
-1.5,-1.699999999999999,-1.172957303735393,2.804562138081223e-13,0.5044860053220718
-1.299999999999998,-1.699999999999999,-1.259205134831606,2.167918622397735e-13,0.4582910212045314
-1.099999999999999,-1.699999999999999,-1.336141382173938,-3.134853487907207e-13,0.3960721796096253
-0.9000000000000003,-1.699999999999999,-1.39637076218205,-4.572661693735824e-13,0.3214104597769774
-0.6999999999999992,-1.699999999999999,-1.436440565310786,-1.903220636645386e-12,0.2422159775988774
-0.5,-1.699999999999999,-1.458922231929366,-2.061281700882489e-12,0.1660152710401312
-0.2999999999999989,-1.699999999999999,-1.469558638263013,-2.584599201327364e-12,0.09603711526523012
-0.09999999999999964,-1.699999999999999,-1.4734734925453,1.849437269996201e-12,0.03134214467263107
0.1000000000000014,-1.699999999999999,-1.473473492423876,-3.343228471841541e-13,-0.03134214464817308
0.3000000000000007,-1.699999999999999,-1.469558638111597,6.595349266724781e-13,-0.09603711509094109
0.5,-1.699999999999999,-1.458922232109568,-2.281397293302234e-12,-0.1660152712803481
0.700000000000001,-1.699999999999999,-1.436440565241829,2.024373724207606e-12,-0.2422159774806396
0.9000000000000003,-1.699999999999999,-1.396370762295132,-5.22290544147097e-14,-0.3214104601231356
1.100000000000001,-1.699999999999999,-1.33614138208404,9.199099815226929e-13,-0.3960721798622365
1.3,-1.699999999999999,-1.25920513487354,-5.606834441174157e-13,-0.458291021458503
1.5,-1.699999999999999,-1.172957303361369,-3.348640809086589e-13,-0.5044860049786144
1.700000000000001,-1.699999999999999,-1.084207820159505,-5.339825803751807e-14,-0.5359443875021195
1.9,-1.699999999999999,-0.9968850237664763,8.020667463526365e-14,-0.5562689713814421
2.100000000000001,-1.699999999999999,-0.9122586014045411,1.676783711879181e-14,-0.5690374741438228
2.3,-1.699999999999999,-0.8300955488026895,-5.057412821862783e-14,-0.5766785393800842
2.5,-1.699999999999999,-0.7498379564930181,4.935635233849211e-14,-0.5803412572539431
2.700000000000001,-1.699999999999999,-0.6713630048499613,-4.469688508201841e-14,-0.5804242667024812
2.9,-1.699999999999999,-0.5950786675022741,2.698188894534325e-14,-0.5772982724004214
3.100000000000001,-1.699999999999999,-0.5215230892206715,-2.78388423424758e-14,-0.5716888292286848
3.3,-1.699999999999999,-0.4509706595433193,-5.523847438487772e-15,-0.5645804306018639
3.5,-1.699999999999999,-0.3833333332169209,1.374247937668826e-14,-0.5569429577127683
3.700000000000001,-1.699999999999999,-0.3182677000518061,-1.125835535908947e-14,-0.5495552272842684
3.9,-1.699999999999999,-0.2553140340425367,-1.307114139148524e-14,-0.5429660974397567
4.100000000000001,-1.699999999999999,-0.1939903651644127,4.510931558843189e-15,-0.5375269680333767
4.3,-1.699999999999999,-0.1338402833724833,6.765421556309547e-16,-0.533440937833659
4.5,-1.699999999999999,-0.07445318432676911,2.473715676742926e-15,-0.5308078214967966
4.700000000000001,-1.699999999999999,-0.01546861325271835,-5.870304242705515e-15,-0.5296638752662739
4.9,-1.699999999999999,0.04343564130827731,-4.510281037539698e-16,-0.5300163827010535
5.100000000000001,-1.699999999999999,0.1025727822788763,5.127842594987441e-15,-0.5318631198875321
5.3,-1.699999999999999,0.162281053554074,2.027544798721692e-14,-0.5351854678479912
5.5,-1.699999999999999,0.2229448182031181,7.618905506490136e-15,-0.5399196195221625
5.700000000000001,-1.699999999999999,0.2849977443271373,-1.309369279667294e-14,-0.5459189673647971
5.9,-1.699999999999999,0.3489110210248283,6.245004513516505e-17,-0.5529122008523542
6.100000000000001,-1.699999999999999,0.4151614019936931,1.404779070846018e-14,-0.5604554975165425
6.3,-1.699999999999999,0.4841621836696643,-2.912947660860254e-14,-0.5678874983502304
6.5,-1.699999999999999,0.5561431713475419,-4.167846623381876e-14,-0.5743241141200206
6.699999999999999,-1.699999999999999,0.6310109914963403,5.516767598301441e-14,-0.5787613975261918
6.900000000000002,-1.699999999999999,0.7083213504385597,4.322583957439007e-14,-0.5803205436944898
7.100000000000001,-1.699999999999999,0.7875345596832583,3.813616089587412e-14,-0.5784811170641647
7.3,-1.699999999999999,0.8684775756368552,4.20045942473024e-14,-0.5729576692861964
7.5,-1.699999999999999,0.9515538189449955,-1.617525557939814e-13,-0.5630941411178014
7.699999999999999,-1.699999999999999,1.037309104857369,-1.489537659882245e-13,-0.5471624784346955
7.900000000000002,-1.699999999999999,1.125417730331797,-2.854660952067433e-13,-0.5221091843055946
8.100000000000001,-1.699999999999999,1.213433681229785,5.151053195096011e-13,-0.4841374399190689
8.3,-1.699999999999999,1.295922150359259,-3.43752803999564e-13,-0.4304672296135977
8.5,-1.699999999999999,1.365361207494129,1.119243586700235e-12,-0.3621147445191971
8.699999999999999,-1.699999999999999,1.416053096491447,-1.782300002028947e-12,-0.2852987401479697
8.900000000000002,-1.699999999999999,1.448163438589636,1.107162972413533e-12,-0.2081565327019521
9.100000000000001,-1.699999999999999,1.466607051496612,9.511488818780833e-14,-0.1353274309258916
9.3,-1.699999999999999,1.476236320874804,-1.869907007012727e-12,-0.06665894216253512
9.5,-1.699999999999999,1.479294236806329,1.375097952172055e-12,-2.331602423744083e-6
-9.5,-1.599999999999999,1.447567201809045,1.666083937479356e-12,2.363223679725801e-6
-9.3,-1.599999999999999,1.444060300981835,2.052056441437244e-12,0.0633316554428611
-9.099999999999999,-1.599999999999999,1.43302989955548,1.705916657934736e-12,0.1281149899415062
-8.9,-1.599999999999999,1.412605972672937,3.916762747468993e-13,0.1954902612461815
-8.699999999999999,-1.599999999999999,1.379510236555376,-7.494560527732119e-13,0.2649151544081215
-8.5,-1.599999999999999,1.330843028235485,1.672516292128278e-13,0.3328105779269821
-8.3,-1.599999999999999,1.266829965273244,-4.768963002277359e-13,0.393577786826833
-8.099999999999999,-1.599999999999999,1.191437236222641,5.538625114098749e-14,0.4427874373328988
-7.9,-1.599999999999999,1.110094930699355,-2.362485207463294e-13,0.4792952600510904
-7.7,-1.599999999999999,1.027167837052823,-9.008765955442754e-14,0.5047037642281786
-7.5,-1.599999999999999,0.9450429818486363,8.115036420619503e-14,0.5216616368891373
-7.299999999999999,-1.599999999999999,0.8645022674419581,2.27075303005364e-14,0.53254546197644
-7.099999999999999,-1.599999999999999,0.7855360569000003,1.333308463635773e-14,0.5389103458834461
-6.9,-1.599999999999999,0.7080658295195903,2.490022077417108e-14,0.5415703868716392
-6.699999999999999,-1.599999999999999,0.6322900487035345,2.72698530423554e-14,0.5410207376195639
-6.5,-1.599999999999999,0.5586095634077202,3.511774204767448e-14,0.5378330614619308
-6.299999999999999,-1.599999999999999,0.4873623443463849,2.442490654175344e-15,0.5327741361220546
-6.099999999999999,-1.599999999999999,0.4186467198040944,1.490821355254468e-14,0.5266899478434454
-5.9,-1.599999999999999,0.3523144335881311,-2.293998324631729e-14,0.5203478150653501
-5.699999999999999,-1.599999999999999,0.2880541218600739,8.278100427361323e-15,0.5143511027165499
-5.5,-1.599999999999999,0.2254795261249953,-1.415534356397074e-14,0.5091280294456928
-5.299999999999999,-1.599999999999999,0.1641893717357517,-1.301042606982605e-14,0.5049574112740987
-5.099999999999999,-1.599999999999999,0.1037998808148867,-8.021361352916756e-15,0.5020039130528815
-4.899999999999999,-1.599999999999999,0.04395859663856412,6.113165529342268e-15,0.5003521290408274
-4.699999999999999,-1.599999999999999,-0.01565617721490972,-1.665334536937734e-16,0.5000366339135712
-4.5,-1.599999999999999,-0.07534954378987279,-3.295974604355933e-15,0.5010632944833257
-4.299999999999999,-1.599999999999999,-0.1354326159081564,-2.744332538995308e-15,0.5034141268614911
-4.099999999999999,-1.599999999999999,-0.1962420784522879,-7.923349476524066e-15,0.5070332993935875
-3.899999999999999,-1.599999999999999,-0.2581477816464182,9.684961166378514e-15,0.5118004815305846
-3.699999999999999,-1.599999999999999,-0.3215463498498134,-3.951700078275166e-15,0.5174983658302407
-3.5,-1.599999999999999,-0.386839026562388,-8.278967789099311e-16,0.523777251330374
-3.299999999999999,-1.599999999999999,-0.4543866359741602,1.013750715317396e-14,0.5301220219807527
-3.099999999999999,-1.599999999999999,-0.5244343301984653,8.565197162635485e-15,0.5358398960005958
-2.899999999999999,-1.599999999999999,-0.5970182193168485,-7.945033519973776e-16,0.5401040503226761
-2.699999999999999,-1.599999999999999,-0.6719135646399314,7.788908407135863e-16,0.5420801665444867
-2.5,-1.599999999999999,-0.7487219366277706,-2.76514922070703e-14,0.5410848735181342
-2.299999999999999,-1.599999999999999,-0.8271156019894814,-2.66939248483311e-14,0.5366047310618067
-2.099999999999999,-1.599999999999999,-0.9070442051164913,-7.188694084447888e-15,0.5280255758600547
-1.899999999999999,-1.599999999999999,-0.9886090394345658,-1.163687202154761e-13,0.5141806810419487
-1.699999999999999,-1.599999999999999,-1.071504150562178,-1.076846944947362e-13,0.4930611241240727
-1.5,-1.599999999999999,-1.154203320590473,2.819203204218467e-13,0.4620253894501668
-1.299999999999998,-1.599999999999999,-1.233283652107599,-1.014466288751236e-14,0.418726525437826
-1.099999999999999,-1.599999999999999,-1.303565966134487,6.441652766753236e-13,0.3627161713888965
-0.9000000000000003,-1.599999999999999,-1.359836832043593,-4.59243754136196e-13,0.2968402937246145
-0.6999999999999992,-1.599999999999999,-1.3995893171553,1.473376975980045e-12,0.2266422190961285
-0.5,-1.599999999999999,-1.424234106293033,8.780892679638441e-13,0.1575003035119128
-0.2999999999999989,-1.599999999999999,-1.437522632878752,9.960851587997865e-13,0.09211803534644909
-0.09999999999999964,-1.599999999999999,-1.443114626986937,1.474542710155901e-12,0.03024650467750567
0.1000000000000014,-1.599999999999999,-1.443114627067487,-3.858233177389536e-13,-0.03024650470657561
0.3000000000000007,-1.599999999999999,-1.43752263303172,1.994716891662307e-12,-0.09211803529388297
0.5,-1.599999999999999,-1.424234106407381,-1.648896297279378e-12,-0.1575003033206935
0.700000000000001,-1.599999999999999,-1.399589317281877,4.682851328929871e-13,-0.2266422192039544
0.9000000000000003,-1.599999999999999,-1.359836832284015,4.489880689462211e-13,-0.2968402937945962
1.100000000000001,-1.599999999999999,-1.303565966319633,-4.134262376886965e-13,-0.3627161712611506
1.3,-1.599999999999999,-1.233283651800916,-1.774275171229078e-14,-0.418726525335798
1.5,-1.599999999999999,-1.15420332051298,8.577166754619725e-14,-0.4620253896247537
1.700000000000001,-1.599999999999999,-1.071504150421762,-1.588243425665325e-13,-0.4930611241868673
1.9,-1.599999999999999,-0.9886090397630158,-1.054920040211015e-13,-0.5141806810942841
2.100000000000001,-1.599999999999999,-0.9070442051622176,1.898134427413822e-14,-0.5280255756362255
2.3,-1.599999999999999,-0.8271156016981032,3.546815618982179e-14,-0.5366047309922878
2.5,-1.599999999999999,-0.7487219368693462,-9.742207041085748e-15,-0.5410848734374011
2.700000000000001,-1.599999999999999,-0.6719135646788476,-1.383788916786699e-14,-0.5420801663148933
2.9,-1.599999999999999,-0.597018219322052,-1.671232596756056e-14,-0.5401040503117347
3.100000000000001,-1.599999999999999,-0.5244343302472949,-1.049074022096974e-14,-0.5358398959720303
3.3,-1.599999999999999,-0.4543866360638078,-7.767224363686153e-16,-0.5301220220637494
3.5,-1.599999999999999,-0.3868390266494691,-7.178719424461022e-15,-0.5237772515512888
3.700000000000001,-1.599999999999999,-0.3215463499654492,5.729791641151393e-15,-0.5174983658415202
3.9,-1.599999999999999,-0.2581477818012737,-1.682681771697502e-16,-0.5118004814043291
4.100000000000001,-1.599999999999999,-0.1962420784932867,8.066464163292153e-15,-0.5070332996180573
4.3,-1.599999999999999,-0.1354326159358981,-2.92821322744885e-15,-0.5034141268729537
4.5,-1.599999999999999,-0.07534954379147615,-1.110223024625156e-15,-0.5010632946542151
4.700000000000001,-1.599999999999999,-0.01565617697520124,-2.331468351712828e-15,-0.5000366338382427
4.9,-1.599999999999999,0.04395859655733855,-8.257283745649601e-16,-0.5003521292870255
5.100000000000001,-1.599999999999999,0.1037998809336509,-1.010302952408892e-14,-0.5020039130255834
5.3,-1.599999999999999,0.1641893717546364,-1.346145417358002e-15,-0.5049574113222952
5.5,-1.599999999999999,0.2254795259115073,6.349087922075114e-15,-0.5091280295218085
5.700000000000001,-1.599999999999999,0.2880541220018686,8.430756093247282e-15,-0.5143511029211613
5.9,-1.599999999999999,0.3523144335506815,-4.593547764386585e-15,-0.5203478151533047
6.100000000000001,-1.599999999999999,0.418646719789597,2.331468351712828e-15,-0.5266899480755241
6.3,-1.599999999999999,0.4873623441929136,-2.365468931841974e-14,-0.53277413597025
6.5,-1.599999999999999,0.558609563680853,2.85188539450587e-15,-0.5378330614298201
6.699999999999999,-1.599999999999999,0.6322900486414461,-9.495876307497042e-15,-0.5410207377174951
6.900000000000002,-1.599999999999999,0.7080658293397204,7.25808302348696e-15,-0.5415703869049544
7.100000000000001,-1.599999999999999,0.7855360567694478,-7.693498615957139e-14,-0.5389103457834552
7.3,-1.599999999999999,0.8645022671675373,5.904998712225051e-15,-0.5325454621217771
7.5,-1.599999999999999,0.9450429817898755,-1.344202527064908e-13,-0.5216616371019018
7.699999999999999,-1.599999999999999,1.027167837142051,1.200706201132106e-13,-0.504703764090862
7.900000000000002,-1.599999999999999,1.110094930887262,2.585397174126313e-13,-0.4792952599972785
8.100000000000001,-1.599999999999999,1.191437236306471,-3.23484294906251e-13,-0.442787437388791
8.3,-1.599999999999999,1.266829965393261,-6.374206718007258e-13,-0.3935777867302592
8.5,-1.599999999999999,1.330843027983132,-2.243864816176e-13,-0.3328105777222456
8.699999999999999,-1.599999999999999,1.379510236261381,1.962388584964003e-13,-0.2649151542243999
8.900000000000002,-1.599999999999999,1.41260597289343,-4.269085085439883e-13,-0.1954902612418191
9.100000000000001,-1.599999999999999,1.433029899623067,1.41169020917431e-12,-0.1281149900705953
9.3,-1.599999999999999,1.444060300931286,-1.069914989937359e-12,-0.06333165535003479
9.5,-1.599999999999999,1.447567201863954,-5.777739398027392e-13,-2.363164963548047e-6
-9.5,-1.5,1.41737858796797,-3.111191859694884e-13,2.363653906038709e-6
-9.3,-1.5,1.413547162968648,-2.112095220940801e-13,0.05961443042143183
-9.099999999999999,-1.5,1.401601609513246,-9.060460715026863e-14,0.1201711654109137
-8.9,-1.5,1.380103810983107,6.675146546619714e-13,0.1821738064592708
-8.699999999999999,-1.5,1.346871022362515,1.820765760385256e-13,0.2448058216415393
-8.5,-1.5,1.300220428215638,-4.431524591730351e-13,0.30528889101438
-8.3,-1.5,1.240587601476841,4.650585472276702e-13,0.3596498788933577
-8.099999999999999,-1.5,1.17087161755228,-3.176729712617287e-13,0.4046706842839332
-7.9,-1.5,1.095098035905959,-4.371156214766358e-14,0.4392695479520625
-7.7,-1.5,1.016773233724337,-1.116468029138673e-13,0.4643400378660932
-7.5,-1.5,0.9381090719423079,5.648259637780483e-14,0.4817189836353048
-7.299999999999999,-1.5,0.8601279918290283,4.543240783583257e-14,0.4932391430563028
-7.099999999999999,-1.5,0.7831686799429453,-1.745131816832667e-14,0.5002555065242995
-6.9,-1.5,0.7073896929680911,2.964295475749168e-14,0.5036244380524104
-6.699999999999999,-1.5,0.6330407407834874,1.089406342913434e-14,0.5039445927927594
-6.5,-1.5,0.5604587049648994,-1.187591691653722e-14,0.5018111893258421
-6.299999999999999,-1.5,0.4899212481431774,1.881481082044445e-14,0.4979140966584837
-6.099999999999999,-1.5,0.4215306341361342,1.953298633949884e-14,0.4929838369805027
-5.9,-1.5,0.3551969078367412,1.299654828201823e-14,0.4876919682150187
-5.699999999999999,-1.5,0.2906878605830536,7.625844400394044e-15,0.4825855344917993
-5.5,-1.5,0.227692903102018,-6.494804694057165e-15,0.4780700021654911
-5.299999999999999,-1.5,0.1658728272892448,-1.346145417358002e-15,0.4744226493861268
-5.099999999999999,-1.5,0.1048904022071868,2.824129818890241e-15,0.4718176515769651
-4.899999999999999,-1.5,0.04442520242583697,-5.773159728050814e-15,0.4703527706352244
-4.699999999999999,-1.5,-0.0158242611247167,2.130240428499519e-15,0.4700729683175694
-4.5,-1.5,-0.07614900325330664,-3.84067777581265e-15,0.4709864635015141
-4.299999999999999,-1.5,-0.1368438977129594,3.469446951953614e-15,0.4730682725709651
-4.099999999999999,-1.5,-0.1982199474444826,-1.092658949430891e-14,0.4762498441298112
-3.899999999999999,-1.5,-0.2606078225410624,-4.043640422501937e-15,0.4803984904484378
-3.699999999999999,-1.5,-0.3243496872911275,3.040970253387342e-15,0.4852916394292656
-3.5,-1.5,-0.3897770481674504,5.013784526441966e-15,0.490589989937289
-3.299999999999999,-1.5,-0.4571708125988679,5.205471470537403e-15,0.4958162051520485
-3.099999999999999,-1.5,-0.5267027239635885,-4.545842868797223e-15,0.5003536111754224
-2.899999999999999,-1.5,-0.5983728860804226,1.706620955665982e-14,0.503485751421796
-2.699999999999999,-1.5,-0.6719856053066255,-5.145189829747209e-15,0.5044838204197994
-2.5,-1.5,-0.7472155049655493,-5.290906601729261e-15,0.5026966651865039
-2.299999999999999,-1.5,-0.8237541665036731,2.761332829059881e-14,0.4975385967263603
-2.099999999999999,-1.5,-0.9014064690635719,6.104491911962384e-14,0.488302894280617
-1.899999999999999,-1.5,-0.9799617634721308,-5.657974089245954e-14,0.473886363740939
-1.699999999999999,-1.5,-1.058787546348495,1.035491137280075e-13,0.4526527301388084
-1.5,-1.5,-1.136286648160768,-2.184155634132878e-13,0.4226658048019131
-1.299999999999998,-1.5,-1.209530799684816,-5.598299601672351e-14,0.3824126286348493
-1.099999999999999,-1.5,-1.274531002573662,-2.64621657919406e-13,0.3318774199434954
-0.9000000000000003,-1.5,-1.327484701509326,-1.946220962167899e-13,0.2733041445383323
-0.6999999999999992,-1.5,-1.366483243638255,3.855804564523168e-13,0.2106777949510677
-0.5,-1.5,-1.392245208727465,4.978656376053436e-14,0.147919383199424
-0.2999999999999989,-1.5,-1.4072024121291,-1.669490934386175e-12,0.08724023826125444
-0.09999999999999964,-1.5,-1.413913611360076,-1.756629564031442e-12,0.02877812545802727
0.1000000000000014,-1.5,-1.41391361136533,-1.410219163666681e-12,-0.0287781255022692
0.3000000000000007,-1.5,-1.407202412270797,9.556452851278152e-13,-0.08724023826223693
0.5,-1.5,-1.392245208889736,1.495747969926242e-13,-0.1479193832451349
0.700000000000001,-1.5,-1.366483243731709,-1.229155666138126e-13,-0.2106777950305102
0.9000000000000003,-1.5,-1.327484701225939,-7.178424521470105e-13,-0.2733041445559825
1.100000000000001,-1.5,-1.274531002816621,3.918879110109685e-13,-0.3318774198691165
1.3,-1.5,-1.209530799620684,-1.892999645924931e-13,-0.3824126288629751
1.5,-1.5,-1.136286648062818,-3.964190087302199e-14,-0.4226658049372644
1.700000000000001,-1.5,-1.058787546442972,-1.420807915764044e-13,-0.452652730164391
1.9,-1.5,-0.9799617633499597,-3.140543380908411e-14,-0.4738863637784256
2.100000000000001,-1.5,-0.9014064687615628,-4.623385008173386e-14,-0.488302894180025
2.3,-1.5,-0.8237541666345362,-2.764802276011835e-14,-0.4975385967256594
2.5,-1.5,-0.7472155050416353,-2.521594044679886e-14,-0.5026966653291197
2.700000000000001,-1.5,-0.6719856052933711,-1.540087501972209e-14,-0.5044838204961605
2.9,-1.5,-0.5983728862391053,5.124373148035488e-15,-0.5034857515659404
3.100000000000001,-1.5,-0.5267027242010365,-1.507474700623845e-14,-0.5003536112072108
3.3,-1.5,-0.4571708127437077,-5.845367592738348e-15,-0.495816205261188
3.5,-1.5,-0.3897770482083284,2.046540020783638e-15,-0.4905899901230618
3.700000000000001,-1.5,-0.3243496874697147,7.533904056167273e-15,-0.4852916394067829
3.9,-1.5,-0.2606078224314228,5.049780038568485e-15,-0.4803984903176548
4.100000000000001,-1.5,-0.198219947380988,-3.838075690598685e-15,-0.4762498442999085
4.3,-1.5,-0.1368438976937,-7.632783294297951e-17,-0.4730682724598078
4.5,-1.5,-0.07614900301315757,3.851086116668511e-16,-0.4709864634009539
4.700000000000001,-1.5,-0.01582426117916441,-2.074729277268261e-15,-0.4700729683203485
4.9,-1.5,0.04442520235664507,-6.133982211053989e-15,-0.470352770512599
5.100000000000001,-1.5,0.104890402473507,1.318389841742373e-15,-0.4718176513412337
5.3,-1.5,0.1658728274068799,-4.135580766728708e-15,-0.4744226494221621
5.5,-1.5,0.2276929033331447,2.310651670001107e-15,-0.4780700023013698
5.700000000000001,-1.5,0.2906878606399633,-7.681355551625301e-15,-0.4825855343953057
5.9,-1.5,0.3551969076934081,-3.698430450782552e-15,-0.4876919683144658
6.100000000000001,-1.5,0.4215306344466557,4.163336342344337e-17,-0.4929838369492108
6.3,-1.5,0.4899212482714823,1.055058818089094e-14,-0.4979140968399955
6.5,-1.5,0.5604587050753696,-1.031466578815809e-14,-0.5018111895861944
6.699999999999999,-1.5,0.6330407407625561,-9.846290449644357e-15,-0.503944592671178
6.900000000000002,-1.5,0.7073896931111456,-3.964190087302199e-14,-0.5036244382767072
7.100000000000001,-1.5,0.7831686800723092,-5.922692891680014e-14,-0.5002555066373354
7.3,-1.5,0.8601279919888035,7.037773142037906e-14,-0.4932391427794734
7.5,-1.5,0.9381090718471523,2.584737979205442e-14,-0.4817189838297823
7.699999999999999,-1.5,1.016773233849891,5.954611803637988e-14,-0.4643400382613139
7.900000000000002,-1.5,1.095098036151209,-1.27748506217884e-13,-0.4392695479464233
8.100000000000001,-1.5,1.170871617675599,-2.146442745765142e-13,-0.4046706845182433
8.3,-1.5,1.240587601473725,1.689308415375734e-13,-0.3596498791441706
8.5,-1.5,1.300220427966693,-1.356831313970019e-13,-0.3052888909070654
8.699999999999999,-1.5,1.346871022577381,-7.773053034565435e-13,-0.244805821655865
8.900000000000002,-1.5,1.380103810925891,-4.914436912972775e-13,-0.1821738064138591
9.100000000000001,-1.5,1.401601609554223,-4.267315667494386e-13,-0.120171165338968
9.3,-1.5,1.41354716278672,4.326816682720391e-13,-0.05961443061428447
9.5,-1.5,1.417378587940444,1.744014654914138e-12,-2.363562228591825e-6
-9.5,-1.399999999999999,1.388950488529852,-3.298056272527105e-14,2.335053223823796e-6
-9.3,-1.399999999999999,1.384909361027363,-4.566035050057593e-13,0.05563637483225725
-9.099999999999999,-1.399999999999999,1.372428510618511,-6.554826126325963e-13,0.1118040795166986
-8.9,-1.399999999999999,1.35046134490757,4.077432835813965e-13,0.1686103083337925
-8.699999999999999,-1.399999999999999,1.31758655421363,-5.23268928187548e-13,0.2251659068939589
-8.5,-1.399999999999999,1.27287445260764,2.177771851741283e-13,0.2792945807917387
-8.3,-1.399999999999999,1.216869399277948,1.716404796070492e-13,0.3281004841631285
-8.099999999999999,-1.399999999999999,1.151785228180626,-1.752938072474563e-13,0.3692006105817985
-7.9,-1.399999999999999,1.080690079102687,1.586682174536946e-13,0.4016406533970172
-7.7,-1.399999999999999,1.006423070906311,6.654746198542227e-14,0.4258911642680772
-7.5,-1.399999999999999,0.9309809518962177,-6.027123244933818e-14,0.4432229488578068
-7.299999999999999,-1.399999999999999,0.8554903230663544,-5.677749936872089e-14,0.4550422396480394
-7.099999999999999,-1.399999999999999,0.780506527459055,3.084338340286763e-15,0.4625041356655552
-6.9,-1.399999999999999,0.7063563620141953,-1.427677420728912e-14,0.4664401641569535
-6.699999999999999,-1.399999999999999,0.6333459604203636,2.066055659888377e-14,0.4674841312234102
-6.5,-1.399999999999999,0.5617900681614925,6.904199434387692e-15,0.4662308451852045
-6.299999999999999,-1.399999999999999,0.4919368433331705,-1.856154119295183e-15,0.4633101823308316
-6.099999999999999,-1.399999999999999,0.4238954789823619,-1.246225345141738e-14,0.4593643142334977
-5.9,-1.399999999999999,0.3576203145044397,-1.022099072045534e-14,0.4549856421132308
-5.699999999999999,-1.399999999999999,0.292941648656099,9.443834603217737e-15,0.4506685718738673
-5.5,-1.399999999999999,0.2296120629754664,4.073130721593543e-15,0.4467919644118206
-5.299999999999999,-1.399999999999999,0.1673468952839921,1.087324674742262e-14,0.4436250479319578
-5.099999999999999,-1.399999999999999,0.1058518419266641,3.087807787238716e-15,0.4413447433679948
-4.899999999999999,-1.399999999999999,0.04483801214164262,2.289834988289385e-16,0.4400559690340424
-4.699999999999999,-1.399999999999999,-0.01597364237568059,-2.303712776097199e-15,0.4398099138711379
-4.5,-1.399999999999999,-0.07685623863268485,1.915134717478395e-15,0.4406162177138538
-4.299999999999999,-1.399999999999999,-0.1380851636655814,-3.906597267899769e-15,0.4424456057145898
-4.099999999999999,-1.399999999999999,-0.1999447914131386,7.919012667834124e-16,0.4452220871693795
-3.899999999999999,-1.399999999999999,-0.2627286065465988,-5.412337245047638e-16,0.4488071395259148
-3.699999999999999,-1.399999999999999,-0.3267297314731012,1.582067810090848e-15,0.4529797811133349
-3.5,-1.399999999999999,-0.3922198400295093,-5.802650027142419e-15,0.4574168072630018
-3.299999999999999,-1.399999999999999,-0.4594148754277848,-7.832276494035284e-16,0.4616795876029599
-3.099999999999999,-1.399999999999999,-0.5284299160072238,-2.923876418758908e-15,0.4652180100200886
-2.899999999999999,-1.399999999999999,-0.599236729959799,3.790370795009323e-15,0.4674030145146588
-2.699999999999999,-1.399999999999999,-0.6716521942446782,8.791578576250458e-15,0.4675856647830507
-2.5,-1.399999999999999,-0.7453835583426771,1.307634556191317e-14,0.4651475052391697
-2.299999999999999,-1.399999999999999,-0.820112198813831,-1.371125435412068e-14,0.4594794202393478
-2.099999999999999,-1.399999999999999,-0.8955286961878534,-1.244143676970566e-14,0.4498574351604073
-1.899999999999999,-1.399999999999999,-0.9712156640531528,4.232725281383409e-16,0.4352822043684031
-1.699999999999999,-1.399999999999999,-1.046357409339365,8.33291768920219e-14,0.4144350372652986
-1.5,-1.399999999999999,-1.119389295334127,1.741662369880714e-15,0.3859016807604306
-1.299999999999998,-1.399999999999999,-1.187821278952617,-1.922073611382302e-15,0.3487173792973024
-1.099999999999999,-1.399999999999999,-1.248529717699171,2.730454751187494e-13,0.3030772792430243
-0.9000000000000003,-1.399999999999999,-1.298649032355574,-3.286260152890463e-14,0.2507503775256276
-0.6999999999999992,-1.399999999999999,-1.336663189686332,-4.762509830946726e-13,0.1946642609515339
-0.5,-1.399999999999999,-1.362864214227541,4.481970350411757e-13,0.1377311652921278
-0.2999999999999989,-1.399999999999999,-1.378799587089574,-7.924147449323015e-13,0.081748313998004
-0.09999999999999964,-1.399999999999999,-1.386221622556096,-2.062933157631619e-14,0.02706233700639321
0.1000000000000014,-1.399999999999999,-1.386221622457654,-5.318315232649695e-13,-0.02706233697210097
0.3000000000000007,-1.399999999999999,-1.378799587074239,1.656452752740733e-13,-0.08174831407370329
0.5,-1.399999999999999,-1.36286421397336,-2.623595785067323e-13,-0.1377311652510553
0.700000000000001,-1.399999999999999,-1.336663189487971,1.720845688168992e-13,-0.1946642609851186
0.9000000000000003,-1.399999999999999,-1.298649032523654,-5.999159502501072e-13,-0.2507503776921984
1.100000000000001,-1.399999999999999,-1.248529717533272,-6.475375791126225e-14,-0.3030772793475964
1.3,-1.399999999999999,-1.187821279110628,2.262773302064147e-13,-0.3487173792322885
1.5,-1.399999999999999,-1.119389295233717,1.080524558716433e-13,-0.3859016808669856
1.700000000000001,-1.399999999999999,-1.046357409354617,-3.00523494978222e-14,-0.4144350374091215
1.9,-1.399999999999999,-0.9712156640101841,-1.91027749174566e-14,-0.4352822043402645
2.100000000000001,-1.399999999999999,-0.8955286963084355,-6.737665980693918e-15,-0.4498574351433778
2.3,-1.399999999999999,-0.82011219886575,1.008568228932915e-14,-0.4594794203395982
2.5,-1.399999999999999,-0.745383558615711,1.049160758270772e-14,-0.4651475055188492
2.700000000000001,-1.399999999999999,-0.6716521940941413,-3.684552662974738e-15,-0.4675856647046012
2.9,-1.399999999999999,-0.5992367301128246,3.184952301893417e-15,-0.4674030143177891
3.100000000000001,-1.399999999999999,-0.528429916060009,-3.868433351428279e-16,-0.4652180099425848
3.3,-1.399999999999999,-0.4594148755601804,-5.714612810736596e-15,-0.461679587599768
3.5,-1.399999999999999,-0.3922198401166308,-2.998469528225911e-15,-0.4574168073948406
3.700000000000001,-1.399999999999999,-0.3267297315270798,1.063385490773782e-15,-0.4529797811798803
3.9,-1.399999999999999,-0.2627286066342508,-1.65666091955785e-15,-0.4488071393346156
4.100000000000001,-1.399999999999999,-0.1999447912973846,4.378442053365461e-15,-0.445222087088291
4.3,-1.399999999999999,-0.1380851636192379,6.696032617270475e-16,-0.4424456058527903
4.5,-1.399999999999999,-0.07685623854799376,-3.486794186713382e-15,-0.4406162176429034
4.700000000000001,-1.399999999999999,-0.01597364243223245,7.424616477180734e-16,-0.4398099138201024
4.9,-1.399999999999999,0.04483801226264207,-4.78089789979208e-15,-0.4400559692919907
5.100000000000001,-1.399999999999999,0.1058518417264526,-1.297573160030651e-15,-0.4413447434281356
5.3,-1.399999999999999,0.1673468953377266,5.002942504717111e-15,-0.443625047850807
5.5,-1.399999999999999,0.2296120631170587,2.955968803064479e-15,-0.4467919644509232
5.700000000000001,-1.399999999999999,0.2929416487176826,-5.73152636462737e-15,-0.4506685719559108
5.9,-1.399999999999999,0.3576203144973926,-2.498001805406602e-15,-0.4549856421751591
6.100000000000001,-1.399999999999999,0.4238954790212882,1.59386392972749e-14,-0.4593643143366725
6.3,-1.399999999999999,0.4919368434980018,-5.887651477465283e-15,-0.4633101824899366
6.5,-1.399999999999999,0.561790068256902,6.408068520258325e-15,-0.4662308450806996
6.699999999999999,-1.399999999999999,0.6333459603187718,2.95215241141733e-14,-0.4674841310579792
6.900000000000002,-1.399999999999999,0.7063563619888807,2.849109836944308e-14,-0.466440164077611
7.100000000000001,-1.399999999999999,0.7805065275193788,3.300137940698277e-14,-0.4625041358152573
7.3,-1.399999999999999,0.8554903228166137,5.241293510316325e-14,-0.455042239595898
7.5,-1.399999999999999,0.930980951908894,3.420527749931068e-14,-0.4432229489371499
7.699999999999999,-1.399999999999999,1.0064230710871,8.561554243335933e-14,-0.4258911645938494
7.900000000000002,-1.399999999999999,1.080690078892286,-1.351037337560256e-13,-0.401640653442592
8.100000000000001,-1.399999999999999,1.151785228124043,-1.046038256014014e-14,-0.3692006102055051
8.3,-1.399999999999999,1.216869399580478,3.82950615662736e-13,-0.328100484128871
8.5,-1.399999999999999,1.272874452654051,-2.523883879668176e-13,-0.2792945806304503
8.699999999999999,-1.399999999999999,1.317586554169494,6.260617024800296e-14,-0.2251659068314679
8.900000000000002,-1.399999999999999,1.350461344757555,-6.415042108631752e-13,-0.1686103083272977
9.100000000000001,-1.399999999999999,1.372428510674408,5.53411483306121e-13,-0.1118040792815057
9.3,-1.399999999999999,1.384909360878683,7.539802115985594e-13,-0.05563637469046198
9.5,-1.399999999999999,1.388950488672214,-1.196497761979387e-12,-2.33505990325511e-6
-9.5,-1.299999999999999,1.362430945167934,9.528419719906366e-13,2.279626326484596e-6
-9.3,-1.299999999999999,1.358273255154847,7.541016422418778e-13,0.05150429360975905
-9.099999999999999,-1.299999999999999,1.345536895383657,8.349605729041087e-13,0.103232414951174
-8.9,-1.299999999999999,1.32349577642522,-6.967829091486521e-13,0.1550501276745123
-8.699999999999999,-1.299999999999999,1.291257591155593,-3.248651347931286e-13,0.2060892215821606
-8.5,-1.299999999999999,1.248367942758068,-1.846578445707791e-13,0.2546273869227551
-8.3,-1.299999999999999,1.195422726989462,7.902706267159942e-14,0.298504633040706
-8.099999999999999,-1.299999999999999,1.134179100163645,-7.761846720910625e-14,0.3359248521706111
-7.9,-1.299999999999999,1.067041139179806,-4.739611481063832e-14,0.3660728967417682
-7.7,-1.299999999999999,0.9963361774668608,-8.946315910307589e-14,0.3891696465852909
-7.5,-1.299999999999999,0.9238452413801687,-2.040034807748725e-15,0.4060942165939167
-7.299999999999999,-1.299999999999999,0.8507170811414788,9.145462165349727e-15,0.4179235172741579
-7.099999999999999,-1.299999999999999,0.7776335178315025,3.025357742103551e-14,0.4256276971005382
-6.9,-1.299999999999999,0.7050366501241924,-1.446065489574266e-14,0.4299774108738684
-6.699999999999999,-1.299999999999999,0.6332841103094291,-1.054711873393898e-14,0.4315986957632665
-6.5,-1.299999999999999,0.5626905475506931,1.890501644119524e-14,0.4310673580603634
-6.299999999999999,-1.299999999999999,0.4934941505935032,9.020562075079396e-17,0.4289608526738962
-6.099999999999999,-1.299999999999999,0.4258145784084846,1.232347557333923e-14,0.4258500319791175
-5.9,-1.299999999999999,0.3596418436879758,8.784639682346551e-15,0.4222605748404799
-5.699999999999999,-1.299999999999999,0.294856626208967,3.295974604355933e-15,0.4186383776476807
-5.5,-1.299999999999999,0.231264417666446,5.780098621954721e-15,0.4153338807610786
-5.299999999999999,-1.299999999999999,0.1686282397808281,5.037636974236647e-15,0.4126037208915674
-5.099999999999999,-1.299999999999999,0.1066930084485832,4.399258735077182e-15,0.4106223742898027
-4.899999999999999,-1.299999999999999,0.04520031529436943,9.575673587391975e-16,0.4094972461434817
-4.699999999999999,-1.299999999999999,-0.01610536775517755,-2.546574062733952e-15,0.4092826090145796
-4.5,-1.299999999999999,-0.07747704896108159,4.08006961549745e-15,0.4099888398569547
-4.299999999999999,-1.299999999999999,-0.1391688106176466,1.484923295436146e-15,0.4115843948159395
-4.099999999999999,-1.299999999999999,-0.2014382973415456,5.825201432330118e-15,0.4139899019110177
-3.899999999999999,-1.299999999999999,-0.2645441256586474,1.018282680398385e-15,0.4170660868688316
-3.699999999999999,-1.299999999999999,-0.3287355892104992,4.258746133523061e-15,0.420598651406833
-3.5,-1.299999999999999,-0.39423312472245,-1.141881728061733e-15,0.4242840663371156
-3.299999999999999,-1.299999999999999,-0.4611993152914385,2.0343969564518e-15,0.4277217673717598
-3.099999999999999,-1.299999999999999,-0.529703960600666,2.862293735361731e-16,0.4304200985581116
-2.899999999999999,-1.299999999999999,-0.5996942322135889,-2.968111867396316e-15,0.4318216980409755
-2.699999999999999,-1.299999999999999,-0.6709879037802613,5.898059818321144e-16,0.4313429967051985
-2.5,-1.299999999999999,-0.7433013842768279,9.679756995950583e-16,0.428402321362113
-2.299999999999999,-1.299999999999999,-0.8162938587360283,2.907396545737128e-15,0.422399882893316
-2.099999999999999,-1.299999999999999,-0.8895700419789991,3.030214967836286e-14,0.4126388428795167
-1.899999999999999,-1.299999999999999,-0.9625812163506368,-2.167710455580618e-14,0.3982388082397748
-1.699999999999999,-1.299999999999999,-1.034422064802996,-7.466249840604177e-15,0.378144316558116
-1.5,-1.299999999999999,-1.103612452986672,-6.32688346158261e-14,0.3513231413344378
-1.299999999999998,-1.299999999999999,-1.168032122080021,-1.199873533863637e-13,0.317168502115678
-1.099999999999999,-1.299999999999999,-1.225188796580883,7.355227538141662e-14,0.2759662029377798
-0.9000000000000003,-1.299999999999999,-1.272854406083245,3.797517855730347e-13,0.2291155532753628
-0.6999999999999992,-1.299999999999999,-1.309779156097815,-3.835057271750486e-13,0.1788081236649521
-0.5,-1.299999999999999,-1.335986041665414,-7.06212865964062e-13,0.1272446765228046
-0.2999999999999989,-1.299999999999999,-1.352424660498806,6.887199144323119e-13,0.07588860035436312
-0.09999999999999964,-1.299999999999999,-1.360265839151643,4.579045476127419e-13,0.02519070917382879
0.1000000000000014,-1.299999999999999,-1.360265839331403,-4.661548924644876e-13,-0.02519070918676328
0.3000000000000007,-1.299999999999999,-1.352424660602854,-5.684341886080801e-13,-0.07588860039658142
0.5,-1.299999999999999,-1.335986041741835,6.041139810619711e-13,-0.1272446765700776
0.700000000000001,-1.299999999999999,-1.309779156140248,4.146197274401686e-13,-0.1788081236812624
0.9000000000000003,-1.299999999999999,-1.272854406313763,9.443834603217737e-15,-0.2291155530948242
1.100000000000001,-1.299999999999999,-1.225188796574331,-2.987193825632061e-13,-0.2759662026668999
1.3,-1.299999999999999,-1.168032122206954,1.90125692967058e-15,-0.317168501982353
1.5,-1.299999999999999,-1.103612453036757,4.996697500203595e-14,-0.3513231414654763
1.700000000000001,-1.299999999999999,-1.03442206482863,4.782979567963252e-14,-0.3781443164403081
1.9,-1.299999999999999,-0.9625812163374118,-5.953570969552401e-15,-0.3982388081289471
2.100000000000001,-1.299999999999999,-0.8895700420755621,-2.379346719649788e-14,-0.4126388430972776
2.3,-1.299999999999999,-0.8162938588936326,3.927413949611491e-15,-0.4223998831857912
2.5,-1.299999999999999,-0.7433013845979256,-1.207020594584662e-14,-0.4284023212971871
2.700000000000001,-1.299999999999999,-0.6709879037055374,2.31412111695306e-15,-0.4313429969550472
2.9,-1.299999999999999,-0.59969423231943,7.957176584305614e-15,-0.4318216978730656
3.100000000000001,-1.299999999999999,-0.5297039605125371,6.578071420904052e-15,-0.430420098539754
3.3,-1.299999999999999,-0.4611993151119588,2.52358897667726e-15,-0.4277217674434374
3.5,-1.299999999999999,-0.3942331247744384,-8.437261306282195e-15,-0.424284066393936
3.700000000000001,-1.299999999999999,-0.3287355891923313,4.262215580475015e-15,-0.4205986512569377
3.9,-1.299999999999999,-0.2645441256132635,-2.366162821232364e-15,-0.4170660869005435
4.100000000000001,-1.299999999999999,-0.2014382973726082,-6.826136877968735e-16,-0.4139899020009816
4.3,-1.299999999999999,-0.1391688108196809,-1.11369247157711e-15,-0.4115843949122145
4.5,-1.299999999999999,-0.07747704893943389,2.241262730962034e-15,-0.4099888400041609
4.700000000000001,-1.299999999999999,-0.01610536783689872,3.740063814205996e-15,-0.4092826088830524
4.9,-1.299999999999999,0.0452003154756414,-6.689093723366568e-15,-0.4094972460660966
5.100000000000001,-1.299999999999999,0.1066930082978936,-9.540979117872439e-15,-0.4106223742253321
5.3,-1.299999999999999,0.1686282396824963,5.93275428784068e-15,-0.4126037208210697
5.5,-1.299999999999999,0.2312644176060963,-2.574329638349581e-15,-0.4153338806816747
5.700000000000001,-1.299999999999999,0.2948566264076402,8.465450562766818e-16,-0.4186383775299926
5.9,-1.299999999999999,0.3596418438814987,-1.956768080901838e-15,-0.4222605748776289
6.100000000000001,-1.299999999999999,0.425814578444242,1.096345236817342e-15,-0.425850032177283
6.3,-1.299999999999999,0.4934941508585807,-1.496025525682398e-14,-0.4289608526754299
6.5,-1.299999999999999,0.5626905477879554,-2.221139938640703e-14,-0.4310673581210099
6.699999999999999,-1.299999999999999,0.633284110248389,1.192795862081652e-14,-0.4315986957886115
6.900000000000002,-1.299999999999999,0.7050366498927999,-6.26929064218018e-15,-0.4299774110758062
7.100000000000001,-1.299999999999999,0.7776335180809671,1.342675970406048e-15,-0.425627697333404
7.3,-1.299999999999999,0.850717080877666,4.604303049937641e-14,-0.4179235171239469
7.5,-1.299999999999999,0.9238452416404532,2.86611012700888e-14,-0.4060942163544005
7.699999999999999,-1.299999999999999,0.9963361771838086,3.371955492603717e-14,-0.3891696468434028
7.900000000000002,-1.299999999999999,1.067041139101897,-1.009227423853786e-13,-0.3660728966971352
8.100000000000001,-1.299999999999999,1.134179099886067,1.352390421871518e-13,-0.3359248522736667
8.3,-1.299999999999999,1.195422726894612,-1.650207748227217e-13,-0.2985046332201279
8.5,-1.299999999999999,1.248367942998578,1.751584988163301e-13,-0.2546273868545563
8.699999999999999,-1.299999999999999,1.291257590963678,-2.847479196876889e-13,-0.2060892218350934
8.900000000000002,-1.299999999999999,1.323495776662983,-5.46753614605322e-13,-0.1550501279363883
9.100000000000001,-1.299999999999999,1.345536895428557,7.850942118636794e-13,-0.1032324150049046
9.3,-1.299999999999999,1.358273255096077,6.673515906552296e-13,-0.05150429380823742
9.5,-1.299999999999999,1.362430945135017,8.280806595983847e-13,-2.279639302202318e-6
-9.5,-1.199999999999999,1.337909637312289,-1.662975313010406e-13,2.199585193415898e-6
-9.3,-1.199999999999999,1.3337051915254,-6.291946130776437e-13,0.04729947599700284
-9.099999999999999,-1.199999999999999,1.320909618902551,-4.03743011245794e-13,0.09460604493917712
-8.9,-1.199999999999999,1.299045134828846,1.534224136623407e-13,0.1416448698595708
-8.699999999999999,-1.199999999999999,1.267586620895635,1.634109514370152e-14,0.1876094256042762
-8.5,-1.199999999999999,1.226383746761452,5.117781198826776e-14,0.2311224947437596
-8.3,-1.199999999999999,1.176051344998063,-5.440439765358462e-14,0.2705405855024698
-8.099999999999999,-1.199999999999999,1.118031850192213,-7.170306015602534e-14,0.3044881542142048
-7.9,-1.199999999999999,1.054260302290124,3.39346606370583e-14,0.3322799570976334
-7.7,-1.199999999999999,0.9866729230391244,-4.593547764386585e-15,0.35399204623068
-7.5,-1.199999999999999,0.9168526081975482,2.675290544651431e-14,0.3702333245803688
-7.299999999999999,-1.199999999999999,0.8459239170675539,-3.085032229677153e-14,0.3818287917336649
-7.099999999999999,-1.199999999999999,0.7746349434801431,-1.963013085415354e-14,0.3895849997197226
-6.9,-1.199999999999999,0.7035033390583489,7.233796894823285e-15,0.3941950118833553
-6.699999999999999,-1.199999999999999,0.6329291821033475,-1.511984981661385e-14,0.3962512686003513
-6.5,-1.199999999999999,0.5632374065399287,1.318389841742373e-16,0.3962972815803645
-6.299999999999999,-1.199999999999999,0.4946678423649865,6.723788192886104e-15,0.3948611492541248
-6.099999999999999,-1.199999999999999,0.4273533212187289,3.247402347028582e-15,0.3924530479860742
-5.9,-1.199999999999999,0.3613139242616494,4.135580766728708e-15,0.3895409633431896
-5.699999999999999,-1.199999999999999,0.2964717702013007,-5.793976409762535e-15,0.3865261170052019
-5.5,-1.199999999999999,0.2326769233615042,-7.077671781985372e-15,0.3837299065491553
-5.299999999999999,-1.199999999999999,0.1697339853772359,-1.57512891618694e-15,0.3813932980684912
-5.099999999999999,-1.199999999999999,0.1074234293718096,5.80785419757035e-15,0.379684436529108
-4.899999999999999,-1.199999999999999,0.04551582968501212,1.117161918529063e-15,0.3787096425002151
-4.699999999999999,-1.199999999999999,-0.01622064605245475,-5.23192600354605e-15,0.3785238907422234
-4.5,-1.199999999999999,-0.07801787840998149,-4.40619762898109e-16,0.3791377860115801
-4.299999999999999,-1.199999999999999,-0.1401079188122977,5.134781488891349e-15,0.3805190392473297
-4.099999999999999,-1.199999999999999,-0.2027222618074855,-1.409462824231155e-15,0.3825880004941449
-3.899999999999999,-1.199999999999999,-0.2660871889913996,-3.557917849228431e-15,0.3852085200091846
-3.699999999999999,-1.199999999999999,-0.3304130320351441,2.344478777782654e-15,0.3881766719360925
-3.5,-1.199999999999999,-0.395876309609372,1.11065670549415e-15,0.3912107528560574
-3.299999999999999,-1.199999999999999,-0.462595252696762,2.676678323432213e-15,0.3939469586716801
-3.099999999999999,-1.199999999999999,-0.530602351457148,2.109423746787797e-15,0.3959456402103196
-2.899999999999999,-1.199999999999999,-0.5998222719678753,1.835337437583461e-15,0.3967105576403019
-2.699999999999999,-1.199999999999999,-0.6700662238583936,-3.896188927043908e-15,0.3957153425529225
-2.5,-1.199999999999999,-0.7410470625137062,-3.330669073875469e-16,0.3924196079550807
-2.299999999999999,-1.199999999999999,-0.8123991905410428,-1.006486560761743e-14,0.3862539417904554
-2.099999999999999,-1.199999999999999,-0.883665899413587,1.505739977147868e-15,0.3765730981012934
-1.899999999999999,-1.199999999999999,-0.9542201418903831,-1.389860448952617e-14,0.3626161424746038
-1.699999999999999,-1.199999999999999,-1.023125850848142,-3.203687315433967e-14,0.3435417911480989
-1.5,-1.199999999999999,-1.089008625835682,3.819861094100929e-14,0.3185957865621132
-1.299999999999998,-1.199999999999999,-1.150052302484224,3.640143741989732e-14,0.2874038479860159
-1.099999999999999,-1.199999999999999,-1.204228602123754,-1.738401089745877e-13,0.2502780703094185
-0.9000000000000003,-1.199999999999999,-1.249752956087782,6.25888230132432e-14,0.2083307316276382
-0.6999999999999992,-1.199999999999999,-1.285561715666728,1.415464967458035e-13,0.1632295051671748
-0.5,-1.199999999999999,-1.311506014474975,1.404917848724096e-13,0.1166641818996913
-0.2999999999999989,-1.199999999999999,-1.32812877942648,-1.417824191385364e-13,0.06983297212789689
-0.09999999999999964,-1.199999999999999,-1.336185864416273,4.487313298717765e-13,0.02322859492897727
0.1000000000000014,-1.199999999999999,-1.336185864398051,3.389580283119642e-13,-0.02322859502415308
0.3000000000000007,-1.199999999999999,-1.328128779536404,5.742420428056505e-13,-0.06983297211913538
0.5,-1.199999999999999,-1.311506014507658,-4.792485852611605e-13,-0.116664182013642
0.700000000000001,-1.199999999999999,-1.285561715775736,-6.132594432273208e-14,-0.1632295052319294
0.9000000000000003,-1.199999999999999,-1.249752956125891,-2.897682094271658e-13,-0.2083307313938734
1.100000000000001,-1.199999999999999,-1.204228602028996,-1.104255575867796e-13,-0.2502780702040869
1.3,-1.199999999999999,-1.150052302527156,3.237687895563112e-14,-0.2874038480125001
1.5,-1.199999999999999,-1.089008625954216,1.004751837285766e-14,-0.3185957863894767
1.700000000000001,-1.199999999999999,-1.023125850855337,-1.904726376622534e-14,-0.3435417914175935
1.9,-1.199999999999999,-0.954220141902591,-1.312838726619247e-14,-0.3626161426179525
2.100000000000001,-1.199999999999999,-0.8836658992786763,1.119937476090626e-14,-0.3765730982953228
2.3,-1.199999999999999,-0.8123991907185795,-4.57966997657877e-16,-0.3862539419670016
2.5,-1.199999999999999,-0.7410470625224654,2.005340338229189e-15,-0.3924196076477766
2.700000000000001,-1.199999999999999,-0.670066223993063,-2.84147705365001e-15,-0.3957153423631815
2.9,-1.199999999999999,-0.5998222720903226,-3.989863994746656e-17,-0.396710557621845
3.100000000000001,-1.199999999999999,-0.5306023512664601,-3.469446951953614e-17,-0.3959456404741074
3.3,-1.199999999999999,-0.4625952525425502,1.765081136806401e-15,-0.3939469589204415
3.5,-1.199999999999999,-0.3958763095758597,1.348096981268476e-15,-0.3912107529444497
3.700000000000001,-1.199999999999999,-0.3304130322644298,-1.138845961978773e-15,-0.3881766720137411
3.9,-1.199999999999999,-0.2660871889932197,1.188285581044112e-15,-0.3852085200181368
4.100000000000001,-1.199999999999999,-0.2027222617166063,-2.643718577388654e-15,-0.3825880005422313
4.3,-1.199999999999999,-0.140107918861889,4.510281037539698e-15,-0.3805190392398372
4.5,-1.199999999999999,-0.07801787843110377,-1.627170620466245e-15,-0.379137786113145
4.700000000000001,-1.199999999999999,-0.01622064619712348,-3.344546861683284e-15,-0.3785238906131805
4.9,-1.199999999999999,0.04551582945309158,-1.602884491802569e-15,-0.3787096423106679
5.100000000000001,-1.199999999999999,0.1074234293969218,3.184952301893417e-15,-0.3796844367954285
5.3,-1.199999999999999,0.169733985410659,-2.504940699310509e-15,-0.3813932980340192
5.5,-1.199999999999999,0.2326769234712151,-1.887379141862766e-15,-0.383729906488336
5.700000000000001,-1.199999999999999,0.2964717702592196,3.816391647148975e-15,-0.3865261170583025
5.9,-1.199999999999999,0.3613139244177805,-1.040834085586084e-16,-0.3895409633259659
6.100000000000001,-1.199999999999999,0.4273533214863063,-2.699229728619911e-15,-0.3924530478737862
6.3,-1.199999999999999,0.4946678424542151,-7.78543896018391e-15,-0.3948611494880598
6.5,-1.199999999999999,0.563237406343547,9.294648384283732e-15,-0.3962972814182486
6.699999999999999,-1.199999999999999,0.6329291821010391,1.24830701331291e-14,-0.3962512687468161
6.900000000000002,-1.199999999999999,0.7035033390268112,6.460110224537629e-15,-0.3941950118340814
7.100000000000001,-1.199999999999999,0.7746349435946957,2.680494715079362e-14,-0.3895849996749092
7.3,-1.199999999999999,0.8459239169415815,-2.170486013142181e-14,-0.3818287920730454
7.5,-1.199999999999999,0.9168526081280874,1.369737656631286e-14,-0.3702333244455062
7.699999999999999,-1.199999999999999,0.9866729228912904,-5.173986239448424e-14,-0.3539920464971105
7.900000000000002,-1.199999999999999,1.054260302399989,-1.168856678113172e-14,-0.3322799569031126
8.100000000000001,-1.199999999999999,1.118031850232775,3.146094496031537e-14,-0.3044881545330799
8.3,-1.199999999999999,1.176051345073074,-1.830757767606883e-13,-0.2705405853109208
8.5,-1.199999999999999,1.226383746836245,3.052870456432543e-13,-0.231122494709049
8.699999999999999,-1.199999999999999,1.26758662102965,-3.161776396254367e-13,-0.1876094256180118
8.900000000000002,-1.199999999999999,1.299045134897525,2.966966949902172e-13,-0.1416448699973568
9.100000000000001,-1.199999999999999,1.32090961906845,1.124378368189127e-13,-0.09460604486037504
9.3,-1.199999999999999,1.333705191647664,-1.258229631595497e-13,-0.04729947604227594
9.5,-1.199999999999999,1.337909637271268,-3.490610578360531e-13,-2.199587285173221e-6
-9.5,-1.099999999999999,1.315432827046549,1.419246664635665e-13,2.096483652493097e-6
-9.3,-1.099999999999999,1.311230730758703,-4.078716531186188e-13,0.04308005486371941
-9.099999999999999,-1.099999999999999,1.298506841597383,1.146409356334032e-13,0.08602359213487448
-8.9,-1.099999999999999,1.276969267366381,-2.411196242668722e-13,0.1284813564661639
-8.699999999999999,-1.099999999999999,1.246347225986168,-6.103798022571993e-14,0.169723862002667
-8.5,-1.099999999999999,1.206686345016341,1.38066641452994e-13,0.208639318088735
-8.3,-1.099999999999999,1.15860191237272,-1.133260152386128e-13,0.2439560035098863
-8.099999999999999,-1.099999999999999,1.103312855409202,-3.256075964408466e-14,0.2746057041199307
-7.9,-1.099999999999999,1.042416895048584,3.518019209280964e-15,0.3000170694993895
-7.7,-1.099999999999999,0.9775508612978529,-4.326747293781352e-14,0.3201846737177328
-7.5,-1.099999999999999,0.9101239188652581,2.782496455466798e-15,0.3355310556888132
-7.299999999999999,-1.099999999999999,0.8412126838792866,3.17801340798951e-15,0.3466893647009586
-7.099999999999999,-1.099999999999999,0.7715925166344268,1.314920394790419e-15,0.3543253689562428
-6.9,-1.099999999999999,0.7018275536521931,2.289834988289385e-16,0.3590494027419607
-6.699999999999999,-1.099999999999999,0.6323503844479855,-2.955968803064479e-15,0.3614058413868442
-6.5,-1.099999999999999,0.5634999597673023,4.593547764386585e-15,0.3618971348024696
-6.299999999999999,-1.099999999999999,0.4955240179572279,1.165734175856414e-15,0.361003163276098
-6.099999999999999,-1.099999999999999,0.4285700810359327,2.657596365196468e-15,0.3591801318280278
-5.9,-1.099999999999999,0.3626843122978665,1.720845688168992e-15,0.3568447916789686
-5.699999999999999,-1.099999999999999,0.2978235108186123,-1.103284130721249e-15,0.3543569584773401
-5.5,-1.099999999999999,0.2338755198710553,4.850286838831152e-15,0.3520090138417623
-5.299999999999999,-1.099999999999999,0.1706811509677806,2.775557561562891e-16,0.35002422303437
-5.099999999999999,-1.099999999999999,0.1080528930706487,2.449429548079251e-15,0.3485615539981875
-4.899999999999999,-1.099999999999999,0.04578847182370285,-4.163336342344337e-17,0.3477235432996723
-4.699999999999999,-1.099999999999999,-0.01632076720806131,3.004541060391829e-15,0.3475640731641107
-4.5,-1.099999999999999,-0.07848545854097327,4.718447854656915e-16,0.34809359443879
-4.299999999999999,-1.099999999999999,-0.1409157199753303,-3.684552662974738e-15,0.3492802247392634
-4.099999999999999,-1.099999999999999,-0.203818005907538,-2.288100264813408e-15,0.3510463869467719
-3.899999999999999,-1.099999999999999,-0.2673889175667153,-4.423544863740858e-16,0.353261961996012
-3.699999999999999,-1.099999999999999,-0.3318042959222447,-1.837072161059438e-15,0.3557360108745653
-3.5,-1.099999999999999,-0.3972029422523994,2.812420435427398e-16,0.3582098709347492
-3.299999999999999,-1.099999999999999,-0.4636658158879494,3.488528910189359e-15,0.3603550165157966
-3.099999999999999,-1.099999999999999,-0.5311939364165665,-2.100750129407913e-15,0.3617788537695817
-2.899999999999999,-1.099999999999999,-0.5996910343700712,1.148386941096646e-15,0.3620391495933303
-2.699999999999999,-1.099999999999999,-0.6689575619181483,2.692290834716004e-15,0.3606620481923829
-2.5,-1.099999999999999,-0.7386967438706693,9.228728892196613e-16,0.3571520536136257
-2.299999999999999,-1.099999999999999,-0.8085202618907912,-5.974387651264123e-15,0.350982832790124
-2.099999999999999,-1.099999999999999,-0.8779298086674953,-2.713107516427726e-15,0.3415725705478118
-1.899999999999999,-1.099999999999999,-0.9462563904818741,1.51753609678451e-14,0.3282725595504799
-1.699999999999999,-1.099999999999999,-1.012568549028875,-4.621303340002214e-15,0.3104137842876201
-1.5,-1.099999999999999,-1.075601415484569,3.574224249902613e-14,0.2874437813631787
-1.299999999999998,-1.099999999999999,-1.133785450607696,-6.76819711387111e-14,0.2591383721559313
-1.099999999999999,-1.099999999999999,-1.185436482413502,-4.5026482542454e-14,0.2258024767609712
-0.9000000000000003,-1.099999999999999,-1.229084875548124,1.671995875085485e-13,0.1883247393966548
-0.6999999999999992,-1.099999999999999,-1.263800974598218,-1.371194824351107e-13,0.1479921898974663
-0.5,-1.099999999999999,-1.289325890025128,-1.939767790837265e-13,0.1061208594706794
-0.2999999999999989,-1.099999999999999,-1.305925058654851,-1.717584408034156e-13,0.06369823629744897
-0.09999999999999964,-1.099999999999999,-1.314060425923103,-1.798977633526988e-13,0.0212214418891355
0.1000000000000014,-1.099999999999999,-1.314060425880904,-3.654299085553702e-13,-0.02122144202679537
0.3000000000000007,-1.099999999999999,-1.305925058678895,3.15560078067989e-13,-0.06369823623911245
0.5,-1.099999999999999,-1.289325890040091,-2.709985014170968e-13,-0.1061208596373884
0.700000000000001,-1.099999999999999,-1.263800974678345,-2.652739139463733e-13,-0.1479921899352792
0.9000000000000003,-1.099999999999999,-1.22908487546076,3.717165464323102e-14,-0.1883247392816374
1.100000000000001,-1.099999999999999,-1.18543648242195,-1.136382654642886e-13,-0.2258024769074667
1.3,-1.099999999999999,-1.133785450545519,-4.58869053865385e-14,-0.2591383722598921
1.5,-1.099999999999999,-1.075601415698311,-2.772782004001328e-14,-0.2874437815795324
1.700000000000001,-1.099999999999999,-1.012568548988205,1.88182802673964e-14,-0.3104137839700102
1.9,-1.099999999999999,-0.9462563905511576,-1.764560719763608e-14,-0.3282725595202794
2.100000000000001,-1.099999999999999,-0.8779298088130104,-2.498001805406602e-16,-0.341572570609117
2.3,-1.099999999999999,-0.8085202618926603,4.812122922359662e-15,-0.3509828325361385
2.5,-1.099999999999999,-0.7386967438340779,-4.739264536368637e-15,-0.357152053472689
2.700000000000001,-1.099999999999999,-0.6689575619671719,2.508410146262463e-15,-0.36066204807326
2.9,-1.099999999999999,-0.5996910346757881,-1.991462550421374e-15,-0.3620391496087069
3.100000000000001,-1.099999999999999,-0.5311939361974413,2.248201624865942e-15,-0.3617788535489416
3.3,-1.099999999999999,-0.4636658161379593,-1.397319759899318e-15,-0.3603550167168044
3.5,-1.099999999999999,-0.3972029422296503,-1.263637632031855e-15,-0.3582098707949764
3.700000000000001,-1.099999999999999,-0.3318042956841016,5.639586020400599e-15,-0.355736010803372
3.9,-1.099999999999999,-0.2673889176510234,6.852157730108388e-17,-0.3532619620949978
4.100000000000001,-1.099999999999999,-0.2038180059370677,-5.611830444784971e-15,-0.3510463867542106
4.3,-1.099999999999999,-0.1409157200302386,8.187894806610529e-16,-0.3492802248156942
4.5,-1.099999999999999,-0.07848545836982279,2.699229728619911e-15,-0.3480935944149737
4.700000000000001,-1.099999999999999,-0.01632076716043666,-6.38378239159465e-16,-0.3475640732363142
4.9,-1.099999999999999,0.04578847193887337,8.881784197001252e-16,-0.3477235432827673
5.100000000000001,-1.099999999999999,0.1080528929889487,6.154798892765711e-15,-0.3485615541045984
5.3,-1.099999999999999,0.1706811508357259,6.487865800153258e-15,-0.3500242229801288
5.5,-1.099999999999999,0.2338755200016128,-6.175615574477433e-16,-0.3520090137772734
5.700000000000001,-1.099999999999999,0.2978235108621685,5.072331443756183e-15,-0.3543569585005576
5.9,-1.099999999999999,0.3626843125914303,-1.186550857568136e-15,-0.3568447916461101
6.100000000000001,-1.099999999999999,0.4285700809366889,-2.164934898019055e-15,-0.359180131574285
6.3,-1.099999999999999,0.4955240179281903,8.430756093247282e-15,-0.3610031633179133
6.5,-1.099999999999999,0.5634999595944087,-8.007483565108941e-15,-0.3618971348651655
6.699999999999999,-1.099999999999999,0.6323503844092135,-1.082467449009527e-14,-0.3614058413043513
6.900000000000002,-1.099999999999999,0.7018275535503568,-9.714451465470119e-16,-0.359049402614986
7.100000000000001,-1.099999999999999,0.7715925164514398,-9.568734693488067e-15,-0.3543253688650244
7.3,-1.099999999999999,0.8412126839220648,-1.555353068560805e-14,-0.3466893644566287
7.5,-1.099999999999999,0.910123919172194,1.833255769412289e-14,-0.3355310556586112
7.699999999999999,-1.099999999999999,0.9775508612316723,2.104219576359867e-14,-0.3201846737059508
7.900000000000002,-1.099999999999999,1.04241689494576,4.513750484491652e-15,-0.3000170693261908
8.100000000000001,-1.099999999999999,1.103312855317525,2.968805756786707e-14,-0.2746057042243746
8.3,-1.099999999999999,1.158601912259241,1.033235996761305e-13,-0.2439560036008395
8.5,-1.099999999999999,1.206686345157095,1.693679918535195e-13,-0.2086393180824242
8.699999999999999,-1.099999999999999,1.246347226039002,1.961278361939378e-14,-0.1697238618951358
8.900000000000002,-1.099999999999999,1.276969267282484,-9.248157795127554e-14,-0.1284813565250526
9.100000000000001,-1.099999999999999,1.298506841553413,1.598582377582147e-13,-0.08602359214867298
9.3,-1.099999999999999,1.311230730876711,-2.023034517684152e-14,-0.04308005485845555
9.5,-1.099999999999999,1.315432827098108,-2.609475135972871e-13,-2.096513279464112e-6
-9.5,-0.9999999999999997,1.295016030355368,-1.726292719883559e-13,1.97247146246568e-6
-9.3,-0.9999999999999997,1.290848600703066,2.630673456849308e-13,0.03888516810105706
-9.099999999999999,-0.9999999999999997,1.278277975885903,1.561147044970567e-13,0.07754630196711032
-8.9,-0.9999999999999997,1.257148184946787,4.00374178255447e-14,0.1156034682581167
-8.699999999999999,-0.9999999999999997,1.227363960033558,4.414177356970583e-14,0.152407764087081
-8.5,-0.9999999999999997,1.189097290194544,4.251460294923958e-14,0.1870546401327087
-8.3,-0.9999999999999997,1.142953689800696,3.440997486947594e-14,0.2185464940356673
-8.099999999999999,-0.9999999999999997,1.089989090475399,-1.342675970406048e-14,0.2460441907898063
-7.9,-0.9999999999999997,1.031554429048198,-5.121597590473925e-14,0.2690735396450141
-7.7,-0.9999999999999997,0.9690563549050053,-1.565067520026275e-14,0.2875858618591202
-7.5,-0.9999999999999997,0.9037557655343175,5.363764987720287e-15,0.3018749554239966
-7.299999999999999,-0.9999999999999997,0.8366714225593221,3.646388746503248e-15,0.3124279248359335
-7.099999999999999,-0.9999999999999997,0.768581659418506,-4.836409051023338e-15,0.3197913658050831
-6.9,-0.9999999999999997,0.7000764427644938,-4.45476988630844e-15,0.3244943070362744
-6.699999999999999,-0.9999999999999997,0.6316116970420107,9.041378756791118e-15,0.3270259913531531
-6.5,-0.9999999999999997,0.5635405328205885,-1.053324094613117e-14,0.3278426021812541
-6.299999999999999,-0.9999999999999997,0.4961214113379208,-4.420075416788904e-15,0.3273763087927816
-6.099999999999999,-0.9999999999999997,0.429516950256154,6.598888102615774e-15,0.3260336900721622
-5.9,-0.9999999999999997,0.3637962523881079,2.838007606698056e-15,0.3241848723303881
-5.699999999999999,-0.9999999999999997,0.2989455029224594,3.75394160201381e-15,0.322150927914721
-5.5,-0.9999999999999997,0.2348847250260174,6.418476861114186e-15,0.3201955732949343
-5.299999999999999,-0.9999999999999997,0.1714862180803558,-5.48172618408671e-16,0.318523076491385
-5.099999999999999,-0.9999999999999997,0.1085911014786438,-3.760880495917717e-15,0.3172811788680288
-4.899999999999999,-0.9999999999999997,0.04602218879692698,4.232725281383409e-15,0.3165666267649983
-4.699999999999999,-0.9999999999999997,-0.01640704239647389,-5.551115123125782e-16,0.3164308624678211
-4.5,-0.9999999999999997,-0.07888653398693595,-5.065392549852276e-16,0.316883897890274
-4.299999999999999,-0.9999999999999997,-0.1416051941765496,2.668004706052329e-15,0.3178951260774559
-4.099999999999999,-0.9999999999999997,-0.2047459400408397,-7.285838599102589e-16,0.3193908070623434
-3.899999999999999,-0.9999999999999997,-0.2684784000542387,-8.682290997263919e-16,0.3212489967182919
-3.699999999999999,-0.9999999999999997,-0.3329480102065912,3.01494940124769e-15,0.3232935552193706
-3.5,-0.9999999999999997,-0.3982611356130033,2.764932380272533e-15,0.325289485359903
-3.299999999999999,-0.9999999999999997,-0.464467149188224,-3.54750950837257e-16,0.3269421210422764
-3.099999999999999,-0.9999999999999997,-0.5315401264095556,3.145053661945951e-15,0.3279021828392978
-2.899999999999999,-0.9999999999999997,-0.5993644054079145,3.212707877509046e-15,0.3277766043587415
-2.699999999999999,-0.9999999999999997,-0.667727828630535,1.422473250300981e-15,0.3261411730543724
-2.5,-0.9999999999999997,-0.7363218512716922,3.854555563620465e-15,0.3225476089145144
-2.299999999999999,-0.9999999999999997,-0.804739436612525,4.600486658290492e-15,0.3165195565325864
-2.099999999999999,-0.9999999999999997,-0.8724560240920293,3.198830089701232e-15,0.3075427176307101
-1.899999999999999,-0.9999999999999997,-0.9387849139634255,9.631184738623233e-15,0.2950698919457568
-1.699999999999999,-0.9999999999999997,-1.002819064247826,1.413452688225902e-14,0.278569770839212
-1.5,-0.9999999999999997,-1.063397639793484,3.132910597614113e-14,0.2576364617969471
-1.299999999999998,-0.9999999999999997,-1.119149636015046,6.399047958183246e-14,0.2321418685250821
-1.099999999999999,-0.9999999999999997,-1.168648550338495,7.197714646522968e-14,0.2023673231997691
-0.9000000000000003,-0.9999999999999997,-1.210652642489373,1.261490911730334e-14,0.1690259608855586
-0.6999999999999992,-0.9999999999999997,-1.244331391154268,-1.789401959939596e-13,0.1331227401305036
-0.5,-0.9999999999999997,-1.269356134592011,-2.218503158957219e-13,0.09569500499115239
-0.2999999999999989,-0.9999999999999997,-1.285802912206364,2.033512247479052e-13,0.05756115225525283
-0.09999999999999964,-0.9999999999999997,-1.293926809270974,-1.996458554032187e-13,0.01919989210114081
0.1000000000000014,-0.9999999999999997,-1.293926809287164,-2.79956613447041e-13,-0.01919989203478689
0.3000000000000007,-0.9999999999999997,-1.285802912273446,-1.603647770131999e-13,-0.05756115215721777
0.5,-0.9999999999999997,-1.2693561345303,-2.184988301401347e-13,-0.095695005097856
0.700000000000001,-0.9999999999999997,-1.244331391103492,2.143354937977903e-13,-0.133122740176323
0.9000000000000003,-0.9999999999999997,-1.210652642585308,2.14064876935538e-14,-0.169025960799359
1.100000000000001,-0.9999999999999997,-1.168648550340719,-3.854555563620465e-14,-0.2023673231261645
1.3,-0.9999999999999997,-1.119149635918799,-6.169370569963916e-14,-0.2321418685707634
1.5,-0.9999999999999997,-1.063397639678908,-2.105954299835843e-14,-0.2576364616517562
1.700000000000001,-0.9999999999999997,-1.002819064151208,-1.694477891334145e-14,-0.2785697706982411
1.9,-0.9999999999999997,-0.938784913979046,5.676015213396112e-15,-0.29506989186426
2.100000000000001,-0.9999999999999997,-0.8724560242187684,5.134781488891349e-16,-0.3075427175287536
2.3,-0.9999999999999997,-0.8047394364922952,9.159339953157541e-16,-0.3165195566293636
2.5,-0.9999999999999997,-0.7363218515628868,-2.373101715136272e-15,-0.3225476088866579
2.700000000000001,-0.9999999999999997,-0.6677278285798153,-3.930883396563444e-15,-0.3261411733268314
2.9,-0.9999999999999997,-0.5993644054770889,-6.404599073306371e-15,-0.327776604063397
3.100000000000001,-0.9999999999999997,-0.5315401262416151,-8.907805049140904e-15,-0.327902182771385
3.3,-0.9999999999999997,-0.464467148886974,4.701100619897147e-16,-0.3269421209066297
3.5,-0.9999999999999997,-0.3982611354648942,-1.465299236114159e-15,-0.3252894852221485
3.700000000000001,-0.9999999999999997,-0.3329480103337481,2.64545330086463e-16,-0.3232935554328296
3.9,-0.9999999999999997,-0.2684784000902945,4.518954654919582e-15,-0.3212489968011177
4.100000000000001,-0.9999999999999997,-0.2047459399713294,3.58567342484406e-15,-0.3193908070741434
4.3,-0.9999999999999997,-0.1416051940005836,3.327199626923516e-15,-0.3178951260504374
4.5,-0.9999999999999997,-0.07888653380540003,3.011479954295737e-15,-0.316883897838609
4.700000000000001,-0.9999999999999997,-0.01640704222419107,4.163336342344337e-17,-0.3164308624281679
4.9,-0.9999999999999997,0.04602218875928124,-1.887379141862766e-15,-0.3165666266273043
5.100000000000001,-0.9999999999999997,0.1085911015385092,-5.204170427930421e-16,-0.3172811789276023
5.3,-0.9999999999999997,0.1714862178818413,2.733924198139448e-15,-0.318523076573649
5.5,-0.9999999999999997,0.2348847248642391,1.65145674912992e-15,-0.320195573350279
5.700000000000001,-0.9999999999999997,0.2989455029360684,3.025357742103551e-15,-0.3221509277951842
5.9,-0.9999999999999997,0.3637962523931798,-8.479328350574633e-15,-0.3241848723159479
6.100000000000001,-0.9999999999999997,0.4295169504434662,4.57966997657877e-16,-0.3260336901414256
6.3,-0.9999999999999997,0.496121411225635,4.57966997657877e-16,-0.3273763091032702
6.5,-0.9999999999999997,0.5635405330970763,-2.067790383364354e-15,-0.3278426020166511
6.699999999999999,-0.9999999999999997,0.6316116971323591,-7.029099524658022e-15,-0.3270259914455003
6.900000000000002,-0.9999999999999997,0.700076442764412,-6.18255446838134e-15,-0.3244943069967837
7.100000000000001,-0.9999999999999997,0.7685816596061879,-5.689893001203927e-15,-0.3197913658149521
7.3,-0.9999999999999997,0.8366714225576515,3.514549762329011e-15,-0.3124279249601237
7.5,-0.9999999999999997,0.903755765475889,-1.778091562876227e-14,-0.3018749555293024
7.699999999999999,-0.9999999999999997,0.9690563548931119,-1.489086631778491e-14,-0.2875858618529625
7.900000000000002,-0.9999999999999997,1.031554429037386,8.777700788442643e-16,-0.2690735398125822
8.100000000000001,-0.9999999999999997,1.089989090539349,-3.286260152890463e-14,-0.2460441909381327
8.3,-0.9999999999999997,1.142953689875625,-7.315328898194195e-14,-0.2185464942348648
8.5,-0.9999999999999997,1.189097290174431,2.776945340343672e-14,-0.1870546401902354
8.699999999999999,-0.9999999999999997,1.227363959917856,-3.737288256644433e-14,-0.1524077641111705
8.900000000000002,-0.9999999999999997,1.257148184986336,4.315992008230296e-15,-0.1156034685004623
9.100000000000001,-0.9999999999999997,1.278277975923729,1.642436187054841e-13,-0.07754630201777534
9.3,-0.9999999999999997,1.290848600778817,1.090828816163735e-13,-0.03888516822771372
9.5,-0.9999999999999997,1.295016030350556,6.329312074448978e-14,-1.972408117313639e-6
-9.5,-0.8999999999999999,1.276654085848897,-1.596466014941455e-13,1.829522640481307e-6
-9.3,-0.8999999999999999,1.272540710228354,1.656799697435928e-13,0.03473921859151733
-9.099999999999999,-0.8999999999999999,1.260168685206291,-4.016925680971894e-14,0.06920856699763332
-8.9,-0.8999999999999999,1.239479663703493,-4.420422361484099e-14,0.1030264500691361
-8.699999999999999,-0.8999999999999999,1.21049882171337,-2.19373130772027e-14,0.1356229332943567
-8.5,-0.8999999999999999,1.173479079196937,-6.340761249390425e-14,0.1662581941977044
-8.3,-0.8999999999999999,1.129010883510799,-7.908604326978263e-14,0.1941416222884838
-8.099999999999999,-0.8999999999999999,1.078028572660656,3.646388746503248e-14,0.2186083441743046
-7.9,-0.8999999999999999,1.021699715052363,1.906461100098511e-14,0.2392662178857985
-7.7,-0.8999999999999999,0.9612530747786975,-1.516148318003729e-14,0.2560463069710853
-7.5,-0.8999999999999999,0.8978251715951644,9.735268147181841e-15,0.2691532290062658
-7.299999999999999,-0.8999999999999999,0.8323752019547168,1.137978600240785e-15,0.2789625901190492
-7.099999999999999,-0.8999999999999999,0.7656702050880127,4.288236432614667e-15,0.2859209809831357
-6.9,-0.8999999999999999,0.6983117922570698,-3.785166624581393e-15,0.2904809490152088
-6.699999999999999,-0.8999999999999999,0.6307715089882091,-3.400058012914541e-16,0.2930742020970445
-6.5,-0.8999999999999999,0.5634150285834723,-8.81239525796218e-16,0.294108081697944
-6.299999999999999,-0.8999999999999999,0.4965122087579827,1.311450947838466e-15,0.2939675310148393
-6.099999999999999,-0.8999999999999999,0.4302403104593621,3.05311331771918e-16,0.2930124519045967
-5.9,-0.8999999999999999,0.3646886547119571,1.394717674685352e-15,0.2915696701337096
-5.699999999999999,-0.8999999999999999,0.2998685014993752,8.257283745649601e-16,0.2899236369590091
-5.5,-0.8999999999999999,0.2357273493920642,-2.518818487118323e-15,0.2883098913601663
-5.299999999999999,-0.8999999999999999,0.1721648088165172,1.505739977147868e-15,0.2869129062488183
-5.099999999999999,-0.8999999999999999,0.1090474075162224,2.005340338229189e-15,0.2858677505505056
-4.899999999999999,-0.8999999999999999,0.04622082725417381,7.077671781985372e-16,0.2852639050409299
-4.699999999999999,-0.8999999999999999,-0.01648075794043336,-2.949029909160572e-15,0.2851493713558708
-4.5,-0.8999999999999999,-0.07922765844275743,6.175615574477433e-15,0.2855335124483308
-4.299999999999999,-0.8999999999999999,-0.1421887626718098,4.437422651548672e-15,0.2863876460077114
-4.099999999999999,-0.8999999999999999,-0.20552524061147,5.93275428784068e-16,0.2876431815096015
-3.899999999999999,-0.8999999999999999,-0.2693824638102648,2.311519031739095e-15,0.2891879048376544
-3.699999999999999,-0.8999999999999999,-0.3338792031372449,3.238728729648698e-15,0.2908617090051076
-3.5,-0.8999999999999999,-0.3990939351021392,-3.458604930228759e-15,0.2924535212382609
-3.299999999999999,-0.8999999999999999,-0.4650491377387236,-7.29624693995845e-15,0.2937012745605158
-3.099999999999999,-0.8999999999999999,-0.5316956659251667,-3.714042962066344e-15,0.294296189483224
-2.899999999999999,-0.8999999999999999,-0.5989001419310039,-6.699502064222429e-15,0.2938909825806708
-2.699999999999999,-0.8999999999999999,-0.6664375155698372,-6.356026815979021e-15,0.2921091222469314
-2.5,-0.8999999999999999,-0.7339875504032241,2.331468351712828e-15,0.2885506329652516
-2.299999999999999,-0.8999999999999999,-0.8011289222135975,-2.997602166487922e-15,0.2827921452973205
-2.099999999999999,-0.8999999999999999,-0.8673222061375498,2.775557561562891e-16,0.2743864122986352
-1.899999999999999,-0.8999999999999999,-0.9318785104141237,8.049116928532384e-16,0.2628760413053691
-1.699999999999999,-0.8999999999999999,-0.9939249470064692,-4.926614671774132e-15,0.2478396097059716
-1.5,-0.8999999999999999,-1.052394735743926,1.425942697252935e-14,0.22897798139193
-1.299999999999998,-0.8999999999999999,-1.10607602716836,-1.137978600240785e-14,0.2062237474833651
-1.099999999999999,-0.8999999999999999,-1.15373704988134,-6.890321646579877e-15,0.1798275387264905
-0.9000000000000003,-0.8999999999999999,-1.194303791920462,-1.164138230258515e-13,0.150363358006708
-0.6999999999999992,-0.8999999999999999,-1.227020908109361,6.977751709769108e-14,0.1186229533760544
-0.5,-0.8999999999999999,-1.25151651885262,1.084965450814934e-13,0.08543155736879781
-0.2999999999999989,-0.8999999999999999,-1.26773772760135,6.98885394001536e-14,0.05146971081101881
-0.09999999999999964,-0.8999999999999999,-1.275794885230377,-2.088468287197997e-13,0.01718375676240959
0.1000000000000014,-0.8999999999999999,-1.275794885112806,1.792871406891549e-13,-0.01718375678625451
0.3000000000000007,-0.8999999999999999,-1.267737727582542,2.003119892179938e-13,-0.0514697108314026
0.5,-0.8999999999999999,-1.251516518867748,-9.538203560310876e-14,-0.08543155734631223
0.700000000000001,-0.8999999999999999,-1.227020908129223,1.248445791190988e-13,-0.1186229535106518
0.9000000000000003,-0.8999999999999999,-1.194303791975612,1.107516856002632e-13,-0.1503633580111415
1.100000000000001,-0.8999999999999999,-1.153737049812688,4.812816811750053e-14,-0.179827538700405
1.3,-0.8999999999999999,-1.106076027109649,-4.336808689942017e-14,-0.2062237474344791
1.5,-0.8999999999999999,-1.052394735793081,3.386180225106727e-15,-0.2289779813372696
1.700000000000001,-0.8999999999999999,-0.9939249471261979,-8.437694987151189e-15,-0.2478396096807162
1.9,-0.8999999999999999,-0.9318785103120301,2.567390744445674e-16,-0.2628760412734144
2.100000000000001,-0.8999999999999999,-0.8673222062037021,5.002942504717111e-15,-0.2743864121213485
2.3,-0.8999999999999999,-0.8011289224560134,-1.519617764955683e-15,-0.2827921454418596
2.5,-0.8999999999999999,-0.7339875502829522,7.032568971609976e-15,-0.2885506329277444
2.700000000000001,-0.8999999999999999,-0.6664375156786907,3.115563362854345e-15,-0.2921091224016421
2.9,-0.8999999999999999,-0.5989001417913946,-2.456368441983158e-15,-0.2938909827695254
3.100000000000001,-0.8999999999999999,-0.5316956662369261,7.320533068622125e-16,-0.294296189218632
3.3,-0.8999999999999999,-0.4650491379644295,-1.876103439268916e-15,-0.2937012744543741
3.5,-0.8999999999999999,-0.3990939350864902,2.499736528882579e-15,-0.2924535212557889
3.700000000000001,-0.8999999999999999,-0.3338792031133067,-5.906733435701028e-16,-0.2908617091074335
3.9,-0.8999999999999999,-0.2693824638767221,-5.303917027799087e-15,-0.2891879048596017
4.100000000000001,-0.8999999999999999,-0.2055252407114044,-4.029762634694122e-15,-0.2876431815247604
4.3,-0.8999999999999999,-0.1421887626132568,-1.842276331487369e-15,-0.2863876462553993
4.5,-0.8999999999999999,-0.07922765851383556,7.494005416219806e-16,-0.2855335123372985
4.700000000000001,-0.8999999999999999,-0.01648075772999478,4.968248035197575e-15,-0.2851493713147713
4.9,-0.8999999999999999,0.04622082716766529,-8.951173136040324e-16,-0.2852639048375065
5.100000000000001,-0.8999999999999999,0.109047407561153,-1.318389841742373e-16,-0.2858677503341999
5.3,-0.8999999999999999,0.172164808706405,-2.907396545737128e-15,-0.2869129062232174
5.5,-0.8999999999999999,0.2357273494036888,1.214306433183765e-15,-0.2883098915070638
5.700000000000001,-0.8999999999999999,0.2998685015929312,4.642120021713935e-15,-0.2899236369844354
5.9,-0.8999999999999999,0.3646886547323129,2.456368441983158e-15,-0.2915696701857166
6.100000000000001,-0.8999999999999999,0.4302403105132268,-6.036837696399288e-16,-0.2930124520410768
6.3,-0.8999999999999999,0.4965122089150492,7.029099524658022e-15,-0.2939675309252686
6.5,-0.8999999999999999,0.5634150286986228,-1.637578961322105e-15,-0.2941080816698054
6.699999999999999,-0.8999999999999999,0.63077150890537,-3.469446951953614e-15,-0.2930742018012602
6.900000000000002,-0.8999999999999999,0.698311792239721,-1.838806884535415e-16,-0.2904809488861663
7.100000000000001,-0.8999999999999999,0.765670205157785,-3.386180225106727e-15,-0.2859209811367681
7.3,-0.8999999999999999,0.8323752018497916,1.890848588814719e-15,-0.2789625900018769
7.5,-0.8999999999999999,0.897825171647845,-7.49747486317176e-15,-0.2691532289296481
7.699999999999999,-0.8999999999999999,0.961253074649412,-9.957312752106872e-15,-0.2560463068340872
7.900000000000002,-0.8999999999999999,1.0216997150508,-3.735206588473261e-14,-0.2392662179773232
8.100000000000001,-0.8999999999999999,1.078028572705652,-9.662409761190815e-15,-0.218608344264579
8.3,-0.8999999999999999,1.129010883480111,-2.012279232133096e-14,-0.1941416222030043
8.5,-0.8999999999999999,1.173479079262548,9.01431707056588e-14,-0.1662581943326239
8.699999999999999,-0.8999999999999999,1.210498821736592,-1.128437621122913e-13,-0.1356229334179244
8.900000000000002,-0.8999999999999999,1.239479663812983,-5.187170137865848e-14,-0.1030264500313531
9.100000000000001,-0.8999999999999999,1.260168685189474,1.846925390402987e-13,-0.06920856700991517
9.3,-0.8999999999999999,1.272540710150009,2.373656826648584e-13,-0.03473921868478957
9.5,-0.8999999999999999,1.276654085829694,1.162611673599656e-14,-1.829498003445839e-6
-9.5,-0.7999999999999998,1.260328839765867,1.261282744913216e-13,1.669341093742809e-6
-9.3,-0.7999999999999998,1.256279273251528,9.970496650524296e-14,0.03065557756602038
-9.099999999999999,-0.7999999999999998,1.244125041904702,1.429689699961045e-13,0.06102571985164539
-8.9,-0.7999999999999998,1.223876883763407,2.665229148490766e-14,0.09074641860453863
-8.699999999999999,-0.7999999999999998,1.195641989462998,2.337713356226345e-14,0.11932313913387
-8.5,-0.7999999999999998,1.159724324825202,-3.781350232934244e-14,0.1461496740123213
-8.3,-0.7999999999999998,1.116697002968716,5.367581379367436e-14,0.1705955534763127
-8.099999999999999,-0.7999999999999998,1.067401985926682,-1.081079670228746e-14,0.1921313066323039
-7.9,-0.7999999999999998,1.012868812104138,1.934563620409335e-14,0.2104340630388179
-7.7,-0.7999999999999998,0.9541881481851902,-1.577210584358113e-14,0.2254283869043451
-7.5,-0.7999999999999998,0.8923934669631661,4.489464355827976e-15,0.2372569004752204
-7.299999999999999,-0.7999999999999998,0.8283873363238814,-7.095019016745141e-15,0.2462095818006533
-7.099999999999999,-0.7999999999999998,0.7629179617241332,3.268219028740304e-15,0.2526493323221432
-6.9,-0.7999999999999998,0.6965892799213788,3.289035710452026e-15,0.256958488051219
-6.699999999999999,-0.7999999999999998,0.6298823918420112,-4.697631172945193e-15,0.2595116250476755
-6.5,-0.7999999999999998,0.5631732700500837,3.511080315377057e-15,0.2606665002477899
-6.299999999999999,-0.7999999999999998,0.4967426117602366,3.899658373995862e-15,0.2607615030579719
-6.099999999999999,-0.7999999999999998,0.4307812629036296,-4.170275236248244e-15,0.2601120035601439
-5.9,-0.7999999999999998,0.3653962653146971,1.179611963664228e-15,0.2590039694336768
-5.699999999999999,-0.7999999999999998,0.3006202987585848,-9.506284648352902e-16,0.2576869078509473
-5.5,-0.7999999999999998,0.2364242989890871,-1.873501354054951e-15,0.2563687006721783
-5.299999999999999,-0.7999999999999998,0.172731448977497,3.358424649491098e-15,0.2552135653999002
-5.099999999999999,-0.7999999999999998,0.1094306184889822,-4.503342143635791e-15,0.2543428948414928
-4.899999999999999,-0.7999999999999998,0.04638803852462117,-4.232725281383409e-16,0.2538378360921053
-4.699999999999999,-0.7999999999999998,-0.01654314193317928,8.11156697366755e-15,0.2537422134092295
-4.5,-0.7999999999999998,-0.07951503999722001,-1.353084311261909e-15,0.2540645874194707
-4.299999999999999,-0.7999999999999998,-0.1426780596981532,-7.74727504371242e-15,0.2547786829566125
-4.099999999999999,-0.7999999999999998,-0.2061736200389989,-3.58567342484406e-15,0.2558220205069046
-3.899999999999999,-0.7999999999999998,-0.270125529445214,2.011411870395107e-15,0.2570932313039914
-3.699999999999999,-0.7999999999999998,-0.3346293384092972,7.945033519973776e-16,0.2584490594245589
-3.5,-0.7999999999999998,-0.399739617662014,-3.070894233347942e-15,0.2597023985290052
-3.299999999999999,-0.7999999999999998,-0.4654559341529298,-2.626371342628885e-15,0.2606227014093374
-3.099999999999999,-0.7999999999999998,-0.5317091394879267,3.46597750500166e-15,0.2609395559177417
-2.899999999999999,-0.7999999999999998,-0.5983499698323223,5.898059818321144e-17,0.2603490092750571
-2.699999999999999,-0.7999999999999998,-0.6651411787981198,5.592748486549226e-15,0.2585206623179925
-2.5,-0.7999999999999998,-0.7317520350884121,9.332812300755222e-15,0.2551029415894665
-2.299999999999999,-0.7999999999999998,-0.7977510332319139,3.455569164145799e-15,0.2497259690311748
-2.099999999999999,-0.7999999999999998,-0.8625919593920231,-5.065392549852276e-16,0.2420066184955179
-1.899999999999999,-0.7999999999999998,-0.9255930648907102,8.81239525796218e-16,0.2315660147910738
-1.699999999999999,-0.7999999999999998,-0.9859189869072022,7.105427357601001e-15,0.2180706058774912
-1.5,-0.7999999999999998,-1.042585265492702,1.890848588814719e-14,0.2012993945209152
-1.299999999999998,-0.7999999999999998,-1.09450724540286,5.988265439071938e-15,0.1812224633675828
-1.099999999999999,-0.7999999999999998,-1.140601475218421,3.307076834602185e-14,0.1580575796880279
-0.9000000000000003,-0.7999999999999998,-1.179919177517224,-5.924427615155991e-14,0.1322670567157436
-0.6999999999999992,-0.7999999999999998,-1.211763195141455,-5.383193890651227e-14,0.1044781267733837
-0.5,-0.7999999999999998,-1.235736005949075,3.54299922733503e-14,0.07535095114696693
-0.2999999999999989,-0.7999999999999998,-1.251697422927279,-1.398742233149619e-13,0.04545143245563659
-0.09999999999999964,-0.7999999999999998,-1.25965715677344,1.228045443113501e-13,0.01518502976625307
0.1000000000000014,-0.7999999999999998,-1.259657156829725,-2.202404925100154e-14,-0.01518502973365983
0.3000000000000007,-0.7999999999999998,-1.251697423036325,-4.468647674116255e-15,-0.04545143243609854
0.5,-0.7999999999999998,-1.235736005765075,-8.951173136040324e-15,-0.07535095108002391
0.700000000000001,-0.7999999999999998,-1.211763195115275,-6.752931547282514e-14,-0.1044781267451767
0.9000000000000003,-0.7999999999999998,-1.179919177592378,-3.47499806707674e-14,-0.1322670566482786
1.100000000000001,-0.7999999999999998,-1.140601475130303,-2.547961841514734e-14,-0.1580575795857358
1.3,-0.7999999999999998,-1.094507245294615,1.978972541394341e-14,-0.1812224635221496
1.5,-0.7999999999999998,-1.042585265534123,1.27675647831893e-15,-0.201299394405095
1.700000000000001,-0.7999999999999998,-0.9859189869498543,-6.161737786669618e-15,-0.2180706057032919
1.9,-0.7999999999999998,-0.9255930647795293,-3.108624468950438e-15,-0.2315660147985118
2.100000000000001,-0.7999999999999998,-0.8625919593191451,-1.866562460151044e-15,-0.242006618564594
2.3,-0.7999999999999998,-0.797751033225122,1.339206523454095e-15,-0.2497259692359631
2.5,-0.7999999999999998,-0.7317520350080738,-4.711508960753008e-15,-0.2551029413757293
2.700000000000001,-0.7999999999999998,-0.6651411786117713,5.589279039597272e-15,-0.2585206620361442
2.9,-0.7999999999999998,-0.5983499699522314,6.55725473919233e-16,-0.2603490091541337
3.100000000000001,-0.7999999999999998,-0.5317091397209488,1.543903893619358e-16,-0.2609395561502823
3.3,-0.7999999999999998,-0.4654559339912398,9.384854005034526e-16,-0.260622701304741
3.5,-0.7999999999999998,-0.3997396175049091,3.063521658575041e-15,-0.259702398413692
3.700000000000001,-0.7999999999999998,-0.3346293386033072,-2.439888568961379e-15,-0.2584490594892708
3.9,-0.7999999999999998,-0.2701255294628107,-5.479124098872745e-15,-0.2570932313107947
4.100000000000001,-0.7999999999999998,-0.2061736201157462,-5.209374598358351e-15,-0.255822020350104
4.3,-0.7999999999999998,-0.1426780597287035,-7.979727989493312e-17,-0.2547786828516426
4.5,-0.7999999999999998,-0.07951504005942455,-9.089951014118469e-16,-0.2540645877102942
4.700000000000001,-0.7999999999999998,-0.01654314178784008,-3.400058012914541e-16,-0.2537422132750736
4.9,-0.7999999999999998,0.04638803848183403,-3.080868893334809e-15,-0.2538378359270386
5.100000000000001,-0.7999999999999998,0.1094306182627167,2.442490654175344e-15,-0.2543428947189224
5.3,-0.7999999999999998,0.1727314491867971,2.164934898019055e-15,-0.2552135655590174
5.5,-0.7999999999999998,0.2364242991594646,-1.457167719820518e-15,-0.2563687007028168
5.700000000000001,-0.7999999999999998,0.3006202985409769,-4.246603069191223e-15,-0.2576869077613894
5.9,-0.7999999999999998,0.3653962653697202,1.915134717478395e-15,-0.2590039692764992
6.100000000000001,-0.7999999999999998,0.4307812629409726,1.915134717478395e-15,-0.2601120034456905
6.3,-0.7999999999999998,0.4967426118491008,2.046973701652632e-15,-0.2607615030992566
6.5,-0.7999999999999998,0.5631732700569045,-2.02615701994091e-15,-0.2606665001727669
6.699999999999999,-0.7999999999999998,0.6298823918773905,-2.400857290751901e-15,-0.2595116248754447
6.900000000000002,-0.7999999999999998,0.6965892798773493,2.067790383364354e-15,-0.256958488278131
7.100000000000001,-0.7999999999999998,0.7629179619504279,-5.533767888366014e-15,-0.2526493322629117
7.3,-0.7999999999999998,0.8283873362768708,1.65145674912992e-15,-0.2462095816746423
7.5,-0.7999999999999998,0.8923934668877736,5.027228633380787e-15,-0.2372569005030359
7.699999999999999,-0.7999999999999998,0.9541881480860872,4.250072516143177e-15,-0.2254283870912293
7.900000000000002,-0.7999999999999998,1.012868811902816,-2.529920717364575e-14,-0.2104340630399902
8.100000000000001,-0.7999999999999998,1.067401985774795,-2.006034227619579e-14,-0.1921313065081214
8.3,-0.7999999999999998,1.116697002707108,-3.879188636979336e-14,-0.1705955534433306
8.5,-0.7999999999999998,1.159724324991258,-6.916342498719529e-14,-0.146149674046677
8.699999999999999,-0.7999999999999998,1.195641989417609,1.341635136320462e-14,-0.1193231391403004
8.900000000000002,-0.7999999999999998,1.223876883712741,2.154873501858389e-14,-0.09074641862494611
9.100000000000001,-0.7999999999999998,1.244125041797081,5.299927163804341e-14,-0.06102571988153705
9.3,-0.7999999999999998,1.256279273213565,-1.452137021740185e-13,-0.03065557751458218
9.5,-0.7999999999999998,1.260328839741665,8.265263473639095e-14,-1.669329902545535e-6
-9.5,-0.6999999999999997,1.246014848145303,-4.484260185400046e-14,1.494050381210809e-6
-9.3,-0.6999999999999997,1.242031839735716,-8.249650962355303e-14,0.02663955854019131
-9.099999999999999,-0.6999999999999997,1.230096027691276,-2.782843400161993e-14,0.05299971044064096
-8.9,-0.6999999999999997,1.210266382511394,4.993574997946836e-14,0.07874674919814853
-8.699999999999999,-0.6999999999999997,1.182705375897312,7.969319648637451e-15,0.1034575160779943
-8.5,-0.6999999999999997,1.147748348823832,4.125866315263238e-14,0.1266366147098705
-8.3,-0.6999999999999997,1.105950717519371,2.124689313376393e-14,0.147780622646201
-8.099999999999999,-0.6999999999999997,1.058083354885001,-8.416878305439468e-15,0.1664676586926195
-7.9,-0.6999999999999997,1.005070912204853,1.27745036770932e-14,0.1824337095278107
-7.7,-0.6999999999999997,0.9478965870306774,-2.255140518769849e-15,0.1956049938912672
-7.5,-0.6999999999999997,0.8875093989172255,-2.907396545737128e-15,0.2060808587309433
-7.299999999999999,-0.6999999999999997,0.8247607068258082,-5.516420653606246e-16,0.2140849274825114
-7.099999999999999,-0.6999999999999997,0.7603767824760765,-4.274358644806852e-15,0.2199099128113918
-6.9,-0.6999999999999997,0.69495815875494,-9.159339953157541e-16,0.2238745032567081
-6.699999999999999,-0.6999999999999997,0.6289910004735984,1.609823385706477e-15,0.2262980902796337
-6.5,-0.6999999999999997,0.5628592448246383,3.982925100842749e-15,0.2274892925343944
-6.299999999999999,-0.6999999999999997,0.4968532323988194,-2.262079412673756e-15,0.227740836846653
-6.099999999999999,-0.6999999999999997,0.4311759563453441,9.367506770274758e-16,0.2273252323676645
-5.9,-0.6999999999999997,0.3659498164420954,5.204170427930421e-16,0.226489426437352
-5.699999999999999,-0.6999999999999997,0.3012257031888422,-6.973588373426764e-15,0.2254493112694576
-5.5,-0.6999999999999997,0.2369944422618825,2.733924198139448e-15,0.2243856123052451
-5.299999999999999,-0.6999999999999997,0.1731993964696793,9.645062526431047e-16,0.2234420497073896
-5.099999999999999,-0.6999999999999997,0.1097488507192814,1.908195823574487e-15,0.2227256583446799
-4.899999999999999,-0.6999999999999997,0.04652720846796365,-1.547373340571311e-15,0.2223084881845539
-4.699999999999999,-0.6999999999999997,-0.01659533782792772,4.142519660632615e-15,0.2222296524328871
-4.5,-0.6999999999999997,-0.07975442555746037,-7.056855100273651e-15,0.2224967980090597
-4.299999999999999,-0.6999999999999997,-0.1430837651768384,-2.518818487118323e-15,0.2230864097940746
-4.099999999999999,-0.6999999999999997,-0.2067071611750601,2.949029909160572e-15,0.2239428198450311
-3.899999999999999,-0.6999999999999997,-0.2707295201659137,1.684416495173479e-15,0.2249762892045479
-3.699999999999999,-0.6999999999999997,-0.3352263734856412,-2.808083626737456e-15,0.2260609394121402
-3.5,-0.6999999999999997,-0.4002319310031177,3.0964814046186e-16,0.227033552400679
-3.299999999999999,-0.6999999999999997,-0.4657263358449865,1.543903893619358e-15,0.2276941938077458
-3.099999999999999,-0.6999999999999997,-0.5316233211554788,-3.712308238590367e-16,0.2278091813777865
-2.899999999999999,-0.6999999999999997,-0.5977596714439765,-8.396061623727746e-15,0.2271160330604952
-2.699999999999999,-0.6999999999999997,-0.6638871962217534,-4.787836793695987e-15,0.2253291283038242
-2.5,-0.6999999999999997,-0.7296663299417596,4.676814491233471e-15,0.2221446806044324
-2.299999999999999,-0.6999999999999997,-0.7946588164460961,-7.25808302348696e-15,0.2172453079392036
-2.099999999999999,-0.6999999999999997,-0.8583170771186774,8.527900607901983e-15,0.2103079376409198
-1.899999999999999,-0.6999999999999997,-0.919971524599558,-3.518019209280964e-15,0.2010220342402694
-1.699999999999999,-0.6999999999999997,-0.9788237652456126,1.672273430841642e-15,0.1891247183070293
-1.5,-0.6999999999999997,-1.033959644106894,-7.077671781985372e-16,0.1744525977750015
-1.299999999999998,-0.6999999999999997,-1.084395768361941,-2.315508895733842e-14,0.1569980444182817
-1.099999999999999,-0.6999999999999997,-1.129162254333761,2.875477633779155e-14,0.1369462993896883
-0.9000000000000003,-0.6999999999999997,-1.167404852273876,-2.7075564013046e-14,0.1146686631528757
-0.6999999999999992,-0.6999999999999997,-1.198472103223709,-4.34929869896905e-14,0.09066260646061022
-0.5,-0.6999999999999997,-1.221952379411718,-3.771982726163969e-14,0.06545669941324522
-0.2999999999999989,-0.6999999999999997,-1.237646907069526,5.176414852314792e-15,0.03951938985298432
-0.09999999999999964,-0.6999999999999997,-1.245495906528425,-3.969047313034934e-14,0.01321012353102525
0.1000000000000014,-0.6999999999999997,-1.245495906466251,8.330836021031018e-14,-0.01321012346966603
0.3000000000000007,-0.6999999999999997,-1.237646907055852,2.801925358397738e-14,-0.03951938989257253
0.5,-0.6999999999999997,-1.221952379380423,-5.549727344345001e-14,-0.06545669930190514
0.700000000000001,-0.6999999999999997,-1.198472103188553,-1.904032487232143e-14,-0.09066260635932693
0.9000000000000003,-0.6999999999999997,-1.16740485211855,-1.929012505286209e-15,-0.1146686633323747
1.100000000000001,-0.6999999999999997,-1.129162254114727,4.32986979603811e-15,-0.1369462994753016
1.3,-0.6999999999999997,-1.084395768395237,-2.935152121352757e-15,-0.1569980445542808
1.5,-0.6999999999999997,-1.033959643986632,7.951972413877683e-15,-0.1744525977625115
1.700000000000001,-0.6999999999999997,-0.9788237654001059,-2.074729277268261e-15,-0.1891247182727994
1.9,-0.6999999999999997,-0.9199715246146821,-5.620504062164855e-16,-0.201022034205583
2.100000000000001,-0.6999999999999997,-0.8583170771032626,5.23192600354605e-15,-0.2103079375219915
2.3,-0.6999999999999997,-0.7946588163908758,-7.299716386910404e-15,-0.2172453079299406
2.5,-0.6999999999999997,-0.7296663298159284,-5.447031714567174e-15,-0.2221446805731849
2.700000000000001,-0.6999999999999997,-0.6638871961785433,-6.536438057480609e-15,-0.2253291284606505
2.9,-0.6999999999999997,-0.5977596717154288,-4.860695179687013e-15,-0.227116033292292
3.100000000000001,-0.6999999999999997,-0.531623321109885,-5.738465258531277e-15,-0.2278091815023132
3.3,-0.6999999999999997,-0.4657263360592873,-6.661338147750939e-16,-0.2276941939820681
3.5,-0.6999999999999997,-0.4002319311829684,1.948961825259942e-15,-0.2270335524143427
3.700000000000001,-0.6999999999999997,-0.335226373579305,3.337607967779376e-15,-0.2260609393235497
3.9,-0.6999999999999997,-0.2707295202199183,-1.156626877607536e-15,-0.2249762893117769
4.100000000000001,-0.6999999999999997,-0.2067071612151104,-1.099814683769295e-15,-0.2239428199775939
4.3,-0.6999999999999997,-0.1430837651886197,-3.944761184371259e-15,-0.2230864095858723
4.5,-0.6999999999999997,-0.07975442575297035,-2.407796184655808e-15,-0.2224967977763288
4.700000000000001,-0.6999999999999997,-0.01659533786673073,-1.873501354054951e-16,-0.2222296525443561
4.9,-0.6999999999999997,0.04652720854386741,1.262878690511115e-15,-0.2223084882066449
5.100000000000001,-0.6999999999999997,0.1097488505060033,-1.866562460151044e-15,-0.2227256583540095
5.3,-0.6999999999999997,0.1731993966362927,1.380839886877538e-15,-0.2234420496098555
5.5,-0.6999999999999997,0.236994442383292,-2.498001805406602e-16,-0.2243856125013016
5.700000000000001,-0.6999999999999997,0.3012257030756783,-1.040834085586084e-16,-0.2254493112003567
5.9,-0.6999999999999997,0.3659498163104092,-2.005340338229189e-15,-0.2264894264840368
6.100000000000001,-0.6999999999999997,0.4311759560599807,-4.926614671774132e-15,-0.2273252322924651
6.3,-0.6999999999999997,0.4968532324041942,-4.059252933785728e-15,-0.2277408367540461
6.5,-0.6999999999999997,0.5628592447575793,3.268219028740304e-15,-0.2274892926962962
6.699999999999999,-0.6999999999999997,0.6289910004699744,7.216449660063517e-16,-0.226298090125807
6.900000000000002,-0.6999999999999997,0.6949581586933597,4.690692279041286e-15,-0.2238745032659142
7.100000000000001,-0.6999999999999997,0.7603767823321079,-1.665334536937734e-15,-0.2199099127288907
7.3,-0.6999999999999997,0.8247607067253772,2.60208521396521e-15,-0.2140849274023005
7.5,-0.6999999999999997,0.8875093989195572,-7.077671781985372e-16,-0.2060808588041651
7.699999999999999,-0.6999999999999997,0.9478965871273236,-9.006684287271582e-15,-0.1956049939221138
7.900000000000002,-0.6999999999999997,1.005070912092419,-8.763823000634829e-15,-0.1824337095890843
8.100000000000001,-0.6999999999999997,1.058083354949215,2.269365251272859e-14,-0.1664676586442349
8.3,-0.6999999999999997,1.10595071750281,2.24160967565723e-14,-0.1477806226352052
8.5,-0.6999999999999997,1.147748348709953,3.373690216079694e-14,-0.1266366148530206
8.699999999999999,-0.6999999999999997,1.182705375800244,-5.00155472593633e-14,-0.1034575160694369
8.900000000000002,-0.6999999999999997,1.210266382606655,-2.05981065537486e-14,-0.07874674926975425
9.100000000000001,-0.6999999999999997,1.230096027660568,-8.786374405822527e-14,-0.05299971049917774
9.3,-0.6999999999999997,1.242031839804802,1.0186643195631e-13,-0.02663955855937447
9.5,-0.6999999999999997,1.246014848104373,-1.096345236817342e-14,-1.49393289636257e-6
-9.5,-0.5999999999999998,1.233683526491679,7.79064313061184e-14,1.305264011694506e-6
-9.3,-0.5999999999999998,1.229764823519242,2.987887715022452e-14,0.02269070138000534
-9.099999999999999,-0.5999999999999998,1.218035045608365,4.735448144721488e-14,0.04512318969176899
-8.9,-0.5999999999999998,1.198586384248046,4.880817972008344e-14,0.06700238803700629
-8.699999999999999,-0.5999999999999998,1.171618090552008,4.00304789316408e-14,0.08797270243772142
-8.5,-0.5999999999999998,1.137484037378764,2.127811815633151e-14,0.1076328205323949
-8.3,-0.5999999999999998,1.09672280970074,2.313427227562669e-14,0.1255827944724063
-8.099999999999999,-0.5999999999999998,1.050050228563114,3.358424649491098e-15,0.1414882949492075
-7.9,-0.5999999999999998,0.9983108887615819,5.662137425588298e-15,0.1551358775417363
-7.7,-0.5999999999999998,0.9424044636830718,-2.362693374280411e-15,0.1664581789181756
-7.5,-0.5999999999999998,0.8832115890647407,-2.262079412673756e-15,0.1755241892986417
-7.299999999999999,-0.5999999999999998,0.8215390293827939,-1.696559559505317e-15,0.1825054719364883
-7.099999999999999,-0.5999999999999998,0.7580909013824784,-4.253541963095131e-15,0.1876354760858196
-6.9,-0.5999999999999998,0.6934612156944952,-3.698430450782552e-15,0.1911754410835362
-6.699999999999999,-0.5999999999999998,0.6281380795682487,-7.348288644237754e-15,0.1933922400216777
-6.5,-0.5999999999999998,0.562511294969198,-3.573530360512222e-15,0.1945464933902085
-6.299999999999999,-0.5999999999999998,0.4968793779172856,-1.942890293094023e-15,0.1948863105333358
-6.099999999999999,-0.5999999999999998,0.4314558380965674,1.734723475976807e-16,0.1946427105868577
-5.9,-0.5999999999999998,0.3663761547219639,1.942890293094023e-16,0.1940250464493965
-5.699999999999999,-0.5999999999999998,0.3017065410852519,-4.551914400963141e-15,0.1932166448076619
-5.5,-0.5999999999999998,0.2374545221260953,3.268219028740304e-15,0.1923715320276792
-5.299999999999999,-0.5999999999999998,0.1735805193508098,3.774758283725532e-15,0.191612829420697
-5.099999999999999,-0.5999999999999998,0.1100094245739815,-1.158795281952507e-15,0.1910327613416845
-4.899999999999999,-0.5999999999999998,0.04664140395019032,2.775557561562891e-17,0.190693744199648
-4.699999999999999,-0.5999999999999998,-0.01663838549114275,1.998401444325281e-15,0.1906297954805288
-4.5,-0.5999999999999998,-0.07995101731624135,2.671474153004282e-15,0.1908475692852985
-4.299999999999999,-0.5999999999999998,-0.1434154818282923,-3.191891195797325e-16,0.1913265695134793
-4.099999999999999,-0.5999999999999998,-0.2071402042470005,-1.809316585443809e-15,0.192018439228799
-3.899999999999999,-0.5999999999999998,-0.2712138110698912,1.378325893090087e-15,0.1928456136692925
-3.699999999999999,-0.5999999999999998,-0.3356948141334009,-1.365227375593747e-15,0.1936999189694177
-3.5,-0.5999999999999998,-0.4006002874837319,-1.130172344598889e-15,0.1944418815305907
-3.299999999999999,-0.5999999999999998,-0.4658940699394187,6.591949208711867e-17,0.1949014302669517
-3.099999999999999,-0.5999999999999998,-0.5314754331667889,1.131039706336878e-15,0.1948803344807582
-2.899999999999999,-0.5999999999999998,-0.597169191863647,-3.209238430557093e-15,0.1941561214959123
-2.699999999999999,-0.5999999999999998,-0.662717730675185,6.786238238021269e-15,0.1924866965636566
-2.5,-0.5999999999999998,-0.7277743915022592,-3.365363543395005e-15,0.1896150054223469
-2.299999999999999,-0.5999999999999998,-0.791896827925087,-5.925815393936773e-15,0.1852743696991135
-2.099999999999999,-0.5999999999999998,-0.8545394490319192,3.899658373995862e-15,0.1791973965904467
-1.899999999999999,-0.5999999999999998,-0.9150468823761162,-7.632783294297951e-17,0.1711331168970394
-1.699999999999999,-0.5999999999999998,-0.9726547965749441,3.538835890992686e-16,0.1608760439582904
-1.5,-0.5999999999999998,-1.026507774437082,-1.040834085586084e-15,0.1483056755209697
-1.299999999999998,-0.5999999999999998,-1.075702521289216,4.857225732735059e-15,0.1334267154626987
-1.099999999999999,-0.5999999999999998,-1.119356217647793,-1.028344076559051e-14,0.1163933487691177
-0.9000000000000003,-0.5999999999999998,-1.156686382928171,-1.257327575387989e-14,0.09750140154209258
-0.6999999999999992,-0.5999999999999998,-1.187077693457888,2.667310816661938e-14,0.07714353864925321
-0.5,-0.5999999999999998,-1.210111814451002,4.948819132266635e-14,0.05574069002376827
-0.2999999999999989,-0.5999999999999998,-1.225551116812753,-1.441902153231922e-14,0.03367653577683613
-0.09999999999999964,-0.5999999999999998,-1.233288246382544,-2.396693954409556e-14,0.01126150302560026
0.1000000000000014,-0.5999999999999998,-1.233288246346985,-5.752343046339092e-14,-0.0112615031297861
0.3000000000000007,-0.5999999999999998,-1.225551116869531,3.277933480205774e-14,-0.03367653583108253
0.5,-0.5999999999999998,-1.210111814455184,-2.704780843743037e-14,-0.05574069007378992
0.700000000000001,-0.5999999999999998,-1.187077693565673,1.926236947724646e-14,-0.07714353865154043
0.9000000000000003,-0.5999999999999998,-1.156686382984624,2.949029909160572e-14,-0.09750140149046537
1.100000000000001,-0.5999999999999998,-1.119356217766429,1.e-17,-0.1163933488101197
1.3,-0.5999999999999998,-1.075702521340488,-4.093947403305264e-15,-0.1334267156388241
1.5,-0.5999999999999998,-1.026507774420578,4.753142324176451e-15,-0.1483056754467809
1.700000000000001,-0.5999999999999998,-0.9726547967970813,1.429412144204889e-15,-0.1608760439363854
1.9,-0.5999999999999998,-0.9150468823997907,5.35682609381638e-15,-0.1711331169391421
2.100000000000001,-0.5999999999999998,-0.854539448865233,4.642120021713935e-15,-0.1791973965051168
2.3,-0.5999999999999998,-0.7918968279193219,4.968248035197575e-15,-0.1852743697930376
2.5,-0.5999999999999998,-0.7277743914704264,-9.194034422677077e-15,-0.1896150052430893
2.700000000000001,-0.5999999999999998,-0.6627177305093481,-2.185751579730776e-16,-0.1924866965507252
2.9,-0.5999999999999998,-0.5971691919497331,4.059252933785728e-16,-0.1941561215182107
3.100000000000001,-0.5999999999999998,-0.5314754329896848,6.369904603786835e-15,-0.1948803345987125
3.3,-0.5999999999999998,-0.4658940699921834,4.347217030797878e-15,-0.1949014303015608
3.5,-0.5999999999999998,-0.4006002872590304,-6.912873051767576e-16,-0.194441881493939
3.700000000000001,-0.5999999999999998,-0.335694814051058,-6.539907504432562e-16,-0.1936999187772002
3.9,-0.5999999999999998,-0.2712138107984247,8.98783272199749e-16,-0.1928456137389669
4.100000000000001,-0.5999999999999998,-0.2071402044065351,-2.220446049250313e-15,-0.1920184394688258
4.3,-0.5999999999999998,-0.143415481985721,-1.370431546021677e-15,-0.1913265693864794
4.5,-0.5999999999999998,-0.07995101725703193,2.629840789580839e-15,-0.1908475693595657
4.700000000000001,-0.5999999999999998,-0.01663838553424776,-5.363764987720287e-15,-0.1906297953427694
4.9,-0.5999999999999998,0.04664140388864182,-3.851086116668511e-15,-0.1906937442852255
5.100000000000001,-0.5999999999999998,0.1100094245592029,2.303712776097199e-15,-0.1910327611771081
5.3,-0.5999999999999998,0.1735805191937212,2.796374243274613e-15,-0.1916128294887761
5.5,-0.5999999999999998,0.2374545221361693,2.081668171172168e-16,-0.1923715321706865
5.700000000000001,-0.5999999999999998,0.3017065409758363,3.816391647148975e-16,-0.1932166446668909
5.9,-0.5999999999999998,0.3663761548949923,-1.110223024625156e-15,-0.1940250464649897
6.100000000000001,-0.5999999999999998,0.4314558383999301,2.622901895676932e-15,-0.1946427107768184
6.3,-0.5999999999999998,0.4968793778051884,-7.702172233337023e-16,-0.194886310574686
6.5,-0.5999999999999998,0.5625112948438213,-3.733124920302088e-15,-0.1945464932083777
6.699999999999999,-0.5999999999999998,0.6281380796184581,6.036837696399288e-16,-0.1933922401552283
6.900000000000002,-0.5999999999999998,0.6934612157095985,-1.290634266126744e-15,-0.1911754412834919
7.100000000000001,-0.5999999999999998,0.7580909014552081,6.099287741534453e-15,-0.1876354760954061
7.3,-0.5999999999999998,0.8215390293261759,-1.384309333829492e-15,-0.1825054721397926
7.5,-0.5999999999999998,0.8832115890958716,2.706168622523819e-16,-0.175524189198
7.699999999999999,-0.5999999999999998,0.9424044639057422,-1.700029006457271e-15,-0.1664581789184259
7.900000000000002,-0.5999999999999998,0.9983108885997118,-1.56472057533108e-15,-0.1551358774507216
8.100000000000001,-0.5999999999999998,1.050050228687035,-3.018418848199644e-16,-0.1414882948414517
8.3,-0.5999999999999998,1.09672280966468,2.223915496202266e-14,-0.1255827944990147
8.5,-0.5999999999999998,1.137484037220091,-4.524158825347512e-15,-0.1076328203669319
8.699999999999999,-0.5999999999999998,1.171618090687341,2.3859386688585e-14,-0.08797270253771469
8.900000000000002,-0.5999999999999998,1.198586384283317,-2.052871761470953e-14,-0.06700238798558423
9.100000000000001,-0.5999999999999998,1.218035045623328,2.476838178999685e-14,-0.04512318969148365
9.3,-0.5999999999999998,1.229764823483503,-5.17433318414362e-14,-0.02269070140456998
9.5,-0.5999999999999998,1.233683526525811,-2.649616637206975e-14,-1.305340526211451e-6
-9.5,-0.4999999999999997,1.22330611971523,3.355649091929535e-14,1.105185820873821e-6
-9.3,-0.4999999999999997,1.219445956518848,3.218605937327367e-14,0.01880447498070038
-9.099999999999999,-0.4999999999999997,1.207900832263644,-2.67841304690819e-15,0.0373824192272569
-8.9,-0.4999999999999997,1.188785478040218,5.408867798095684e-15,0.05548276917218905
-8.699999999999999,-0.4999999999999997,1.162323216481945,-2.590636039023763e-14,0.07281416960625614
-8.5,-0.4999999999999997,1.128878224791329,-9.218320551340752e-15,0.08905714366774486
-8.3,-0.4999999999999997,1.088973932780639,1.247960068617715e-14,0.1038983637512338
-8.099999999999999,-0.4999999999999997,1.043283627839393,1.158795281952507e-15,0.1170765833172809
-7.9,-0.4999999999999997,0.9925909667579762,-3.198830089701232e-15,0.1284224595812358
-7.7,-0.4999999999999997,0.9377311888225192,-2.237793284010081e-15,0.1378777733429152
-7.5,-0.4999999999999997,0.8795304495287326,2.962907696968386e-15,0.1454900744681293
-7.299999999999999,-0.4999999999999997,0.8187579922047258,-2.470246229790973e-15,0.1513894084388054
-7.099999999999999,-0.4999999999999997,0.7560973955716652,-5.065392549852276e-16,0.1557586206263645
-6.9,-0.4999999999999997,0.6921348901053148,-3.420874694626263e-15,0.1588069904478084
-6.699999999999999,-0.4999999999999997,0.6273585427280743,-1.269817584415022e-15,0.1607517174746436
-6.5,-0.4999999999999997,0.5621622794677433,9.506284648352902e-16,0.1618068867929011
-6.299999999999999,-0.4999999999999997,0.4968512725966576,-2.040034807748725e-15,0.1621771003947288
-6.099999999999999,-0.4999999999999997,0.4316478392767351,-9.575673587391975e-16,0.1620530458933155
-5.9,-0.4999999999999997,0.3666983489726916,1.089406342913434e-15,0.1616075990803841
-5.699999999999999,-0.4999999999999997,0.3020816695996183,-7.216449660063517e-16,0.1609923577452654
-5.5,-0.4999999999999997,0.2378191015259848,1.686151218649456e-15,0.1603350503301624
-5.299999999999999,-0.4999999999999997,0.1738852105593777,3.261280134836397e-16,0.1597381804688187
-5.099999999999999,-0.4999999999999997,0.1102187881137108,2.033095913844817e-15,0.1592788705213824
-4.899999999999999,-0.4999999999999997,0.04673333549786634,-6.522560269672794e-16,0.1590095318771471
-4.699999999999999,-0.4999999999999997,-0.01667320631083608,2.671474153004282e-15,0.1589588151660874
-4.5,-0.4999999999999997,-0.08010940900909976,-2.269018306577663e-15,0.1591323268735331
-4.299999999999999,-0.4999999999999997,-0.1436816485303408,-5.724587470723463e-16,0.1595127738817293
-4.099999999999999,-0.4999999999999997,-0.2074852697529107,2.295039158717315e-15,0.1600594646422675
-3.899999999999999,-0.4999999999999997,-0.2715951987894103,2.131541471106501e-15,0.1607073768045349
-3.699999999999999,-0.4999999999999997,-0.3360557767761421,-5.128276275856436e-15,0.1613662345476202
-3.5,-0.4999999999999997,-0.4008699133621979,2.05911676598447e-15,0.1619201420169083
-3.299999999999999,-0.4999999999999997,-0.465988005371774,-8.378714388967978e-16,0.1622282740208618
-3.099999999999999,-0.4999999999999997,-0.5312973478398844,5.186823193170653e-15,0.1621268468348932
-2.899999999999999,-0.4999999999999997,-0.5966127624791006,7.813194535799539e-15,0.1614322161117253
-2.699999999999999,-0.4999999999999997,-0.6616688138307412,5.898059818321144e-15,0.1599446553390686
-2.5,-0.4999999999999997,-0.7261133739091174,-3.108624468950438e-15,0.1574525763448597
-2.299999999999999,-0.4999999999999997,-0.7895019222443027,-2.817190924986334e-15,0.1537379003843173
-2.099999999999999,-0.4999999999999997,-0.8512926390515038,4.045375145977914e-15,0.1485847332391531
-1.899999999999999,-0.4999999999999997,-0.9108444058717215,2.463307335887066e-15,0.1417943752665967
-1.699999999999999,-0.4999999999999997,-0.9674226973353333,-1.360023205165816e-15,0.1332085978003887
-1.5,-0.4999999999999997,-1.020220018154212,6.952771691715042e-15,0.1227392798588344
-1.299999999999998,-0.4999999999999997,-1.06839569740575,-8.423817199343375e-15,0.1103969462258617
-1.099999999999999,-0.4999999999999997,-1.111133325016445,1.011690731189673e-14,0.09630657070813319
-0.9000000000000003,-0.4999999999999997,-1.147704833431117,5.412337245047638e-16,0.08070011877176566
-0.6999999999999992,-0.4999999999999997,-1.177523387230762,5.398459457239823e-15,0.06388340583977889
-0.5,-0.4999999999999997,-1.200168467929809,-1.158795281952507e-14,0.04618687977214333
-0.2999999999999989,-0.4999999999999997,-1.215377084010166,-1.321165399303936e-14,0.02791878956237015
-0.09999999999999964,-0.4999999999999997,-1.223009665658964,-8.743006318923107e-16,0.009338867653551838
0.1000000000000014,-0.4999999999999997,-1.223009665614316,-2.113587083130141e-14,-0.00933886762835108
0.3000000000000007,-0.4999999999999997,-1.215377084063889,3.601285936127851e-14,-0.0279187895640032
0.5,-0.4999999999999997,-1.200168467851245,3.123890035539034e-14,-0.04618687984807168
0.700000000000001,-0.4999999999999997,-1.177523387167518,-2.078892613610605e-14,-0.06388340585441403
0.9000000000000003,-0.4999999999999997,-1.147704833401809,7.494005416219806e-15,-0.08070011870963664
1.100000000000001,-0.4999999999999997,-1.111133325068312,-9.825473767932635e-15,-0.09630657079249485
1.3,-0.4999999999999997,-1.068395697494534,5.23192600354605e-15,-0.1103969463060173
1.5,-0.4999999999999997,-1.020220018296713,-3.108624468950438e-15,-0.1227392797166014
1.700000000000001,-0.4999999999999997,-0.9674226974214141,-2.27595720048157e-15,-0.1332085976127629
1.9,-0.4999999999999997,-0.9108444059421243,2.255140518769849e-15,-0.1417943754970316
2.100000000000001,-0.4999999999999997,-0.8512926387632807,8.312794896880859e-15,-0.1485847331538553
2.3,-0.4999999999999997,-0.7895019221797479,-4.7045700668491e-15,-0.1537379002921536
2.5,-0.4999999999999997,-0.7261133736405147,-1.318389841742373e-15,-0.1574525762472417
2.700000000000001,-0.4999999999999997,-0.6616688138589375,3.122502256758252e-15,-0.1599446553690083
2.9,-0.4999999999999997,-0.5966127624718735,-1.970645868709652e-15,-0.1614322161371765
3.100000000000001,-0.4999999999999997,-0.5312973480199201,-7.771561172376095e-16,-0.162126847079027
3.3,-0.4999999999999997,-0.4659880053972743,-5.939693181744587e-15,-0.1622282741195113
3.5,-0.4999999999999997,-0.4008699130783086,1.409462824231155e-15,-0.1619201419802726
3.700000000000001,-0.4999999999999997,-0.3360557767089734,-9.764324765404452e-15,-0.1613662344369318
3.9,-0.4999999999999997,-0.2715951989570957,-2.977869686948686e-15,-0.1607073767784592
4.100000000000001,-0.4999999999999997,-0.2074852697326286,-3.030561912531482e-15,-0.1600594645011768
4.3,-0.4999999999999997,-0.1436816486041128,-3.191891195797325e-16,-0.1595127739660327
4.5,-0.4999999999999997,-0.08010940902892761,2.157996004115148e-15,-0.159132327005491
4.700000000000001,-0.4999999999999997,-0.01667320651019818,2.546574062733952e-15,-0.1589588150282252
4.9,-0.4999999999999997,0.04673333534173677,-6.175615574477433e-16,-0.1590095316310443
5.100000000000001,-0.4999999999999997,0.1102187880741015,2.657596365196468e-15,-0.1592788704871195
5.3,-0.4999999999999997,0.1738852104858513,-1.887379141862766e-15,-0.1597381803903789
5.5,-0.4999999999999997,0.2378191015213805,8.81239525796218e-16,-0.1603350503678995
5.700000000000001,-0.4999999999999997,0.3020816695426343,3.594347042223944e-15,-0.1609923575260936
5.9,-0.4999999999999997,0.3666983490285169,-4.510281037539698e-16,-0.1616075991751032
6.100000000000001,-0.4999999999999997,0.4316478393414094,-9.714451465470119e-17,-0.1620530458715592
6.3,-0.4999999999999997,0.4968512726439238,2.019218126037003e-15,-0.1621771003803191
6.5,-0.4999999999999997,0.5621622796151483,7.563394355258878e-16,-0.1618068868014048
6.699999999999999,-0.4999999999999997,0.6273585427993102,2.949029909160572e-15,-0.160751717584829
6.900000000000002,-0.4999999999999997,0.6921348900457094,-2.747801985947262e-15,-0.1588069905902611
7.100000000000001,-0.4999999999999997,0.7560973956263236,-6.668277041654846e-15,-0.1557586204322165
7.3,-0.4999999999999997,0.8187579920477894,8.118505867571457e-16,-0.1513894083473104
7.5,-0.4999999999999997,0.879530449302303,5.793976409762535e-16,-0.1454900746639831
7.699999999999999,-0.4999999999999997,0.9377311886958977,6.349087922075114e-15,-0.1378777734836258
7.900000000000002,-0.4999999999999997,0.992590966911224,3.545774784896593e-15,-0.1284224594527877
8.100000000000001,-0.4999999999999997,1.043283627776412,3.688022109926691e-15,-0.1170765832697943
8.3,-0.4999999999999997,1.088973932880428,9.627715291671279e-15,-0.1038983637307461
8.5,-0.4999999999999997,1.128878224854184,1.009609063018501e-14,-0.08905714371128986
8.699999999999999,-0.4999999999999997,1.162323216408731,1.88182802673964e-14,-0.07281416966628193
8.900000000000002,-0.4999999999999997,1.188785478014674,7.282369152150636e-15,-0.05548276921240025
9.100000000000001,-0.4999999999999997,1.207900832216134,2.983724378680108e-16,-0.0373824191442653
9.3,-0.4999999999999997,1.219445956520073,2.369285323489123e-14,-0.01880447499588763
9.5,-0.4999999999999997,1.223306119764692,9.072603779358701e-15,-1.105263714894916e-6
-9.5,-0.3999999999999999,1.214855798698956,-1.169897512198758e-14,8.956485463389174e-7
-9.3,-0.3999999999999999,1.21104598275664,-8.819334151866087e-15,0.01497352086723775
-9.099999999999999,-0.3999999999999999,1.199658002430182,-6.730727086790011e-16,0.02975932599216255
-8.9,-0.3999999999999999,1.180821595718589,8.659739592076221e-15,0.0441537814732279
-8.699999999999999,-0.3999999999999999,1.154775506286656,1.442942987317508e-14,0.05792701785333134
-8.5,-0.3999999999999999,1.121889132460372,4.225786387479502e-15,0.07083249394809837
-8.3,-0.3999999999999999,1.082672962687843,-7.45931094670027e-15,0.08263148516546323
-8.099999999999999,-0.3999999999999999,1.037767893547653,4.815592369311616e-15,0.09312542638512083
-7.9,-0.3999999999999999,0.9879118248298161,-1.446759378964657e-15,0.1021841371916976
-7.7,-0.3999999999999999,0.9338911404839027,1.172673069760321e-15,0.1097600578867222
-7.5,-0.3999999999999999,0.8764896548821061,4.510281037539698e-17,0.1158854332383333
-7.299999999999999,-0.3999999999999999,0.8164462312138143,1.193489751472043e-15,0.1206564775101345
-7.099999999999999,-0.3999999999999999,0.7544266706470317,-2.019218126037003e-15,0.1242121460373693
-6.9,-0.3999999999999999,0.6910094782449192,2.893518757929314e-15,0.1267143717334008
-6.699999999999999,-0.3999999999999999,0.6266815970188783,-3.969047313034934e-15,0.128333362322043
-6.5,-0.3999999999999999,0.5618397206434824,-3.087807787238716e-15,0.1292381882239021
-6.299999999999999,-0.3999999999999999,0.4967942258677594,3.295974604355933e-15,0.1295910231973084
-6.099999999999999,-0.3999999999999999,0.4317745294087563,1.360023205165816e-15,0.1295431978415284
-5.9,-0.3999999999999999,0.3669357785155963,2.539635168830045e-15,0.1292319947692077
-5.699999999999999,-0.3999999999999999,0.3023669957356528,1.297573160030651e-15,0.1287779417808787
-5.5,-0.3999999999999999,0.2381005288665116,-6.938893903907228e-18,0.1282828080017449
-5.299999999999999,-0.3999999999999999,0.1741223310380848,2.67841304690819e-15,0.1278285074795639
-5.099999999999999,-0.3999999999999999,0.1103824615895516,3.441691376337985e-15,0.1274768791662692
-4.899999999999999,-0.3999999999999999,0.04680532941204117,3.760880495917717e-15,0.1272700768147133
-4.699999999999999,-0.3999999999999999,-0.01670059401096246,1.90125692967058e-15,0.1272311974897179
-4.5,-0.3999999999999999,-0.08023354356597263,-1.304512053934558e-15,0.1273647607273712
-4.299999999999999,-0.3999999999999999,-0.1438894783920363,-4.496403249731884e-15,0.1276568071998654
-4.099999999999999,-0.3999999999999999,-0.2077530047341927,-1.556046957951196e-15,0.1280745548311405
-3.899999999999999,-0.3999999999999999,-0.2718878923216221,-3.187120706238388e-15,0.1285657724227605
-3.699999999999999,-0.3999999999999999,-0.3363270364760622,1.994064635635339e-15,0.1290581834628137
-3.5,-0.3999999999999999,-0.4010619707209297,-8.218252467440123e-15,0.1294593058125639
-3.299999999999999,-0.3999999999999999,-0.4660323197001925,7.285838599102589e-16,0.1296570608126259
-3.099999999999999,-0.3999999999999999,-0.5311157542899784,-1.068589661201713e-15,0.1295213229944951
-2.899999999999999,-0.3999999999999999,-0.5961190381954292,-4.114764085016986e-15,0.1289063186420755
-2.699999999999999,-0.3999999999999999,-0.6607705030587456,-1.554312234475219e-15,0.127653647027872
-2.5,-0.3999999999999999,-0.724713962227446,5.315192730392936e-15,0.1255958950227238
-2.299999999999999,-0.3999999999999999,-0.7875039910815926,-1.693090112553363e-15,0.122561495362442
-2.099999999999999,-0.3999999999999999,-0.8486031563134184,-4.621303340002214e-15,0.1183823548743254
-1.899999999999999,-0.3999999999999999,-0.9073832894028259,-4.315992008230296e-15,0.1129061765912716
-1.699999999999999,-0.3999999999999999,-0.9631346825861564,-4.08006961549745e-15,0.1060143808004178
-1.5,-0.3999999999999999,-1.015087753205363,-4.898859096158503e-15,0.09764378131967566
-1.299999999999998,-0.3999999999999999,-1.062449800947062,4.038436252074006e-15,0.08780647769879157
-1.099999999999999,-0.3999999999999999,-1.104454292738046,-2.761679773755076e-15,0.07660005408853926
-0.9000000000000003,-0.3999999999999999,-1.140413909836743,4.288236432614667e-15,0.06420119743859598
-0.6999999999999992,-0.3999999999999999,-1.169763915108992,1.360023205165816e-15,0.05084173201333835
-0.5,-0.3999999999999999,-1.192084124041529,6.175615574477433e-15,0.03677386448391895
-0.2999999999999989,-0.3999999999999999,-1.207095334770488,-5.953570969552401e-15,0.02223722751671096
-0.09999999999999964,-0.3999999999999999,-1.214636503081236,1.519617764955683e-14,0.007439997137418039
0.1000000000000014,-0.3999999999999999,-1.214636503138213,-7.036038418561929e-15,-0.007439997155574779
0.3000000000000007,-0.3999999999999999,-1.207095334795057,-1.887379141862766e-15,-0.0222372275494405
0.5,-0.3999999999999999,-1.192084124054188,-1.000588500943422e-14,-0.03677386440483984
0.700000000000001,-0.3999999999999999,-1.169763915020322,2.470246229790973e-15,-0.05084173207511677
0.9000000000000003,-0.3999999999999999,-1.140413909924902,-3.330669073875469e-15,-0.06420119747672317
1.100000000000001,-0.3999999999999999,-1.104454292851265,-3.316791286067655e-15,-0.07660005408951245
1.3,-0.3999999999999999,-1.06244980095873,-2.775557561562891e-16,-0.08780647752571482
1.5,-0.3999999999999999,-1.015087753301449,2.844946500601963e-15,-0.09764378123393674
1.700000000000001,-0.3999999999999999,-0.9631346825537976,5.564992910933597e-15,-0.1060143809264482
1.9,-0.3999999999999999,-0.9073832893250766,6.543376951384516e-15,-0.112906176699711
2.100000000000001,-0.3999999999999999,-0.8486031562175846,7.771561172376095e-16,-0.1183823548155494
2.3,-0.3999999999999999,-0.7875039910496922,1.422473250300981e-15,-0.1225614954233597
2.5,-0.3999999999999999,-0.7247139621936942,1.672273430841642e-15,-0.1255958951452785
2.700000000000001,-0.3999999999999999,-0.66077050320758,-7.494005416219806e-16,-0.1276536468714927
2.9,-0.3999999999999999,-0.5961190382859513,-3.188421748845371e-15,-0.1289063186635664
3.100000000000001,-0.3999999999999999,-0.5311157543515008,-6.699502064222429e-15,-0.1295213228816399
3.3,-0.3999999999999999,-0.4660323195252961,-1.431146867680865e-15,-0.1296570608146189
3.5,-0.3999999999999999,-0.4010619708150423,3.700165174258529e-15,-0.1294593060367507
3.700000000000001,-0.3999999999999999,-0.3363270365506108,1.663816653896255e-15,-0.1290581834457851
3.9,-0.3999999999999999,-0.2718878922747347,3.01798516733065e-15,-0.1285657726360298
4.100000000000001,-0.3999999999999999,-0.2077530047252845,-3.452099717193846e-16,-0.1280745551030405
4.3,-0.3999999999999999,-0.1438894780936667,2.324529457808921e-15,-0.1276568072356282
4.5,-0.3999999999999999,-0.08023354346245856,-2.22738494315422e-15,-0.1273647608492408
4.700000000000001,-0.3999999999999999,-0.01670059390086463,-6.578071420904052e-15,-0.1272311973992224
4.9,-0.3999999999999999,0.04680532950660049,-3.413935800722356e-15,-0.1272700768368088
5.100000000000001,-0.3999999999999999,0.1103824615199788,1.748601263784621e-15,-0.1274768792220876
5.3,-0.3999999999999999,0.1741223308886491,6.106226635438361e-15,-0.1278285074903705
5.5,-0.3999999999999999,0.2381005287504757,1.90125692967058e-15,-0.128282808033166
5.700000000000001,-0.3999999999999999,0.3023669959267121,5.433153926759359e-15,-0.1287779415590595
5.9,-0.3999999999999999,0.3669357787485272,-5.599687380453133e-15,-0.1292319947434771
6.100000000000001,-0.3999999999999999,0.4317745292940886,-5.898059818321144e-16,-0.1295431977217317
6.3,-0.3999999999999999,0.4967942256810056,1.380839886877538e-15,-0.1295910231383007
6.5,-0.3999999999999999,0.5618397207219645,2.740863092043355e-15,-0.1292381884298493
6.699999999999999,-0.3999999999999999,0.6266815970046233,1.734723475976807e-16,-0.1283333621414156
6.900000000000002,-0.3999999999999999,0.6910094783210314,-4.40619762898109e-15,-0.12671437155974
7.100000000000001,-0.3999999999999999,0.7544266705703854,1.131039706336878e-15,-0.1242121459094034
7.3,-0.3999999999999999,0.8164462310099116,-6.591949208711867e-16,-0.1206564776660554
7.5,-0.3999999999999999,0.8764896550607261,1.942890293094023e-15,-0.1158854330585177
7.699999999999999,-0.3999999999999999,0.9338911405981535,3.122502256758252e-17,-0.1097600580570384
7.900000000000002,-0.3999999999999999,0.9879118248440764,5.516420653606246e-16,-0.1021841370980558
8.100000000000001,-0.3999999999999999,1.037767893536509,1.73819292292876e-15,-0.09312542626407374
8.3,-0.3999999999999999,1.082672962669889,-2.994132719535969e-15,-0.0826314852033558
8.5,-0.3999999999999999,1.121889132468711,6.179085021429386e-15,-0.07083249396101076
8.699999999999999,-0.3999999999999999,1.154775506300623,-1.628558399247026e-14,-0.05792701796174124
8.900000000000002,-0.3999999999999999,1.180821595702989,2.078198724220214e-14,-0.04415378145778721
9.100000000000001,-0.3999999999999999,1.199658002471509,-2.025116185855324e-14,-0.02975932600984115
9.3,-0.3999999999999999,1.211045982762788,-1.741662369880714e-15,-0.01497352086460467
9.5,-0.3999999999999999,1.214855798715933,2.80331313717852e-14,-8.956349540727159e-7
-9.5,-0.2999999999999998,1.208309118866148,1.36349265211777e-15,6.78357540313812e-7
-9.3,-0.2999999999999998,1.204539813196338,3.320260733019608e-15,0.01118855123225172
-9.099999999999999,-0.2999999999999998,1.19327736820482,5.658667978636344e-15,0.02223294219414226
-8.9,-0.2999999999999998,1.174661233460524,7.032568971609976e-15,0.03297908161640698
-8.699999999999999,-0.2999999999999998,1.148939737688051,-6.713379852030243e-15,0.0432564198920973
-8.5,-0.2999999999999998,1.116484548985085,6.904199434387692e-16,0.05288500000489207
-8.3,-0.2999999999999998,1.077795791070449,4.062722380737682e-15,0.06169225712720791
-8.099999999999999,-0.2999999999999998,1.033490508438498,-6.879913305724016e-15,0.06953495070886406
-7.9,-0.2999999999999998,0.9842733176554668,-1.484923295436146e-15,0.0763184010555904
-7.7,-0.2999999999999998,0.930894827112122,-2.046973701652632e-15,0.08200651769851363
-7.5,-0.2999999999999998,0.8741072639221072,-3.50414142147315e-16,0.08662040593841635
-7.299999999999999,-0.2999999999999998,0.8146261343218625,2.019218126037003e-15,0.09022794577558945
-7.099999999999999,-0.2999999999999998,0.753102922836833,-7.702172233337023e-16,0.09292923641295919
-6.9,-0.2999999999999998,0.6901093657009684,1.214306433183765e-15,0.09484254462538516
-6.699999999999999,-0.2999999999999998,0.626130884454373,2.498001805406602e-15,0.0960933949948079
-6.5,-0.2999999999999998,0.5615659366746976,-8.673617379884035e-16,0.09680723652235079
-6.299999999999999,-0.2999999999999998,0.4967287670279817,-1.512678871051775e-15,0.09710477301925368
-6.099999999999999,-0.2999999999999998,0.431854228089599,-3.400058012914541e-16,0.09709878010710421
-5.9,-0.2999999999999998,0.3671042054797387,-2.935152121352757e-15,0.09689163160393266
-5.699999999999999,-0.2999999999999998,0.3025754998653857,-6.175615574477433e-16,0.09657329193546726
-5.5,-0.2999999999999998,0.23830891973804,-4.114764085016986e-15,0.09621984544898676
-5.299999999999999,-0.2999999999999998,0.1742991645088831,-2.664535259100375e-15,0.09589266559522768
-5.099999999999999,-0.2999999999999998,0.1105050005492412,-1.422473250300981e-15,0.09563819613228619
-4.899999999999999,-0.2999999999999998,0.04685930980452823,5.509481759702339e-15,0.09548817076905435
-4.699999999999999,-0.2999999999999998,-0.01672120551271477,1.602884491802569e-15,0.09546000308697943
-4.5,-0.2999999999999998,-0.08032667959506553,3.864963904476326e-15,0.09555710171719367
-4.299999999999999,-0.2999999999999998,-0.1440449160469078,1.408595462493167e-15,0.09576893005779652
-4.099999999999999,-0.2999999999999998,-0.2079521510279092,1.023486850826316e-15,0.0960707815759686
-3.899999999999999,-0.2999999999999998,-0.2721035099594871,5.575401251789458e-15,0.09642337418714114
-3.699999999999999,-0.2999999999999998,-0.3365230728637202,2.343828256479163e-15,0.09677248388613074
-3.5,-0.2999999999999998,-0.4011936535103009,-4.649058915617843e-16,0.09704889090053914
-3.299999999999999,-0.2999999999999998,-0.466046628980127,1.856154119295183e-15,0.09716887333165519
-3.099999999999999,-0.2999999999999998,-0.5309522948036519,1.290634266126744e-15,0.09703535537075447
-2.899999999999999,-0.2999999999999998,-0.5957112350012399,5.648259637780483e-15,0.09653967513239109
-2.699999999999999,-0.2999999999999998,-0.660047062389747,2.588207426157396e-15,0.09556386505408981
-2.5,-0.2999999999999998,-0.723600716652029,-4.697631172945193e-15,0.09398351181644548
-2.299999999999999,-0.2999999999999998,-0.7859266059775513,2.567390744445674e-16,0.09167170132756202
-2.099999999999999,-0.2999999999999998,-0.8464914589245594,4.857225732735059e-17,0.08850508803295764
-1.899999999999999,-0.2999999999999998,-0.9046778701206617,-1.734723475976807e-15,0.0843732500496111
-1.699999999999999,-0.2999999999999998,-0.9597955954641059,2.622901895676932e-15,0.0791916906625395
-1.5,-0.2999999999999998,-1.011103718910002,5.384581669432009e-15,0.07291695890260024
-1.299999999999998,-0.2999999999999998,-1.057844893218541,1.845745778439322e-15,0.06556002204193142
-1.099999999999999,-0.2999999999999998,-1.099288879372971,2.373101715136272e-15,0.05719262604260161
-0.9000000000000003,-0.2999999999999998,-1.134777934002594,-1.665334536937734e-16,0.04794239257058363
-0.6999999999999992,-0.2999999999999998,-1.163763848702906,9.853229343548264e-16,0.03797621737999429
-0.5,-0.2999999999999998,-1.185827899731802,-3.080868893334809e-15,0.02747666366276477
-0.2999999999999989,-0.2999999999999998,-1.200680831570932,8.743006318923107e-16,0.01661963199574152
-0.09999999999999964,-0.2999999999999998,-1.208147655697154,1.558475570817563e-14,0.005561356376395168
0.1000000000000014,-0.2999999999999998,-1.208147655655638,-7.0082828429463e-15,-0.005561356344805437
0.3000000000000007,-0.2999999999999998,-1.200680831547775,1.072752997544057e-14,-0.01661963200390459
0.5,-0.2999999999999998,-1.185827899747026,1.956768080901838e-15,-0.02747666360866966
0.700000000000001,-0.2999999999999998,-1.163763848671831,-1.089406342913434e-14,-0.03797621731788197
0.9000000000000003,-0.2999999999999998,-1.134777934091752,-8.049116928532384e-16,-0.04794239260486143
1.100000000000001,-0.2999999999999998,-1.099288879395722,-3.136380044566067e-15,-0.05719262601761632
1.3,-0.2999999999999998,-1.057844893259242,-1.790234627208064e-15,-0.06556002203806185
1.5,-0.2999999999999998,-1.011103718804528,5.98132654516803e-15,-0.07291695908032525
1.700000000000001,-0.2999999999999998,-0.959795595468297,5.453970608471081e-15,-0.07919169070449511
1.9,-0.2999999999999998,-0.9046778701381044,-3.164135620181696e-15,-0.08437324987985261
2.100000000000001,-0.2999999999999998,-0.8464914589463497,2.081668171172168e-16,-0.08850508776841997
2.3,-0.2999999999999998,-0.7859266059577283,-2.109423746787797e-15,-0.09167170123588064
2.5,-0.2999999999999998,-0.7236007168712912,9.06219543850284e-15,-0.09398351192415338
2.700000000000001,-0.2999999999999998,-0.6600470621988077,1.935951399190116e-15,-0.09556386528120919
2.9,-0.2999999999999998,-0.5957112351539491,3.62904151174348e-15,-0.09653967492255521
3.100000000000001,-0.2999999999999998,-0.5309522946134833,-5.322131624296844e-15,-0.09703535543101721
3.3,-0.2999999999999998,-0.4660466290968283,-7.147060721024445e-15,-0.09716887336743124
3.5,-0.2999999999999998,-0.4011936535449065,-6.314393452555577e-16,-0.09704889089047497
3.700000000000001,-0.2999999999999998,-0.336523072818588,6.506297237085512e-16,-0.09677248379762659
3.9,-0.2999999999999998,-0.2721035101767427,1.0022364882456e-15,-0.096423374414764
4.100000000000001,-0.2999999999999998,-0.2079521510783564,-2.567390744445674e-16,-0.09607078177969169
4.3,-0.2999999999999998,-0.1440449163000311,-4.812122922359662e-15,-0.09576893003786457
4.5,-0.2999999999999998,-0.08032667957893659,-2.914335439641035e-16,-0.0955571016272978
4.700000000000001,-0.2999999999999998,-0.01672120527667113,4.170275236248244e-15,-0.09546000320615005
4.9,-0.2999999999999998,0.04685930984431901,-8.257283745649601e-16,-0.09548817075112103
5.100000000000001,-0.2999999999999998,0.1105050006710294,9.714451465470119e-17,-0.09563819621562741
5.3,-0.2999999999999998,0.1742991645036999,-1.57512891618694e-15,-0.0958926655102717
5.5,-0.2999999999999998,0.2383089195630851,-2.331468351712828e-15,-0.09621984540666739
5.700000000000001,-0.2999999999999998,0.3025755000031231,3.816391647148975e-16,-0.09657329187135005
5.9,-0.2999999999999998,0.3671042055952417,2.123301534595611e-15,-0.09689163159529418
6.100000000000001,-0.2999999999999998,0.4318542280796219,1.85268467234323e-15,-0.09709878027478224
6.3,-0.2999999999999998,0.4967287671737678,-1.908195823574487e-15,-0.09710477312356247
6.5,-0.2999999999999998,0.5615659366498839,2.581268532253489e-15,-0.09680723641257532
6.699999999999999,-0.2999999999999998,0.6261308844601942,-1.741662369880714e-15,-0.09609339497482605
6.900000000000002,-0.2999999999999998,0.69010936586153,-6.800116025829083e-15,-0.09484254449949297
7.100000000000001,-0.2999999999999998,0.7531029226854022,1.595945597898662e-16,-0.09292923649898426
7.3,-0.2999999999999998,0.8146261342506285,5.238864897449957e-15,-0.09022794564522101
7.5,-0.2999999999999998,0.8741072637224103,-2.10248485288389e-15,-0.0866204057267565
7.699999999999999,-0.2999999999999998,0.9308948271228592,4.926614671774132e-16,-0.08200651758975818
7.900000000000002,-0.2999999999999998,0.984273317670652,-4.485994908876023e-15,-0.07631840095746039
8.100000000000001,-0.2999999999999998,1.033490508512443,3.663735981263016e-15,-0.06953495075950966
8.3,-0.2999999999999998,1.077795790943307,1.686151218649456e-15,-0.06169225704552186
8.5,-0.2999999999999998,1.116484549070188,9.679756995950583e-16,-0.05288500001670015
8.699999999999999,-0.2999999999999998,1.148939737707674,-8.434225540199236e-15,-0.04325642002201945
8.900000000000002,-0.2999999999999998,1.174661233431676,-1.790234627208064e-15,-0.03297908159888399
9.100000000000001,-0.2999999999999998,1.19327736819575,6.550315845288423e-15,-0.0222329422053306
9.3,-0.2999999999999998,1.204539813197586,-1.482147737874584e-14,-0.01118855121337529
9.5,-0.2999999999999998,1.208309118880887,6.536438057480609e-15,-6.784072855182954e-7
-9.5,-0.1999999999999997,1.20364701613899,9.464651284929459e-15,4.554234446334237e-7
-9.3,-0.1999999999999997,1.19990730166977,5.835609773185979e-15,0.00743899057908192
-9.099999999999999,-0.1999999999999997,1.188736117673115,8.520961713998076e-15,0.01478040846920067
-8.9,-0.1999999999999997,1.170278871939452,4.701100619897147e-15,0.0219209621873759
-8.699999999999999,-0.1999999999999997,1.144789545956807,-1.658395643033827e-15,0.02874782503607384
-8.5,-0.1999999999999997,1.112640548647792,-2.622901895676932e-15,0.03514327258443061
-8.3,-0.1999999999999997,1.074324453492165,5.204170427930421e-15,0.04099518450927647
-8.099999999999999,-0.1999999999999997,1.030441926781714,-1.838806884535415e-16,0.04621063752337528
-7.9,-0.1999999999999997,0.9816749525305943,2.317590563905014e-15,0.05072787334981093
-7.7,-0.1999999999999997,0.9287497044909711,1.002670169114594e-15,0.05452267991821424
-7.5,-0.1999999999999997,0.8723965485092453,1.998401444325281e-15,0.05760776195249439
-7.299999999999999,-0.1999999999999997,0.8133144798188491,-8.881784197001252e-16,0.060026430492359
-7.099999999999999,-0.1999999999999997,0.7521445376990582,2.10248485288389e-15,0.06184351260390247
-6.9,-0.1999999999999997,0.6894532516582565,-6.938893903907228e-16,0.06313634582507454
-6.699999999999999,-0.1999999999999997,0.6257246225647228,2.331468351712828e-15,0.06398758073490373
-6.5,-0.1999999999999997,0.5613581560068127,-8.673617379884035e-16,0.06448018065913541
-6.299999999999999,-0.1999999999999997,0.4966707545107113,8.881784197001252e-16,0.06469415828351909
-6.099999999999999,-0.1999999999999997,0.4319010967446421,5.349887199912473e-15,0.06470434797857604
-5.9,-0.1999999999999997,0.367215831581538,-2.463307335887066e-15,0.06457871989440289
-5.699999999999999,-0.1999999999999997,0.3027172532841506,4.357625371653739e-15,0.06437704774279984
-5.5,-0.1999999999999997,0.2384521459514588,-1.193489751472043e-15,0.06414993769838117
-5.299999999999999,-0.1999999999999997,0.1744214008398263,-4.239664175287316e-15,0.06393827244333438
-5.099999999999999,-0.1999999999999997,0.1105899692615684,1.047772979489991e-15,0.06377304040604858
-4.899999999999999,-0.1999999999999997,0.04689678404740993,2.359223927328457e-16,0.06367544669527347
-4.699999999999999,-0.1999999999999997,-0.01673555652149796,-5.40539835114373e-15,0.06365714184497561
-4.5,-0.1999999999999997,-0.08039137034061155,-1.658395643033827e-15,0.06372040583272153
-4.299999999999999,-0.1999999999999997,-0.1441526099376746,-1.599415044850616e-15,0.06385818451281599
-4.099999999999999,-0.1999999999999997,-0.2080895227912929,-1.078998002057574e-15,0.06405395483914211
-3.899999999999999,-0.1999999999999997,-0.2722510792161356,2.550043509685906e-16,0.06428148233445507
-3.699999999999999,-0.1999999999999997,-0.3366551084869879,2.981555974335137e-16,0.06450461349313607
-3.5,-0.1999999999999997,-0.4012782602629567,1.93942084614207e-15,0.06467727355989144
-3.299999999999999,-0.1999999999999997,-0.4660460892915767,-1.460637166772471e-15,0.06474380639641846
-3.099999999999999,-0.1999999999999997,-0.5308236810375944,3.434752482434078e-15,0.06463973997412753
-2.899999999999999,-0.1999999999999997,-0.5954072591422989,2.865763182313685e-15,0.06429295234151821
-2.699999999999999,-0.1999999999999997,-0.6595171443445684,-5.120903701083534e-15,0.063625206746306
-2.5,-0.1999999999999997,-0.7227923847942134,-1.068589661201713e-15,0.06255412646187119
-2.299999999999999,-0.1999999999999997,-0.7847875511194332,-4.558853294867049e-15,0.06099596562939058
-2.099999999999999,-0.1999999999999997,-0.8449727216750555,-1.110223024625156e-15,0.05886979768200056
-1.899999999999999,-0.1999999999999997,-0.9027385072646283,6.63358257213531e-15,0.05610378629869583
-1.699999999999999,-0.1999999999999997,-0.9574086115517451,4.024558464266192e-16,0.05264363356944323
-1.5,-0.1999999999999997,-1.008262138128684,1.568190022283033e-15,0.04846213990159004
-1.299999999999998,-0.1999999999999997,-1.054566016920532,1.790234627208064e-15,0.04356742826759096
-1.099999999999999,-0.1999999999999997,-1.095614658814463,3.080868893334809e-15,0.03800663768978118
-0.9000000000000003,-0.1999999999999997,-1.130770411680274,2.15105711021124e-15,0.03186261508363913
-0.6999999999999992,-0.1999999999999997,-1.159496556231287,-7.965850201685498e-15,0.02524347666428922
-0.5,-0.1999999999999997,-1.181376009204363,-4.427014310692811e-15,0.01826795860584164
-0.2999999999999989,-0.1999999999999997,-1.196113598329883,6.772360450213454e-15,0.01105158773060815
-0.09999999999999964,-0.1999999999999997,-1.203525741513831,3.788636071533346e-15,0.003698526920780376
0.1000000000000014,-0.1999999999999997,-1.203525741504227,-4.538036613155327e-15,-0.003698526910585461
0.3000000000000007,-0.1999999999999997,-1.196113598293814,-1.457167719820518e-15,-0.01105158777273226
0.5,-0.1999999999999997,-1.181376009217169,9.714451465470119e-16,-0.01826795860525783
0.700000000000001,-0.1999999999999997,-1.15949655623128,1.720845688168992e-15,-0.02524347660769837
0.9000000000000003,-0.1999999999999997,-1.130770411683274,-2.622901895676932e-15,-0.03186261513675711
1.100000000000001,-0.1999999999999997,-1.095614658727377,-6.245004513516505e-16,-0.03800663753801497
1.3,-0.1999999999999997,-1.054566016839843,-1.082467449009527e-15,-0.04356742841474087
1.5,-0.1999999999999997,-1.008262138148391,1.609823385706477e-15,-0.04846214008824495
1.700000000000001,-0.1999999999999997,-0.9574086115394592,-2.15105711021124e-15,-0.05264363354879858
1.9,-0.1999999999999997,-0.9027385070393401,6.966649479522857e-15,-0.05610378610527916
2.100000000000001,-0.1999999999999997,-0.8449727216731983,-1.491862189340054e-15,-0.05886979766162542
2.3,-0.1999999999999997,-0.7847875512223463,-7.514822097931528e-15,-0.06099596569906251
2.5,-0.1999999999999997,-0.7227923848268503,4.857225732735059e-16,-0.06255412655456438
2.700000000000001,-0.1999999999999997,-0.6595171442612848,7.840950111415168e-16,-0.06362520650199071
2.9,-0.1999999999999997,-0.5954072590916172,-6.800116025829083e-16,-0.06429295242046911
3.100000000000001,-0.1999999999999997,-0.5308236808052029,2.886579864025407e-15,-0.06463974012233147
3.3,-0.1999999999999997,-0.4660460892342116,-5.724587470723463e-16,-0.06474380623601178
3.5,-0.1999999999999997,-0.4012782602222758,-4.465178227164301e-15,-0.06467727336707596
3.700000000000001,-0.1999999999999997,-0.3366551086391964,-2.262296253108253e-15,-0.06450461363543957
3.9,-0.1999999999999997,-0.272251079394208,2.33060098997484e-15,-0.06428148209823203
4.100000000000001,-0.1999999999999997,-0.208089522808384,6.267555918704204e-15,-0.06405395481950515
4.3,-0.1999999999999997,-0.1441526100072513,-1.360023205165816e-15,-0.06385818468866266
4.5,-0.1999999999999997,-0.0803913703992752,1.97758476261356e-15,-0.06372040583116189
4.700000000000001,-0.1999999999999997,-0.01673555667882463,-6.460110224537629e-15,-0.06365714181434001
4.9,-0.1999999999999997,0.04689678402731944,2.220446049250313e-16,-0.06367544668023583
5.100000000000001,-0.1999999999999997,0.1105899693786772,1.387778780781445e-16,-0.06377304010883821
5.3,-0.1999999999999997,0.1744214009428356,-5.641320743876576e-15,-0.06393827230561421
5.5,-0.1999999999999997,0.2384521459182458,6.980527267330671e-15,-0.06414993767238641
5.700000000000001,-0.1999999999999997,0.3027172532060327,1.727784582072899e-15,-0.06437704776460995
5.9,-0.1999999999999997,0.3672158316791674,-5.995204332975845e-15,-0.06457872005798615
6.100000000000001,-0.1999999999999997,0.4319010966995957,5.134781488891349e-16,-0.06470434778933836
6.3,-0.1999999999999997,0.4966707545641035,-2.040034807748725e-15,-0.06469415830872177
6.5,-0.1999999999999997,0.5613581558301273,-9.714451465470119e-17,-0.06448018049452924
6.699999999999999,-0.1999999999999997,0.6257246226080679,3.767819389821625e-15,-0.06398758072487698
6.900000000000002,-0.1999999999999997,0.6894532516269438,2.435551760271437e-15,-0.06313634607605245
7.100000000000001,-0.1999999999999997,0.7521445376584653,-3.747002708109903e-16,-0.06184351238611118
7.3,-0.1999999999999997,0.81331447989715,1.131039706336878e-15,-0.06002643062439327
7.5,-0.1999999999999997,0.8723965483953364,7.0082828429463e-16,-0.05760776210860107
7.699999999999999,-0.1999999999999997,0.9287497044835504,-1.158795281952507e-15,-0.05452267974930064
7.900000000000002,-0.1999999999999997,0.9816749526146053,-4.055783486833775e-15,-0.05072787350895879
8.100000000000001,-0.1999999999999997,1.030441926691509,2.109423746787797e-15,-0.04621063752066478
8.3,-0.1999999999999997,1.074324453513583,3.747002708109903e-16,-0.04099518445306321
8.5,-0.1999999999999997,1.11264054870614,5.342948306008565e-15,-0.03514327256015242
8.699999999999999,-0.1999999999999997,1.144789545911153,5.388051116383962e-15,-0.02874782504827269
8.900000000000002,-0.1999999999999997,1.170278871901159,3.198830089701232e-15,-0.02192096223675212
9.100000000000001,-0.1999999999999997,1.188736117674299,-6.210310043996969e-16,-0.01478040848309099
9.3,-0.1999999999999997,1.199907301674133,-7.719519468096791e-15,-0.00743899055699837
9.5,-0.1999999999999997,1.203647016157413,-4.281297538710759e-15,-4.554335087114669e-7
-9.5,-0.09999999999999964,1.200855468756166,-3.851086116668511e-15,2.286775669171903e-7
-9.3,-0.09999999999999964,1.197133752195819,3.854555563620465e-15,0.003713436991546366
-9.099999999999999,-0.09999999999999964,1.186017912510876,-2.629840789580839e-15,0.007377675002977271
-8.9,-0.09999999999999964,1.167656560248516,-1.169203622808368e-15,0.01094091562208185
-8.699999999999999,-0.09999999999999964,1.142306617703855,-3.05311331771918e-16,0.01434700554751688
-8.5,-0.09999999999999964,1.110340607176901,2.15105711021124e-16,0.01753773563625427
-8.3,-0.09999999999999964,1.072246517022113,2.397387843799947e-15,0.02045789130117983
-8.099999999999999,-0.09999999999999964,1.028615433978808,1.769417945496343e-16,0.02306175635161811
-7.9,-0.09999999999999964,0.9801161949600181,-3.264749581788351e-15,0.02531885081785717
-7.7,-0.09999999999999964,0.9274607397738112,3.5527136788005e-15,0.02721703200478059
-7.5,-0.09999999999999964,0.8713665929408724,-1.179611963664228e-16,0.02876226199741732
-7.299999999999999,-0.09999999999999964,0.8125229188932058,-6.349087922075114e-15,0.02997563207514153
-7.099999999999999,-0.09999999999999964,0.7515644136576424,-2.005340338229189e-15,0.03088899432797426
-6.9,-0.09999999999999964,0.6890543430676721,-1.533495552763497e-15,0.03154056873814697
-6.699999999999999,-0.09999999999999964,0.6254757269490047,-1.207367539279857e-15,0.03197136644279802
-6.5,-0.09999999999999964,0.5612286139037264,-1.734723475976807e-15,0.03222266450500116
-6.299999999999999,-0.09999999999999964,0.4966314560472432,-3.747002708109903e-16,0.03233432875094099
-6.099999999999999,-0.09999999999999964,0.4319252032167764,-4.017619570362285e-15,0.03234367082017986
-5.9,-0.09999999999999964,0.3672793415972989,2.338407245616736e-15,0.03228459213067402
-5.699999999999999,-0.09999999999999964,0.3027994366671766,-6.661338147750939e-16,0.03218691878279489
-5.5,-0.09999999999999964,0.238535831628987,2.005340338229189e-15,0.0320759191354073
-5.299999999999999,-0.09999999999999964,0.1744931115661781,1.193489751472043e-15,0.03197202337322413
-5.099999999999999,-0.09999999999999964,0.1106399252853483,-4.489464355827976e-15,0.03189073335973813
-4.899999999999999,-0.09999999999999964,0.04691883439236933,-1.595945597898662e-15,0.03184266467171514
-4.699999999999999,-0.09999999999999964,-0.01674401848147487,5.363764987720287e-15,0.0318336544630764
-4.5,-0.09999999999999964,-0.08042944950353674,-3.226585665316861e-15,0.03186484495581754
-4.299999999999999,-0.09999999999999964,-0.1442158906917465,1.120631365481017e-15,0.03193270104400569
-4.099999999999999,-0.09999999999999964,-0.2081699943455579,1.856154119295183e-16,0.03202894541222156
-3.899999999999999,-0.09999999999999964,-0.2723370447373971,-1.345278055620013e-15,0.03214044864716847
-3.699999999999999,-0.09999999999999964,-0.3367311383699744,-4.391452479435287e-15,0.03224913397599094
-3.5,-0.09999999999999964,-0.4013252513426273,1.750335987260598e-15,0.03233198528271147
-3.299999999999999,-0.09999999999999964,-0.4660414716552704,-3.17801340798951e-15,0.03236122246472167
-3.099999999999999,-0.09999999999999964,-0.5307417832526988,-4.635181127810028e-15,0.03230468237893641
-2.899999999999999,-0.09999999999999964,-0.5952198158270529,2.310651670001107e-15,0.03212640058194593
-2.699999999999999,-0.09999999999999964,-0.6591939493954543,-6.314393452555577e-16,0.03178738276818299
-2.5,-0.09999999999999964,-0.7223021626187251,2.574329638349581e-15,0.03124661532856321
-2.299999999999999,-0.09999999999999964,-0.7840992364138734,-2.407796184655808e-15,0.03046248763838743
-2.099999999999999,-0.09999999999999964,-0.8440574014596594,-1.054711873393898e-15,0.02939492890763134
-1.899999999999999,-0.09999999999999964,-0.9015721980593809,-2.317590563905014e-15,0.028008548264986
-1.699999999999999,-0.09999999999999964,-0.9559757067889779,3.941291737419305e-15,0.02627679074710243
-1.5,-0.09999999999999964,-1.006558860515454,6.120104423246175e-15,0.02418656630822152
-1.299999999999998,-0.09999999999999964,-1.052602773036859,5.245803791353864e-15,0.02174216295910907
-1.099999999999999,-0.09999999999999964,-1.093416164747655,2.414735078559715e-15,0.01896694212693306
-0.9000000000000003,-0.09999999999999964,-1.128373048192158,-1.748601263784621e-15,0.01590167599344227
-0.6999999999999992,-0.09999999999999964,-1.156943479777547,1.387778780781445e-17,0.01259951089009048
-0.5,-0.09999999999999964,-1.178711586893104,1.221245327087672e-15,0.009118955218850935
-0.2999999999999989,-0.09999999999999964,-1.19337912467153,4.538036613155327e-15,0.005517265999991319
-0.09999999999999964,-0.09999999999999964,-1.200757871992052,-1.512678871051775e-15,0.00184651852161119
0.1000000000000014,-0.09999999999999964,-1.200757871999312,-3.802513859341161e-15,-0.001846518524370038
0.3000000000000007,-0.09999999999999964,-1.193379124716544,3.816391647148975e-15,-0.005517266029750334
0.5,-0.09999999999999964,-1.178711586877989,8.007483565108941e-15,-0.009118955226071534
0.700000000000001,-0.09999999999999964,-1.15694347977819,-6.38378239159465e-15,-0.01259951088789057
0.9000000000000003,-0.09999999999999964,-1.128373048191848,2.969846590872293e-15,-0.01590167587588611
1.100000000000001,-0.09999999999999964,-1.093416164829019,-1.110223024625156e-15,-0.01896694213734842
1.3,-0.09999999999999964,-1.052602772944415,1.77635683940025e-15,-0.02174216308767118
1.5,-0.09999999999999964,-1.006558860503285,-1.679212324745549e-15,-0.02418656616326941
1.700000000000001,-0.09999999999999964,-0.9559757070007286,1.040834085586084e-15,-0.02627679064682714
1.9,-0.09999999999999964,-0.9015721979864682,-1.90125692967058e-15,-0.02800854811841657
2.100000000000001,-0.09999999999999964,-0.8440574012454169,1.443289932012703e-15,-0.02939492904264645
2.3,-0.09999999999999964,-0.7840992363273711,1.824929096727601e-15,-0.03046248757083969
2.5,-0.09999999999999964,-0.7223021628195938,-8.604228440844963e-16,-0.03124661533501998
2.700000000000001,-0.09999999999999964,-0.6591939494749526,-2.886579864025407e-15,-0.03178738265648656
2.9,-0.09999999999999964,-0.5952198160519619,8.118505867571457e-16,-0.03212640061515525
3.100000000000001,-0.09999999999999964,-0.5307417832033786,2.425143419415576e-15,-0.03230468224209309
3.3,-0.09999999999999964,-0.4660414716236716,-1.592476150946708e-15,-0.03236122216712167
3.5,-0.09999999999999964,-0.4013252513080176,7.237266341775239e-15,-0.03233198517453506
3.700000000000001,-0.09999999999999964,-0.3367311383292697,-3.005408422129818e-16,-0.03224913383133176
3.9,-0.09999999999999964,-0.2723370447484636,-3.434752482434078e-16,-0.03214044851311048
4.100000000000001,-0.09999999999999964,-0.2081699944096846,1.346145417358002e-15,-0.03202894533745359
4.3,-0.09999999999999964,-0.1442158907360579,-2.421673972463622e-15,-0.03193270096041278
4.5,-0.09999999999999964,-0.08042944940335253,1.408595462493167e-15,-0.0318648448905745
4.700000000000001,-0.09999999999999964,-0.01674401829528851,-3.330669073875469e-16,-0.03183365435505669
4.9,-0.09999999999999964,0.04691883429100331,-8.604228440844963e-16,-0.03184266446568573
5.100000000000001,-0.09999999999999964,0.1106399251076731,1.131039706336878e-15,-0.03189073320699953
5.3,-0.09999999999999964,0.1744931114874342,1.332267629550187e-15,-0.03197202345218663
5.5,-0.09999999999999964,0.2385358317569204,7.632783294297951e-16,-0.03207591904886208
5.700000000000001,-0.09999999999999964,0.3027994366794749,7.147060721024445e-16,-0.03218691857906708
5.9,-0.09999999999999964,0.3672793418374408,3.171074514085603e-15,-0.03228459198763622
6.100000000000001,-0.09999999999999964,0.4319252032248441,1.734723475976807e-15,-0.03234367087069667
6.3,-0.09999999999999964,0.4966314558927681,-1.949829186997931e-15,-0.03233432865116914
6.5,-0.09999999999999964,0.5612286141537212,5.898059818321144e-16,-0.03222266434725817
6.699999999999999,-0.09999999999999964,0.6254757269407402,-2.282896094385478e-15,-0.03197136634872893
6.900000000000002,-0.09999999999999964,0.6890543429279045,-3.469446951953614e-15,-0.03154056875166533
7.100000000000001,-0.09999999999999964,0.7515644134346586,3.788636071533346e-15,-0.03088899443234821
7.3,-0.09999999999999964,0.8125229189482128,1.512678871051775e-15,-0.0299756319613626
7.5,-0.09999999999999964,0.8713665928686105,-6.196432256189154e-15,-0.02876226215862759
7.699999999999999,-0.09999999999999964,0.9274607397766679,-1.700029006457271e-16,-0.02721703203696446
7.900000000000002,-0.09999999999999964,0.9801161949363713,-2.452898995031205e-15,-0.0253188508991759
8.100000000000001,-0.09999999999999964,1.028615433994298,-1.720845688168992e-15,-0.02306175646298896
8.3,-0.09999999999999964,1.072246516919828,1.214306433183765e-15,-0.02045789129081765
8.5,-0.09999999999999964,1.110340607192663,-1.606353938754523e-15,-0.01753773559579349
8.699999999999999,-0.09999999999999964,1.142306617790243,-2.567390744445674e-16,-0.01434700556607795
8.900000000000002,-0.09999999999999964,1.167656560211154,1.028344076559051e-14,-0.01094091562267499
9.100000000000001,-0.09999999999999964,1.186017912503844,3.018418848199644e-15,-0.007377675017291557
9.3,-0.09999999999999964,1.19713375220507,9.055256544598933e-16,-0.003713436990417484
9.5,-0.09999999999999964,1.200855468770674,3.677613769070831e-16,-2.286628201786378e-7
-9.5,4.440892098500626e-16,1.199925912577599,-1.318389841742373e-16,-1.713906794265085e-15
-9.3,4.440892098500626e-16,1.196210234055223,-4.513750484491652e-15,1.781733788286388e-11
-9.099999999999999,4.440892098500626e-16,1.185112935567917,-1.491862189340054e-15,3.448187568810823e-11
-8.9,4.440892098500626e-16,1.166783635352865,1.922073611382302e-15,1.454084075369621e-11
-8.699999999999999,4.440892098500626e-16,1.141480163133405,4.198030811863873e-16,-6.238298766447769e-11
-8.5,4.440892098500626e-16,1.109575026019566,-2.289834988289385e-16,3.201860998558459e-11
-8.3,4.440892098500626e-16,1.071554674913471,-2.057382042508493e-15,8.842179766155311e-11
-8.099999999999999,4.440892098500626e-16,1.028007043619105,-4.787836793695987e-16,9.911210741009313e-11
-7.9,4.440892098500626e-16,0.9795966558642934,-4.996003610813204e-16,-3.11498604688154e-11
-7.7,4.440892098500626e-16,0.9270307762495997,1.755540157688528e-15,7.514561195520741e-11
-7.5,4.440892098500626e-16,0.8710226942617351,1.137978600240785e-15,7.746425723098582e-11
-7.299999999999999,4.440892098500626e-16,0.8122583105309761,-3.164135620181696e-15,-6.621886372570884e-11
-7.099999999999999,4.440892098500626e-16,0.7513701948675661,-7.355227538141662e-16,8.059419798200906e-11
-6.9,4.440892098500626e-16,0.6889205030860405,-1.353084311261909e-15,-6.036926514241258e-11
-6.699999999999999,4.440892098500626e-16,0.6253919073504175,-1.665334536937734e-16,-4.897532379644076e-11
-6.5,4.440892098500626e-16,0.5611846225740595,2.178812685826869e-15,-1.090061929609476e-10
-6.299999999999999,4.440892098500626e-16,0.4966176093491218,3.892719480091955e-15,-4.449396406869254e-11
-6.099999999999999,4.440892098500626e-16,0.4319325707056912,-2.22738494315422e-15,-1.036826180467187e-11
-5.9,4.440892098500626e-16,0.3672999346364688,2.983724378680108e-16,-1.579473218882299e-10
-5.699999999999999,4.440892098500626e-16,0.3028263534209041,-4.302114220422481e-16,7.562706016983611e-11
-5.5,4.440892098500626e-16,0.2385633522237526,-5.342948306008565e-16,3.85058651630743e-12
-5.299999999999999,4.440892098500626e-16,0.1745167432233315,2.615963001773025e-15,-3.962019601289057e-11
-5.099999999999999,4.440892098500626e-16,0.1106564064776393,2.664535259100375e-15,-9.605760631359316e-12
-4.899999999999999,4.440892098500626e-16,0.04692611083602055,2.817190924986334e-15,2.049282965543852e-11
-4.699999999999999,4.440892098500626e-16,-0.01674681428245861,-4.65599780952175e-15,-1.435535024185696e-10
-4.5,4.440892098500626e-16,-0.08044201958959619,-4.912736883966317e-15,8.160572217974504e-11
-4.299999999999999,4.440892098500626e-16,-0.1442367614991343,2.713107516427726e-15,1.803934779331939e-11
-4.099999999999999,4.440892098500626e-16,-0.2081964928538564,-2.001870891277235e-15,-8.684419849913638e-11
-3.899999999999999,4.440892098500626e-16,-0.2723652706118187,-3.382710778154773e-16,6.678990693842479e-12
-3.699999999999999,4.440892098500626e-16,-0.3367559499418805,3.080435212465815e-15,-7.842060334439793e-12
-3.5,4.440892098500626e-16,-0.4013402867882724,-2.43902120722339e-15,1.175615160775578e-10
-3.299999999999999,4.440892098500626e-16,-0.4660392178510639,-7.632783294297951e-17,9.760886543475066e-11
-3.099999999999999,4.440892098500626e-16,-0.5307136968959109,-9.367506770274758e-17,-7.868122819942868e-11
-2.899999999999999,4.440892098500626e-16,-0.595156493747624,3.601285936127851e-15,1.492484469345356e-10
-2.699999999999999,4.440892098500626e-16,-0.6590853462070753,2.456368441983158e-15,-7.734729523534156e-11
-2.5,4.440892098500626e-16,-0.7221378887766027,4.225786387479502e-15,-9.209177864732964e-11
-2.299999999999999,4.440892098500626e-16,-0.7838689900232422,3.941291737419305e-15,-5.585348850090099e-11
-2.099999999999999,4.440892098500626e-16,-0.8437516222293889,1.956768080901838e-15,2.437605672866993e-12
-1.899999999999999,4.440892098500626e-16,-0.9011829872830996,1.609823385706477e-15,-6.723666068353395e-11
-1.699999999999999,4.440892098500626e-16,-0.9554979584263338,4.857225732735059e-16,-1.524730341984081e-11
-1.5,4.440892098500626e-16,-1.005991380272365,-4.163336342344337e-16,-4.413147625115243e-11
-1.299999999999998,4.440892098500626e-16,-1.051949033222501,-6.38378239159465e-16,-1.839639551803884e-11
-1.099999999999999,4.440892098500626e-16,-1.092684329494266,6.938893903907228e-17,-3.4372782398151e-11
-0.9000000000000003,4.440892098500626e-16,-1.127575107020347,1.595945597898662e-15,3.178443619411552e-11
-0.6999999999999992,4.440892098500626e-16,-1.156093662059015,4.288236432614667e-15,-4.662015218315218e-11
-0.5,4.440892098500626e-16,-1.177824562276465,-5.8564264548977e-15,-4.004591103168309e-11
-0.2999999999999989,4.440892098500626e-16,-1.192468615458028,-1.207367539279857e-15,2.396578768770751e-11
-0.09999999999999964,4.440892098500626e-16,-1.199836137107029,-4.413136522884997e-15,-3.118949543079452e-12
0.1000000000000014,4.440892098500626e-16,-1.199836137109302,-5.467848396278896e-15,8.868183964949594e-13
0.3000000000000007,4.440892098500626e-16,-1.192468615429178,-4.718447854656915e-15,-1.672692540033438e-11
0.5,4.440892098500626e-16,-1.17782456226401,5.911937606128958e-15,-1.657600445792439e-11
0.700000000000001,4.440892098500626e-16,-1.156093662127629,1.207367539279857e-15,-2.725414338655696e-11
0.9000000000000003,4.440892098500626e-16,-1.127575106931283,-8.174017018802715e-15,3.726677300086578e-11
1.100000000000001,4.440892098500626e-16,-1.092684329424606,4.551914400963141e-15,-5.307423944778122e-11
1.3,4.440892098500626e-16,-1.051949033029788,-3.150257832373881e-15,8.992423472520272e-11
1.5,4.440892098500626e-16,-1.005991380341054,4.121702978920893e-15,-1.153473427883966e-10
1.700000000000001,4.440892098500626e-16,-0.9554979583087767,2.248201624865942e-15,9.208916962322177e-11
1.9,4.440892098500626e-16,-0.9011829872321606,-1.956768080901838e-15,-1.985656084002585e-11
2.100000000000001,4.440892098500626e-16,-0.8437516221414618,-2.331468351712828e-15,3.118522107214971e-11
2.3,4.440892098500626e-16,-0.7838689902027303,-1.110223024625156e-16,-3.036665363609358e-11
2.5,4.440892098500626e-16,-0.7221378887377856,6.016021014687567e-15,4.806099962451071e-12
2.700000000000001,4.440892098500626e-16,-0.6590853461235232,4.857225732735059e-16,-7.8621054111494e-11
2.9,4.440892098500626e-16,-0.5951564935380482,-8.396061623727746e-16,9.489292684961014e-11
3.100000000000001,4.440892098500626e-16,-0.5307136969470266,3.382710778154773e-15,-1.310607178339751e-10
3.3,4.440892098500626e-16,-0.466039218061048,-9.228728892196613e-16,-9.643841281103959e-12
3.5,4.440892098500626e-16,-0.4013402866152716,-1.994931997373328e-15,6.959299803099838e-11
3.700000000000001,4.440892098500626e-16,-0.3367559498984319,3.19969745143922e-15,-1.561833995467054e-10
3.9,4.440892098500626e-16,-0.272365270827183,3.781697177629439e-16,2.866462622819199e-11
4.100000000000001,4.440892098500626e-16,-0.2081964929034635,3.989863994746656e-16,4.225164662585712e-11
4.3,4.440892098500626e-16,-0.1442367616124861,-1.474514954580286e-15,-1.142753669469698e-10
4.5,4.440892098500626e-16,-0.08044201951000302,-7.0082828429463e-16,1.541866634369171e-11
4.700000000000001,4.440892098500626e-16,-0.01674681430363241,-3.864963904476326e-15,1.419996342733043e-10
4.9,4.440892098500626e-16,0.04692611093505864,-2.060851489460446e-15,-7.381639743897494e-11
5.100000000000001,4.440892098500626e-16,0.1106564062559696,1.387778780781445e-17,1.566848872869286e-10
5.3,4.440892098500626e-16,0.1745167430549912,2.123301534595611e-15,-1.08764108830428e-10
5.5,4.440892098500626e-16,0.2385633520367688,-3.275157922644211e-15,6.306777322606649e-11
5.700000000000001,4.440892098500626e-16,0.3028263533314871,-4.163336342344337e-16,-6.495548543483664e-11
5.9,4.440892098500626e-16,0.3672999345998626,-3.823330541052882e-15,1.002771199409835e-10
6.100000000000001,4.440892098500626e-16,0.4319325707573214,2.400857290751901e-15,1.506910152215823e-10
6.3,4.440892098500626e-16,0.4966176091778579,-3.150257832373881e-15,1.173715014068932e-10
6.5,4.440892098500626e-16,0.5611846225264369,1.40165656858926e-15,7.033179594273519e-11
6.699999999999999,4.440892098500626e-16,0.625391907435041,2.484124017598787e-15,-5.749878351224424e-11
6.900000000000002,4.440892098500626e-16,0.6889205033056958,-1.512678871051775e-15,-2.551686639762351e-11
7.100000000000001,4.440892098500626e-16,0.7513701949220869,-1.249000902703301e-15,-1.228031565325693e-10
7.3,4.440892098500626e-16,0.8122583105476581,1.554312234475219e-15,-1.039669461633252e-10
7.5,4.440892098500626e-16,0.8710226942362164,-4.08006961549745e-15,3.413525018203245e-11
7.699999999999999,4.440892098500626e-16,0.927030776226039,-3.17801340798951e-15,-2.117506170407068e-11
7.900000000000002,4.440892098500626e-16,0.9795966557964734,-4.708039513801054e-15,1.203615540568137e-10
8.100000000000001,4.440892098500626e-16,1.028007043688241,-6.068062718966871e-15,7.072398222618403e-12
8.3,4.440892098500626e-16,1.071554674962212,2.508410146262463e-15,3.383709978876936e-12
8.5,4.440892098500626e-16,1.109575026148556,-1.391248227733399e-15,1.166283736253603e-11
8.699999999999999,4.440892098500626e-16,1.14148016319275,5.273559366969493e-16,-2.232466989049442e-11
8.900000000000002,4.440892098500626e-16,1.16678363529231,-2.074729277268261e-15,4.204814274544332e-11
9.100000000000001,4.440892098500626e-16,1.185112935582166,5.273559366969493e-16,3.613227772536475e-11
9.3,4.440892098500626e-16,1.196210234058692,-3.403527459866495e-15,-1.6080886622305e-13
9.5,4.440892098500626e-16,1.199925912577596,-2.327998904760875e-15,2.584737979205442e-15
-9.5,0.1,1.200855468772421,3.885780586188047e-15,-2.286725771759312e-7
-9.3,0.1,1.197133752238118,1.665334536937734e-16,-0.00371343700193371
-9.099999999999999,0.1,1.18601791250897,-2.744332538995308e-15,-0.007377674994944113
-8.9,0.1,1.167656560281894,3.406996906818449e-15,-0.01094091568727276
-8.699999999999999,0.1,1.142306617675192,3.760880495917717e-15,-0.01434700562785709
-8.5,0.1,1.110340607228955,-1.169203622808368e-15,-0.01753773553255069
-8.3,0.1,1.072246516854754,4.340278136893971e-15,-0.02045789127768088
-8.099999999999999,0.1,1.028615433865451,3.781697177629439e-16,-0.02306175640178759
-7.9,0.1,0.9801161948881806,2.55351295663786e-15,-0.02531885075140105
-7.7,0.1,0.9274607398356182,1.491862189340054e-16,-0.02721703195796448
-7.5,0.1,0.8713665929421599,1.110223024625156e-16,-0.02876226205931498
-7.299999999999999,0.1,0.8125229189361367,-1.158795281952507e-15,-0.02997563184421892
-7.099999999999999,0.1,0.7515644136495882,1.589006703994755e-15,-0.03088899443984782
-6.9,0.1,0.6890543428694511,-1.748601263784621e-15,-0.03154056854483761
-6.699999999999999,0.1,0.6254757271599297,-1.665334536937734e-15,-0.03197136649149029
-6.5,0.1,0.5612286139354469,-2.15105711021124e-15,-0.03222266445681626
-6.299999999999999,0.1,0.4966314561030453,3.039235529911366e-15,-0.03233432884793907
-6.099999999999999,0.1,0.4319252034694209,1.991462550421374e-15,-0.03234367082765826
-5.9,0.1,0.3672793417303998,-3.219646771412954e-15,-0.03228459190662202
-5.699999999999999,0.1,0.302799436499591,7.53563877964325e-15,-0.0321869187956344
-5.5,0.1,0.2385358319233978,-3.05311331771918e-16,-0.03207591885946403
-5.299999999999999,0.1,0.1744931116189181,3.559652572704408e-15,-0.03197202360709783
-5.099999999999999,0.1,0.1106399251793721,-2.872702076217592e-15,-0.03189073320033852
-4.899999999999999,0.1,0.0469188344001476,4.926614671774132e-16,-0.03184266464273111
-4.699999999999999,0.1,-0.01674401851584103,2.567390744445674e-16,-0.03183365461077503
-4.5,0.1,-0.08042944957195631,-4.232725281383409e-15,-0.03186484505669195
-4.299999999999999,0.1,-0.1442158907266028,-2.463307335887066e-15,-0.03193270082740329
-4.099999999999999,0.1,-0.2081699943381141,5.828670879282071e-16,-0.03202894558954982
-3.899999999999999,0.1,-0.2723370447886205,2.174475877136927e-15,-0.03214044846264763
-3.699999999999999,0.1,-0.3367311382197377,4.285200666531707e-15,-0.032249134070648
-3.5,0.1,-0.4013252511458322,1.769417945496343e-16,-0.03233198522986224
-3.299999999999999,0.1,-0.4660414715496336,1.620231726562337e-15,-0.03236122216618314
-3.099999999999999,0.1,-0.5307417830687708,-2.296773882193292e-15,-0.03230468225517041
-2.899999999999999,0.1,-0.5952198159586981,2.053912595556539e-15,-0.03212640059747251
-2.699999999999999,0.1,-0.6591939492667136,4.926614671774132e-16,-0.03178738294559052
-2.5,0.1,-0.7223021628205985,1.172673069760321e-15,-0.03124661529268535
-2.299999999999999,0.1,-0.7840992364274286,-7.979727989493312e-15,-0.03046248769026888
-2.099999999999999,0.1,-0.8440574014283103,-6.938893903907228e-17,-0.02939492898739148
-1.899999999999999,0.1,-0.9015721977989728,-1.332267629550187e-15,-0.02800854817907794
-1.699999999999999,0.1,-0.9559757070241544,-1.387778780781445e-17,-0.02627679053520082
-1.5,0.1,-1.006558860538114,-1.110223024625156e-15,-0.0241865660966638
-1.299999999999998,0.1,-1.052602772922072,3.400058012914541e-15,-0.02174216309023924
-1.099999999999999,0.1,-1.093416164766787,-8.326672684688674e-17,-0.01896694205496804
-0.9000000000000003,0.1,-1.128373048172584,-2.595146320061303e-15,-0.01590167598848124
-0.6999999999999992,0.1,-1.156943479724089,-6.980527267330671e-15,-0.01259951088289773
-0.5,0.1,-1.178711586893346,2.359223927328457e-16,-0.009118955266549183
-0.2999999999999989,0.1,-1.193379124665733,1.304512053934558e-15,-0.005517266027927597
-0.09999999999999964,0.1,-1.200757871984415,4.468647674116255e-15,-0.001846518512736428
0.1000000000000014,0.1,-1.200757871979417,4.884981308350688e-15,0.00184651851273615
0.3000000000000007,0.1,-1.193379124717499,-3.316791286067655e-15,0.005517266001978576
0.5,0.1,-1.17871158691756,1.665334536937734e-16,0.009118955270879899
0.700000000000001,0.1,-1.156943479740816,3.594347042223944e-15,0.01259951084757449
0.9000000000000003,0.1,-1.128373048122644,-2.414735078559715e-15,0.01590167589135338
1.100000000000001,0.1,-1.093416164782303,3.330669073875469e-16,0.01896694207093119
1.3,0.1,-1.052602772853183,1.915134717478395e-15,0.02174216307221216
1.5,0.1,-1.006558860568307,3.608224830031758e-16,0.02418656625664883
1.700000000000001,0.1,-0.9559757068310268,3.219646771412954e-15,0.02627679057184589
1.9,0.1,-0.9015721980157768,-2.206568261442498e-15,0.02800854811424347
2.100000000000001,0.1,-0.8440574014510544,-2.969846590872293e-15,0.02939492886325545
2.3,0.1,-0.7840992362844567,-1.221245327087672e-15,0.03046248745850122
2.5,0.1,-0.7223021626232455,-6.605826996519681e-15,0.03124661534134654
2.700000000000001,0.1,-0.6591939492685161,2.532696274926138e-15,0.03178738284747229
2.9,0.1,-0.5952198159856869,-1.387778780781445e-16,0.03212640060229343
3.100000000000001,0.1,-0.5307417831543341,-1.023486850826316e-15,0.03230468232438371
3.3,0.1,-0.4660414715863065,6.626643678231403e-16,0.03236122238044231
3.5,0.1,-0.4013252511101808,9.367506770274758e-16,0.03233198511839807
3.700000000000001,0.1,-0.3367311382993296,-3.914403523541665e-15,0.03224913382317684
3.9,0.1,-0.2723370447913662,1.399921845113283e-15,0.03214044864842058
4.100000000000001,0.1,-0.2081699944872821,2.586472702681419e-15,0.03202894556685653
4.3,0.1,-0.144215890621259,9.020562075079396e-16,0.03193270081589305
4.5,0.1,-0.08042944946984695,5.898059818321144e-16,0.03186484496915531
4.700000000000001,0.1,-0.01674401835801617,-2.303712776097199e-15,0.03183365451660613
4.9,0.1,0.04691883432813429,3.198830089701232e-15,0.03184266445934702
5.100000000000001,0.1,0.1106399250690443,-3.157196726277788e-15,0.03189073318620439
5.3,0.1,0.1744931115171547,-2.359223927328457e-15,0.03197202363086137
5.5,0.1,0.2385358317309576,2.706168622523819e-15,0.03207591899341399
5.700000000000001,0.1,0.3027994365820704,8.326672684688674e-16,0.03218691875283397
5.9,0.1,0.3672793417067266,-4.427014310692811e-15,0.03228459209540168
6.100000000000001,0.1,0.4319252034577627,-2.040034807748725e-15,0.03234367067422977
6.3,0.1,0.4966314560898466,1.373900992973631e-15,0.03233432886828918
6.5,0.1,0.5612286141362141,3.393119119010634e-15,0.0322226645526405
6.699999999999999,0.1,0.6254757270614306,-1.713906794265085e-15,0.03197136648554938
6.900000000000002,0.1,0.6890543430333909,3.816391647148975e-16,0.0315405687206226
7.100000000000001,0.1,0.7515644136526489,4.690692279041286e-15,0.03088899431282438
7.3,0.1,0.8125229190236006,-4.968248035197575e-15,0.02997563189285462
7.5,0.1,0.8713665930224845,1.609823385706477e-15,0.02876226206676102
7.699999999999999,0.1,0.9274607399278577,1.772887392448296e-15,0.02721703208019787
7.900000000000002,0.1,0.9801161948091481,2.029626466892864e-15,0.02531885090710789
8.100000000000001,0.1,1.028615433963586,2.709638069475772e-15,0.02306175647494374
8.3,0.1,1.072246516868208,-2.546574062733952e-15,0.02045789127480429
8.5,0.1,1.110340607161152,-3.930883396563444e-15,0.01753773568668881
8.699999999999999,0.1,1.142306617736238,-5.034167527284694e-15,0.01434700553992812
8.900000000000002,0.1,1.167656560230719,-1.394717674685352e-15,0.01094091571019427
9.100000000000001,0.1,1.186017912524981,-9.957312752106872e-16,0.007377674969914677
9.3,0.1,1.197133752225449,-4.649058915617843e-16,0.003713436967672567
9.5,0.1,1.200855468754722,2.47718512369488e-15,2.286668318342288e-7
-9.5,0.2000000000000001,1.20364701614394,-7.129713486264677e-15,-4.554498663940365e-7
-9.3,0.2000000000000001,1.199907301638772,6.963180032570903e-15,-0.007438990596593975
-9.099999999999999,0.2000000000000001,1.188736117675997,6.571132527000145e-15,-0.01478040843850823
-8.9,0.2000000000000001,1.170278871918506,2.327998904760875e-15,-0.02192096224956774
-8.699999999999999,0.2000000000000001,1.144789545979068,-2.251671071817895e-15,-0.02874782504148229
-8.5,0.2000000000000001,1.112640548611897,2.411265631607761e-15,-0.0351432726669606
-8.3,0.2000000000000001,1.07432445339257,-2.498001805406602e-16,-0.04099518445676833
-8.099999999999999,0.2000000000000001,1.030441926658567,-7.355227538141662e-16,-0.04621063753698712
-7.9,0.2000000000000001,0.9816749526550604,-1.398187121637306e-15,-0.05072787331919553
-7.7,0.2000000000000001,0.9287497045792234,-4.270889197854899e-15,-0.05452267975110403
-7.5,0.2000000000000001,0.872396548485,4.024558464266192e-15,-0.05760776193451527
-7.299999999999999,0.2000000000000001,0.8133144799556386,-4.45476988630844e-15,-0.06002643052530232
-7.099999999999999,0.2000000000000001,0.7521445375882764,5.48172618408671e-15,-0.06184351246377156
-6.9,0.2000000000000001,0.6894532514122284,-7.563394355258878e-16,-0.06313634579433957
-6.699999999999999,0.2000000000000001,0.6257246225103224,1.991462550421374e-15,-0.06398758080087035
-6.5,0.2000000000000001,0.561358156002202,-2.761679773755076e-15,-0.06448018062092308
-6.299999999999999,0.2000000000000001,0.4966707544011281,-1.734723475976807e-15,-0.06469415824203272
-6.099999999999999,0.2000000000000001,0.4319010966345145,-1.935951399190116e-15,-0.06470434778388511
-5.9,0.2000000000000001,0.3672158315661363,1.582067810090848e-15,-0.06457872014930254
-5.699999999999999,0.2000000000000001,0.3027172530816656,-5.585809592645318e-15,-0.06437704776494979
-5.5,0.2000000000000001,0.2384521458806536,-2.504940699310509e-15,-0.06414993774131783
-5.299999999999999,0.2000000000000001,0.1744214008564962,-6.529499163576701e-15,-0.06393827234109639
-5.099999999999999,0.2000000000000001,0.1105899692898032,4.996003610813204e-16,-0.06377304018898855
-4.899999999999999,0.2000000000000001,0.04689678409613543,1.457167719820518e-15,-0.06367544653104206
-4.699999999999999,0.2000000000000001,-0.01673555672778005,2.567390744445674e-15,-0.06365714173334668
-4.5,0.2000000000000001,-0.08039137036592429,9.089951014118469e-16,-0.06372040560986813
-4.299999999999999,0.2000000000000001,-0.1441526098862098,-4.857225732735059e-16,-0.06385818455434599
-4.099999999999999,0.2000000000000001,-0.2080895228869938,-6.938893903907228e-18,-0.06405395486821685
-3.899999999999999,0.2000000000000001,-0.2722510792567957,4.276093368282829e-16,-0.06428148211844925
-3.699999999999999,0.2000000000000001,-0.3366551085175403,-1.008308020411519e-16,-0.06450461366212872
-3.5,0.2000000000000001,-0.401278260515012,3.871902798380233e-15,-0.06467727356838459
-3.299999999999999,0.2000000000000001,-0.4660460893117836,-4.551914400963141e-15,-0.06474380627344134
-3.099999999999999,0.2000000000000001,-0.5308236810525286,1.283695372222837e-16,-0.06463974013893586
-2.899999999999999,0.2000000000000001,-0.5954072592123913,-1.387778780781445e-17,-0.0642929524990562
-2.699999999999999,0.2000000000000001,-0.6595171445245544,6.571132527000145e-15,-0.06362520651629233
-2.5,0.2000000000000001,-0.7227923849151701,-1.956768080901838e-15,-0.06255412654298186
-2.299999999999999,0.2000000000000001,-0.7847875513236144,-8.847089727481716e-15,-0.06099596564820253
-2.099999999999999,0.2000000000000001,-0.8449727218514679,1.477984401532239e-15,-0.05886979758206029
-1.899999999999999,0.2000000000000001,-0.9027385072137439,-3.483324739761428e-15,-0.05610378625463463
-1.699999999999999,0.2000000000000001,-0.9574086113582689,3.747002708109903e-15,-0.05264363356989387
-1.5,0.2000000000000001,-1.00826213816312,5.273559366969493e-16,-0.04846214010026361
-1.299999999999998,0.2000000000000001,-1.054566016939903,-5.35682609381638e-15,-0.04356742833674004
-1.099999999999999,0.2000000000000001,-1.095614658693649,1.942890293094023e-16,-0.03800663763505701
-0.9000000000000003,0.2000000000000001,-1.130770411644384,-3.011479954295737e-15,-0.03186261516203012
-0.6999999999999992,0.2000000000000001,-1.159496556278958,5.134781488891349e-15,-0.02524347665791965
-0.5,0.2000000000000001,-1.181376009275784,-5.162537064506977e-15,-0.01826795856270407
-0.2999999999999989,0.2000000000000001,-1.196113598331578,-5.440092820663267e-15,-0.01105158775423337
-0.09999999999999964,0.2000000000000001,-1.203525741523542,6.938893903907228e-16,-0.003698526921282252
0.1000000000000014,0.2000000000000001,-1.203525741518128,-8.743006318923107e-16,0.00369852693248622
0.3000000000000007,0.2000000000000001,-1.196113598344925,2.525757381022231e-15,0.01105158775136583
0.5,0.2000000000000001,-1.18137600923285,-1.137978600240785e-15,0.01826795859763427
0.700000000000001,0.2000000000000001,-1.159496556223078,1.706967900361178e-15,0.02524347658632331
0.9000000000000003,0.2000000000000001,-1.130770411672491,4.940492459581946e-15,0.03186261515473018
1.100000000000001,0.2000000000000001,-1.095614658765892,-1.387778780781445e-15,0.03800663749030497
1.3,0.2000000000000001,-1.054566016810058,2.692290834716004e-15,0.04356742836424532
1.5,0.2000000000000001,-1.008262138038979,-1.290634266126744e-15,0.04846214000915716
1.700000000000001,0.2000000000000001,-0.9574086113474245,3.330669073875469e-15,0.05264363336138788
1.9,0.2000000000000001,-0.9027385071927261,-4.57966997657877e-16,0.05610378605516269
2.100000000000001,0.2000000000000001,-0.8449727219113243,-3.476385845857521e-15,0.05886979778312789
2.3,0.2000000000000001,-0.784787551345645,2.976785484776201e-15,0.06099596559241171
2.5,0.2000000000000001,-0.722792384810041,3.420874694626263e-15,0.06255412670697752
2.700000000000001,0.2000000000000001,-0.6595171444820853,-6.869504964868156e-16,0.06362520662772269
2.9,0.2000000000000001,-0.5954072592811211,-5.80785419757035e-15,0.06429295260334061
3.100000000000001,0.2000000000000001,-0.5308236807985211,-5.551115123125782e-17,0.06463974010634854
3.3,0.2000000000000001,-0.4660460890999399,1.040834085586084e-16,0.0647438063379746
3.5,0.2000000000000001,-0.4012782603437994,2.588207426157396e-15,0.06467727353275104
3.700000000000001,0.2000000000000001,-0.3366551087831519,5.670377362099188e-17,0.06450461373427163
3.9,0.2000000000000001,-0.2722510794511252,6.357761539454998e-16,0.06428148230712649
4.100000000000001,0.2000000000000001,-0.2080895227854026,4.364564265557646e-15,0.06405395500249933
4.3,0.2000000000000001,-0.144152609849508,1.013078509970455e-15,0.06385818463716064
4.5,0.2000000000000001,-0.08039137061312282,2.650657471292561e-15,0.06372040557545388
4.700000000000001,0.2000000000000001,-0.01673555665638051,2.498001805406602e-15,0.06365714176730852
4.9,0.2000000000000001,0.04689678408038458,9.645062526431047e-16,0.06367544661963919
5.100000000000001,0.2000000000000001,0.1105899693493514,8.257283745649601e-16,0.06377304020221397
5.3,0.2000000000000001,0.174421401040445,-5.551115123125782e-16,0.0639382725538582
5.5,0.2000000000000001,0.2384521458137388,3.226585665316861e-15,0.06414993787237083
5.700000000000001,0.2000000000000001,0.302717253110836,-4.510281037539698e-16,0.06437704772211683
5.9,0.2000000000000001,0.3672158315876145,-3.587408148320037e-15,0.06457872004712345
6.100000000000001,0.2000000000000001,0.4319010966788755,1.144917494144692e-15,0.06470434787858714
6.3,0.2000000000000001,0.4966707543806382,1.85268467234323e-15,0.06469415831114444
6.5,0.2000000000000001,0.5613581560140972,-1.387778780781445e-16,0.06448018073175271
6.699999999999999,0.2000000000000001,0.6257246224953009,-9.089951014118469e-16,0.06398758082302991
6.900000000000002,0.2000000000000001,0.6894532514814242,-2.85188539450587e-15,0.06313634594737277
7.100000000000001,0.2000000000000001,0.7521445376662792,-4.489464355827976e-15,0.06184351249014885
7.3,0.2000000000000001,0.8133144797620075,9.228728892196613e-16,0.06002643052326567
7.5,0.2000000000000001,0.8723965484949586,2.241262730962034e-15,0.05760776196945838
7.699999999999999,0.2000000000000001,0.9287497045694437,-9.228728892196613e-16,0.0545226799088227
7.900000000000002,0.2000000000000001,0.9816749526050221,-1.318389841742373e-16,0.05072787343967238
8.100000000000001,0.2000000000000001,1.030441926744389,5.714179129867602e-15,0.04621063762993676
8.3,0.2000000000000001,1.074324453561453,-4.000272335602517e-15,0.0409951844930517
8.5,0.2000000000000001,1.112640548772706,4.031497358170099e-15,0.0351432726309252
8.699999999999999,0.2000000000000001,1.14478954584335,4.891920202254596e-16,0.0287478250420336
8.900000000000002,0.2000000000000001,1.170278871930396,-3.080868893334809e-15,0.02192096217285563
9.100000000000001,0.2000000000000001,1.188736117675958,3.885780586188047e-15,0.01478040842195879
9.3,0.2000000000000001,1.199907301668303,3.750472155061856e-15,0.007438990594788967
9.5,0.2000000000000001,1.20364701616046,-7.278899705198682e-15,4.554392802127993e-7
-9.5,0.3000000000000002,1.208309118860392,1.323247067475108e-14,-6.783675728302962e-7
-9.3,0.3000000000000002,1.204539813195488,1.048466868880382e-14,-0.01118855125094661
-9.099999999999999,0.3000000000000002,1.193277368150024,-1.222286161173258e-14,-0.02223294216012493
-8.9,0.3000000000000002,1.174661233433971,-2.761679773755076e-15,-0.0329790817016522
-8.699999999999999,0.3000000000000002,1.148939737581504,1.066507993030541e-14,-0.04325642002166768
-8.5,0.3000000000000002,1.116484548947945,-5.623973509116808e-15,-0.05288499999830892
-8.3,0.3000000000000002,1.077795790936189,2.532696274926138e-15,-0.06169225715583606
-8.099999999999999,0.3000000000000002,1.033490508578531,1.949829186997931e-15,-0.06953495071213511
-7.9,0.3000000000000002,0.9842733174937052,-3.236994006172722e-15,-0.07631840103636011
-7.7,0.3000000000000002,0.9308948271375833,3.608224830031758e-16,-0.08200651763400873
-7.5,0.3000000000000002,0.874107263797016,7.806255641895631e-16,-0.08662040571322204
-7.299999999999999,0.3000000000000002,0.8146261340442155,1.797173521111972e-15,-0.090227945629131
-7.099999999999999,0.3000000000000002,0.7531029227398504,2.817190924986334e-15,-0.09292923625389343
-6.9,0.3000000000000002,0.6901093657026439,1.589006703994755e-15,-0.09484254476308212
-6.699999999999999,0.3000000000000002,0.6261308844537941,-3.087807787238716e-15,-0.09609339497485547
-6.5,0.3000000000000002,0.5615659364933467,3.323730179971562e-15,-0.09680723660608281
-6.299999999999999,0.3000000000000002,0.4967287669580158,2.234323837058127e-15,-0.09710477285460633
-6.099999999999999,0.3000000000000002,0.4318542280036425,-2.782496455466798e-15,-0.09709878033205959
-5.9,0.3000000000000002,0.3671042053996372,2.706168622523819e-16,-0.09689163158067859
-5.699999999999999,0.3000000000000002,0.302575499891826,6.95971058561895e-15,-0.09657329197259956
-5.5,0.3000000000000002,0.238308919584089,2.900457651833221e-15,-0.09621984527332433
-5.299999999999999,0.3000000000000002,0.174299164312479,2.331468351712828e-15,-0.09589266578669453
-5.099999999999999,0.3000000000000002,0.11050500055536,2.949029909160572e-15,-0.09563819613912322
-4.899999999999999,0.3000000000000002,0.04685930987315239,-3.261280134836397e-16,-0.09548817083626881
-4.699999999999999,0.3000000000000002,-0.01672120553069386,-9.506284648352902e-16,-0.09546000307361146
-4.5,0.3000000000000002,-0.08032667935708817,-5.710709682915649e-15,-0.09555710169960007
-4.299999999999999,0.3000000000000002,-0.1440449163049896,2.296773882193292e-15,-0.09576892999579556
-4.099999999999999,0.3000000000000002,-0.2079521511209836,-4.336808689942017e-16,-0.09607078178323413
-3.899999999999999,0.3000000000000002,-0.2721035101880576,-5.363331306851293e-15,-0.0964233742413762
-3.699999999999999,0.3000000000000002,-0.336523073092762,-5.502542865798432e-15,-0.09677248364249579
-3.5,0.3000000000000002,-0.4011936535620965,2.324529457808921e-16,-0.0970488910122958
-3.299999999999999,0.3000000000000002,-0.4660466292659196,2.935152121352757e-15,-0.09716887350201625
-3.099999999999999,0.3000000000000002,-0.5309522948139545,-6.938893903907228e-15,-0.09703535558531512
-2.899999999999999,0.3000000000000002,-0.5957112349489535,-8.118505867571457e-16,-0.09653967509451061
-2.699999999999999,0.3000000000000002,-0.6600470624736337,7.66053886991358e-15,-0.0955638651026659
-2.5,0.3000000000000002,-0.723600716747863,-8.264222639553509e-15,-0.09398351188947051
-2.299999999999999,0.3000000000000002,-0.7859266061011956,-1.436351038108796e-15,-0.09167170119675455
-2.099999999999999,0.3000000000000002,-0.8464914588461267,2.595146320061303e-15,-0.08850508789947386
-1.899999999999999,0.3000000000000002,-0.9046778701688975,3.219646771412954e-15,-0.08437324989684913
-1.699999999999999,0.3000000000000002,-0.9597955956342182,3.885780586188047e-16,-0.07919169067072146
-1.5,0.3000000000000002,-1.011103718688115,2.206568261442498e-15,-0.07291695888676874
-1.299999999999998,0.3000000000000002,-1.057844893216479,2.012279232133096e-15,-0.06556002202253133
-1.099999999999999,0.3000000000000002,-1.099288879322098,-4.163336342344337e-16,-0.05719262614246603
-0.9000000000000003,0.3000000000000002,-1.134777934053742,1.734723475976807e-15,-0.0479423925743454
-0.6999999999999992,0.3000000000000002,-1.16376384867197,-3.080868893334809e-15,-0.03797621724736988
-0.5,0.3000000000000002,-1.18582789974398,8.965050923848139e-15,-0.02747666355922052
-0.2999999999999989,0.3000000000000002,-1.200680831550443,-1.817990202823693e-15,-0.01661963201089072
-0.09999999999999964,0.3000000000000002,-1.208147655681552,5.634381849972669e-15,-0.005561356352008564
0.1000000000000014,0.3000000000000002,-1.208147655699882,-7.369105325949476e-15,0.005561356391645178
0.3000000000000007,0.3000000000000002,-1.200680831562115,-3.969047313034934e-15,0.01661963201360838
0.5,0.3000000000000002,-1.185827899687452,9.478529072737274e-15,0.02747666363975352
0.700000000000001,0.3000000000000002,-1.163763848648718,5.773159728050814e-15,0.03797621734867689
0.9000000000000003,0.3000000000000002,-1.134777933979371,-8.743006318923107e-16,0.047942392553387
1.100000000000001,0.3000000000000002,-1.099288879432334,1.457167719820518e-15,0.05719262609477493
1.3,0.3000000000000002,-1.057844893186681,1.471045507628332e-15,0.06556002198969265
1.5,0.3000000000000002,-1.011103718793092,-2.609024107869117e-15,0.07291695904132228
1.700000000000001,0.3000000000000002,-0.9597955955726635,-1.65145674912992e-15,0.07919169068578441
1.9,0.3000000000000002,-0.9046778703398079,-4.510281037539698e-15,0.08437324987620825
2.100000000000001,0.3000000000000002,-0.8464914588291474,4.649058915617843e-16,0.08850508800583656
2.3,0.3000000000000002,-0.785926606018219,4.773959005888173e-15,0.09167170133021762
2.5,0.3000000000000002,-0.7236007168411107,-3.719247132494274e-15,0.09398351190886855
2.700000000000001,0.3000000000000002,-0.6600470621844072,-4.926614671774132e-16,0.09556386507974118
2.9,0.3000000000000002,-0.5957112349566553,-3.809452753245068e-15,0.09653967489549653
3.100000000000001,0.3000000000000002,-0.5309522948349929,-2.199629367538591e-15,0.09703535535940144
3.3,0.3000000000000002,-0.4660466290707501,2.872702076217592e-15,0.09716887349967134
3.5,0.3000000000000002,-0.4011936537250931,1.446759378964657e-15,0.09704889088747997
3.700000000000001,0.3000000000000002,-0.3365230728953571,-4.29170587956662e-15,0.09677248364338803
3.9,0.3000000000000002,-0.2721035101880358,3.475952164988527e-15,0.09642337421021851
4.100000000000001,0.3000000000000002,-0.2079521509154501,2.220446049250313e-16,0.09607078156631704
4.3,0.3000000000000002,-0.144044916239866,-2.949029909160572e-15,0.09576892992914143
4.5,0.3000000000000002,-0.08032667946455367,8.187894806610529e-16,0.09555710176946474
4.700000000000001,0.3000000000000002,-0.01672120550951285,7.632783294297951e-17,0.09546000302398072
4.9,0.3000000000000002,0.04685930987131302,2.220446049250313e-15,0.09548817091961459
5.100000000000001,0.3000000000000002,0.1105050007479963,-2.962907696968386e-15,0.09563819639247334
5.3,0.3000000000000002,0.1742991644266069,-3.677613769070831e-16,0.09589266566084231
5.5,0.3000000000000002,0.2383089196007337,4.218847493575594e-15,0.09621984549843665
5.700000000000001,0.3000000000000002,0.3025754997863628,2.775557561562891e-16,0.09657329189865238
5.9,0.3000000000000002,0.3671042055611439,-2.234323837058127e-15,0.0968916316042851
6.100000000000001,0.3000000000000002,0.4318542281265661,-1.679212324745549e-15,0.09709878030101398
6.3,0.3000000000000002,0.4967287670717938,-1.32532873564628e-15,0.09710477287560204
6.5,0.3000000000000002,0.5615659365095657,-2.650657471292561e-15,0.09680723648817884
6.699999999999999,0.3000000000000002,0.6261308846956662,-2.428612866367529e-16,0.09609339521964033
6.900000000000002,0.3000000000000002,0.6901093657018061,4.059252933785728e-15,0.09484254463192992
7.100000000000001,0.3000000000000002,0.7531029228335708,2.949029909160572e-15,0.09292923645521472
7.3,0.3000000000000002,0.8146261342456708,-7.702172233337023e-16,0.09022794578800613
7.5,0.3000000000000002,0.8741072639143302,-2.869232629265638e-15,0.08662040578580099
7.699999999999999,0.3000000000000002,0.9308948272816852,-1.110223024625156e-15,0.0820065177694309
7.900000000000002,0.3000000000000002,0.984273317485112,1.249000902703301e-16,0.07631840109499343
8.100000000000001,0.3000000000000002,1.0334905083759,1.523087211907636e-15,0.06953495075433158
8.3,0.3000000000000002,1.077795790940524,2.123301534595611e-15,0.06169225710011089
8.5,0.3000000000000002,1.116484549064827,4.1286418728248e-15,0.05288500000342022
8.699999999999999,0.3000000000000002,1.148939737612246,-8.992806499463768e-15,0.04325642001994334
8.900000000000002,0.3000000000000002,1.174661233415059,-2.178812685826869e-15,0.03297908168638474
9.100000000000001,0.3000000000000002,1.19327736817368,1.369390711936091e-14,0.02223294219150291
9.3,0.3000000000000002,1.204539813240529,-1.004057947895375e-14,0.01118855122114137
9.5,0.3000000000000002,1.208309118879832,-4.132111319776754e-15,6.783814236882568e-7
-9.5,0.4000000000000003,1.214855798748971,3.127706427186183e-14,-8.956025371077702e-7
-9.3,0.4000000000000003,1.211045982736684,1.255245907216817e-14,-0.01497352087426906
-9.099999999999999,0.4000000000000003,1.19965800251931,-8.732597978067246e-15,-0.02975932596242078
-8.9,0.4000000000000003,1.180821595829816,9.867107131356078e-15,-0.04415378149605556
-8.699999999999999,0.4000000000000003,1.154775506373314,1.172673069760321e-14,-0.05792701793037152
-8.5,0.4000000000000003,1.121889132532458,4.916206330918271e-15,-0.07083249404207314
-8.3,0.4000000000000003,1.082672962726094,6.730727086790011e-16,-0.08263148510259155
-8.099999999999999,0.4000000000000003,1.037767893616879,6.411537967210279e-15,-0.09312542630196957
-7.9,0.4000000000000003,0.9879118246996988,-2.369632268184318e-15,-0.1021841370917769
-7.7,0.4000000000000003,0.9338911405970526,-4.1286418728248e-15,-0.1097600579726132
-7.5,0.4000000000000003,0.8764896548383447,-3.330669073875469e-15,-0.1158854330930984
-7.299999999999999,0.4000000000000003,0.8164462312799637,5.828670879282071e-16,-0.1206564775274608
-7.099999999999999,0.4000000000000003,0.7544266705902712,5.044575868140555e-15,-0.1242121459609782
-6.9,0.4000000000000003,0.6910094783265284,3.37924133120282e-15,-0.1267143715586613
-6.699999999999999,0.4000000000000003,0.6266815972386666,-4.184153024056058e-15,-0.1283333622808096
-6.5,0.4000000000000003,0.5618397207231066,2.498001805406602e-15,-0.1292381883828097
-6.299999999999999,0.4000000000000003,0.4967942258209584,5.065392549852276e-15,-0.1295910230880696
-6.099999999999999,0.4000000000000003,0.4317745294412406,-4.822531263215523e-15,-0.1295431976491225
-5.9,0.4000000000000003,0.3669357788202883,-2.310651670001107e-15,-0.1292319948397877
-5.699999999999999,0.4000000000000003,0.3023669957431329,6.522560269672794e-16,-0.1287779416791162
-5.5,0.4000000000000003,0.2381005288953016,3.046174423815273e-15,-0.1282828078736675
-5.299999999999999,0.4000000000000003,0.1741223310012814,-1.783295733304157e-15,-0.1278285074745735
-5.099999999999999,0.4000000000000003,0.1103824613380031,-9.506284648352902e-16,-0.1274768791987025
-4.899999999999999,0.4000000000000003,0.04680532955500174,-2.359223927328457e-15,-0.1272700769661796
-4.699999999999999,0.4000000000000003,-0.01670059393648051,-9.43689570931383e-16,-0.1272311974551349
-4.5,0.4000000000000003,-0.08023354336891035,-3.913536161803676e-15,-0.1273647609637408
-4.299999999999999,0.4000000000000003,-0.1438894782800865,3.781697177629439e-16,-0.1276568071540581
-4.099999999999999,0.4000000000000003,-0.2077530048355377,-4.090477956353311e-15,-0.1280745550651016
-3.899999999999999,0.4000000000000003,-0.271887892233633,-1.397753440768312e-15,-0.1285657725630757
-3.699999999999999,0.4000000000000003,-0.3363270366063076,-1.913399994002418e-15,-0.1290581834457844
-3.5,0.4000000000000003,-0.4010619708926813,1.163999452380437e-15,-0.1294593059075809
-3.299999999999999,0.4000000000000003,-0.4660323196492615,-7.235531618299262e-15,-0.1296570609074041
-3.099999999999999,0.4000000000000003,-0.531115754148143,-2.210037708394452e-15,-0.129521322856601
-2.899999999999999,0.4000000000000003,-0.5961190380811418,-2.258609965721802e-15,-0.1289063185604462
-2.699999999999999,0.4000000000000003,-0.6607705030851102,-5.48172618408671e-15,-0.1276536469212693
-2.5,0.4000000000000003,-0.7247139623750946,-3.004541060391829e-15,-0.1255958951301461
-2.299999999999999,0.4000000000000003,-0.787503991022977,-3.809452753245068e-15,-0.1225614954265284
-2.099999999999999,0.4000000000000003,-0.8486031564053048,-4.267419750902945e-15,-0.1183823550409493
-1.899999999999999,0.4000000000000003,-0.9073832893061972,-6.918077222195506e-15,-0.1129061765887525
-1.699999999999999,0.4000000000000003,-0.9631346826681428,1.942890293094023e-15,-0.1060143807771635
-1.5,0.4000000000000003,-1.015087753364306,3.511080315377057e-15,-0.09764378131671203
-1.299999999999998,0.4000000000000003,-1.062449800821754,-2.220446049250313e-15,-0.08780647765904509
-1.099999999999999,0.4000000000000003,-1.104454292855762,-2.095545958979983e-15,-0.07660005399833047
-0.9000000000000003,0.4000000000000003,-1.140413909889267,-7.382983113757291e-15,-0.06420119751551209
-0.6999999999999992,0.4000000000000003,-1.169763915153896,-9.867107131356078e-15,-0.05084173202114838
-0.5,0.4000000000000003,-1.192084124116195,-1.464106613724425e-14,-0.03677386443498793
-0.2999999999999989,0.4000000000000003,-1.207095334711983,4.371503159461553e-15,-0.02223722749959393
-0.09999999999999964,0.4000000000000003,-1.214636503078585,-2.174649349484525e-14,-0.007439997123117325
0.1000000000000014,0.4000000000000003,-1.214636503114815,2.049749259214195e-14,0.007439997161858225
0.3000000000000007,0.4000000000000003,-1.207095334716446,4.232725281383409e-15,0.02223722760050664
0.5,0.4000000000000003,-1.192084124132561,5.911937606128958e-15,0.03677386441591279
0.700000000000001,0.4000000000000003,-1.169763915117727,-1.137978600240785e-15,0.05084173204213612
0.9000000000000003,0.4000000000000003,-1.140413909872566,6.619704784327495e-15,0.06420119754738357
1.100000000000001,0.4000000000000003,-1.104454292676952,2.27595720048157e-15,0.07660005406930123
1.3,0.4000000000000003,-1.062449800893074,2.289834988289385e-15,0.08780647773693026
1.5,0.4000000000000003,-1.015087753174318,-9.159339953157541e-16,0.09764378143133306
1.700000000000001,0.4000000000000003,-0.9631346825883548,-3.011479954295737e-15,0.106014380672245
1.9,0.4000000000000003,-0.9073832893070303,1.866562460151044e-15,0.1129061766401908
2.100000000000001,0.4000000000000003,-0.848603156418491,3.989863994746656e-15,0.1183823548299417
2.3,0.4000000000000003,-0.7875039910719663,7.945033519973776e-15,0.1225614954719687
2.5,0.4000000000000003,-0.7247139623355524,-2.92821322744885e-15,0.125595895123931
2.700000000000001,0.4000000000000003,-0.6607705032514712,3.927413949611491e-15,0.1276536468891284
2.9,0.4000000000000003,-0.5961190380289762,-6.938893903907228e-18,0.1289063185082404
3.100000000000001,0.4000000000000003,-0.5311157541038387,-1.439820485060749e-15,0.1295213229592711
3.3,0.4000000000000003,-0.4660323197536919,-4.525893548823489e-15,0.1296570609568464
3.5,0.4000000000000003,-0.4010619709887247,-3.483324739761428e-15,0.1294593059581546
3.700000000000001,0.4000000000000003,-0.3363270365244073,-2.722865335980095e-15,0.1290581834870953
3.9,0.4000000000000003,-0.2718878921560543,-1.318389841742373e-16,0.1285657723348872
4.100000000000001,0.4000000000000003,-0.2077530048475823,-4.295175326518574e-15,0.1280745549434435
4.3,0.4000000000000003,-0.1438894783459556,-2.612493554821071e-15,0.1276568073959891
4.5,0.4000000000000003,-0.08023354358194466,-1.880440247958858e-15,0.1273647610073997
4.700000000000001,0.4000000000000003,-0.01670059394532705,7.147060721024445e-16,0.1272311976317252
4.9,0.4000000000000003,0.04680532944389544,-1.353084311261909e-15,0.1272700770387806
5.100000000000001,0.4000000000000003,0.1103824615316258,-2.706168622523819e-16,0.1274768792929665
5.3,0.4000000000000003,0.1741223310747957,-1.595945597898662e-15,0.1278285075369628
5.5,0.4000000000000003,0.2381005287721759,-1.40165656858926e-15,0.1282828078139193
5.700000000000001,0.4000000000000003,0.3023669958887548,2.615963001773025e-15,0.1287779417788814
5.9,0.4000000000000003,0.3669357786355131,-3.469446951953614e-15,0.1292319947452267
6.100000000000001,0.4000000000000003,0.4317745292428347,3.719247132494274e-15,0.1295431978225681
6.3,0.4000000000000003,0.496794225871639,-2.123301534595611e-15,0.1295910230916447
6.5,0.4000000000000003,0.5618397209215908,-4.087008509401357e-15,0.1292381883126795
6.699999999999999,0.4000000000000003,0.6266815971718844,4.371503159461553e-15,0.1283333622350664
6.900000000000002,0.4000000000000003,0.6910094783329202,4.510281037539698e-15,0.1267143715205001
7.100000000000001,0.4000000000000003,0.75442667080402,-4.163336342344337e-16,0.1242121461190294
7.3,0.4000000000000003,0.8164462311716587,-6.938893903907228e-18,0.1206564775868082
7.5,0.4000000000000003,0.8764896550160254,3.150257832373881e-15,0.1158854331451001
7.699999999999999,0.4000000000000003,0.9338911405138585,3.462508058049707e-15,0.1097600579836886
7.900000000000002,0.4000000000000003,0.9879118247749888,-4.621303340002214e-15,0.102184137062154
8.100000000000001,0.4000000000000003,1.037767893507596,5.64479019082853e-15,0.09312542624395925
8.3,0.4000000000000003,1.082672962813264,-7.667477763817487e-15,0.08263148509475981
8.5,0.4000000000000003,1.121889132426499,5.127842594987441e-15,0.07083249396803234
8.699999999999999,0.4000000000000003,1.154775506301718,-1.108835245844375e-14,0.05792701784391102
8.900000000000002,0.4000000000000003,1.180821595797733,-7.348288644237754e-15,0.04415378150249911
9.100000000000001,0.4000000000000003,1.199658002490326,-2.800884524312152e-14,0.02975932601246038
9.3,0.4000000000000003,1.211045982752326,-7.892991815694472e-15,0.01497352087054298
9.5,0.4000000000000003,1.214855798741442,1.871072741188584e-14,8.956417517080872e-7
-9.5,0.5000000000000004,1.223306119709888,2.803660081873715e-14,-1.105240376150784e-6
-9.3,0.5000000000000004,1.219445956480244,3.020500516370816e-14,-0.01880447501134263
-9.099999999999999,0.5000000000000004,1.20790083230019,-3.999231501516931e-14,-0.03738241921164819
-8.9,0.5000000000000004,1.188785478010589,2.449082603384056e-14,-0.05548276920421482
-8.699999999999999,0.5000000000000004,1.162323216447797,3.70536934468646e-15,-0.0728141696329459
-8.5,0.5000000000000004,1.128878224790151,-2.23258911358215e-14,-0.0890571436289517
-8.3,0.5000000000000004,1.088973932913608,1.362798762727379e-14,-0.103898363956395
-8.099999999999999,0.5000000000000004,1.043283627878132,1.186550857568136e-15,-0.1170765832548843
-7.9,0.5000000000000004,0.9925909669936982,-2.407796184655808e-15,-0.1284224593608506
-7.7,0.5000000000000004,0.9377311888761835,7.077671781985372e-16,-0.1378777732572905
-7.5,0.5000000000000004,0.8795304494355307,2.081668171172168e-16,-0.145490074547688
-7.299999999999999,0.5000000000000004,0.8187579921745541,-4.302114220422481e-16,-0.1513894084863164
-7.099999999999999,0.5000000000000004,0.7560973954779941,1.568190022283033e-15,-0.1557586205598752
-6.9,0.5000000000000004,0.6921348898821964,2.775557561562891e-15,-0.1588069902836276
-6.699999999999999,0.5000000000000004,0.6273585428492179,2.768618667658984e-15,-0.1607517176397143
-6.5,0.5000000000000004,0.5621622795299822,-7.632783294297951e-17,-0.1618068864900638
-6.299999999999999,0.5000000000000004,0.496851272659386,-1.547373340571311e-15,-0.1621771003557622
-6.099999999999999,0.5000000000000004,0.4316478395563475,-2.949029909160572e-15,-0.1620530459051914
-5.9,0.5000000000000004,0.3666983491795878,-9.228728892196613e-16,-0.1616075991332279
-5.699999999999999,0.5000000000000004,0.3020816694736125,-8.257283745649601e-16,-0.1609923575091176
-5.5,0.5000000000000004,0.2378191016626175,-2.109423746787797e-15,-0.160335050356631
-5.299999999999999,0.5000000000000004,0.1738852106473949,7.632783294297951e-17,-0.1597381805752314
-5.099999999999999,0.5000000000000004,0.110218788247088,-7.355227538141662e-16,-0.1592788705426316
-4.899999999999999,0.5000000000000004,0.04673333544311367,-9.714451465470119e-17,-0.1590095318186924
-4.699999999999999,0.5000000000000004,-0.01667320637697658,4.468647674116255e-15,-0.1589588151497022
-4.5,0.5000000000000004,-0.08010940904532422,-2.380040609040179e-15,-0.1591323269364463
-4.299999999999999,0.5000000000000004,-0.1436816485199618,-4.142519660632615e-15,-0.1595127741269694
-4.099999999999999,0.5000000000000004,-0.2074852696538301,6.356026815979021e-15,-0.1600594645896631
-3.899999999999999,0.5000000000000004,-0.2715951987799861,2.485208219771273e-15,-0.1607073770104677
-3.699999999999999,0.5000000000000004,-0.3360557768454537,-1.301042606982605e-15,-0.1613662345918818
-3.5,0.5000000000000004,-0.4008699133232032,-6.166941957097549e-16,-0.1619201421354814
-3.299999999999999,0.5000000000000004,-0.4659880052626388,8.274630980409369e-16,-0.1622282741579563
-3.099999999999999,0.5000000000000004,-0.5312973481103711,2.674943599956236e-15,-0.1621268470808392
-2.899999999999999,0.5000000000000004,-0.5966127625099509,1.77635683940025e-15,-0.161432215968971
-2.699999999999999,0.5000000000000004,-0.6616688139574877,-2.15105711021124e-15,-0.1599446551258
-2.5,0.5000000000000004,-0.7261133739136809,-1.332267629550187e-15,-0.1574525763378065
-2.299999999999999,0.5000000000000004,-0.7895019223746908,-7.764622278472188e-15,-0.1537379002016883
-2.099999999999999,0.5000000000000004,-0.8512926390372221,7.0082828429463e-16,-0.1485847332686366
-1.899999999999999,0.5000000000000004,-0.9108444059514531,-1.40165656858926e-15,-0.1417943752828706
-1.699999999999999,0.5000000000000004,-0.9674226975788511,1.65145674912992e-15,-0.1332085977691715
-1.5,0.5000000000000004,-1.020220018176588,-3.996802888650563e-15,-0.1227392797837186
-1.299999999999998,0.5000000000000004,-1.068395697524419,-1.207367539279857e-15,-0.1103969462972667
-1.099999999999999,0.5000000000000004,-1.111133325225772,-3.663735981263016e-15,-0.0963065707440435
-0.9000000000000003,0.5000000000000004,-1.147704833399053,-9.825473767932635e-15,-0.08070011881749264
-0.6999999999999992,0.5000000000000004,-1.17752338719167,-1.867950238931825e-14,-0.06388340581898582
-0.5,0.5000000000000004,-1.200168467894761,3.180788965551073e-14,-0.04618687978990312
-0.2999999999999989,0.5000000000000004,-1.21537708396555,-3.608224830031758e-16,-0.02791878961335018
-0.09999999999999964,0.5000000000000004,-1.223009665601505,4.121702978920893e-15,-0.009338867733292829
0.1000000000000014,0.5000000000000004,-1.223009665683991,-2.439715096613781e-14,0.009338867676624396
0.3000000000000007,0.5000000000000004,-1.215377084013697,-1.347533196138783e-14,0.02791878953429231
0.5,0.5000000000000004,-1.200168467792384,-1.623701173514291e-14,0.04618687981356944
0.700000000000001,0.5000000000000004,-1.177523387174672,-1.615374500829602e-14,0.06388340578399752
0.9000000000000003,0.5000000000000004,-1.147704833297212,1.218469769526109e-14,0.08070011886254097
1.100000000000001,0.5000000000000004,-1.111133325074526,-7.0082828429463e-15,0.09630657078300952
1.3,0.5000000000000004,-1.06839569746018,1.249000902703301e-16,0.1103969463066369
1.5,0.5000000000000004,-1.020220018260172,-5.828670879282071e-16,0.1227392798457512
1.700000000000001,0.5000000000000004,-0.9674226974353448,-1.40165656858926e-15,0.1332085977183197
1.9,0.5000000000000004,-0.9108444057601536,-3.226585665316861e-15,0.1417943754375368
2.100000000000001,0.5000000000000004,-0.8512926388057967,6.938893903907228e-18,0.1485847333460431
2.3,0.5000000000000004,-0.7895019223477584,-1.089406342913434e-15,0.1537379001832771
2.5,0.5000000000000004,-0.7261133738793987,4.510281037539698e-16,0.1574525761967559
2.700000000000001,0.5000000000000004,-0.6616688139340323,-2.692290834716004e-15,0.1599446553519137
2.9,0.5000000000000004,-0.596612762486509,-2.772088114610937e-15,0.1614322160913341
3.100000000000001,0.5000000000000004,-0.5312973480004513,-4.1286418728248e-15,0.1621268470234341
3.3,0.5000000000000004,-0.4659880053160002,3.249137070504559e-15,0.1622282740883807
3.5,0.5000000000000004,-0.4008699133688337,-7.537373503119226e-16,0.1619201420826961
3.700000000000001,0.5000000000000004,-0.3360557767472826,-1.866996141020038e-15,0.1613662346385926
3.9,0.5000000000000004,-0.2715951989149153,8.120023750612936e-15,0.1607073768561679
4.100000000000001,0.5000000000000004,-0.2074852697434996,-1.328798182598234e-15,0.1600594643641854
4.3,0.5000000000000004,-0.1436816484954288,1.498801083243961e-15,0.1595127739269843
4.5,0.5000000000000004,-0.08010940906724302,2.081668171172168e-15,0.1591323269571431
4.700000000000001,0.5000000000000004,-0.01667320641162727,-2.359223927328457e-16,0.1589588151127992
4.9,0.5000000000000004,0.0467333354228851,-4.371503159461553e-15,0.1590095318306127
5.100000000000001,0.5000000000000004,0.1102187882124004,3.198830089701232e-15,0.1592788704218001
5.3,0.5000000000000004,0.1738852107688995,2.518818487118323e-15,0.1597381804878371
5.5,0.5000000000000004,0.2378191016449451,-6.938893903907228e-18,0.1603350504345703
5.700000000000001,0.5000000000000004,0.3020816694332618,1.131039706336878e-15,0.1609923575804518
5.9,0.5000000000000004,0.3666983491998941,3.469446951953614e-16,0.1616075993094459
6.100000000000001,0.5000000000000004,0.4316478395110947,3.025357742103551e-15,0.1620530460215663
6.3,0.5000000000000004,0.4968512727557434,-4.017619570362285e-15,0.1621771004998183
6.5,0.5000000000000004,0.5621622794194033,-6.321332346459485e-15,0.1618068866175935
6.699999999999999,0.5000000000000004,0.6273585427785229,4.572731082674863e-15,0.1607517177223062
6.900000000000002,0.5000000000000004,0.6921348900789092,-1.103284130721249e-15,0.1588069904232632
7.100000000000001,0.5000000000000004,0.756097395412171,2.164934898019055e-15,0.1557586205255847
7.3,0.5000000000000004,0.8187579921479331,2.973316037824247e-15,0.1513894083194717
7.5,0.5000000000000004,0.8795304493576235,-3.146788385421928e-15,0.1454900744344001
7.699999999999999,0.5000000000000004,0.9377311888774135,-2.831068712794149e-15,0.1378777733040266
7.900000000000002,0.5000000000000004,0.9925909668622523,-2.210037708394452e-15,0.1284224595664317
8.100000000000001,0.5000000000000004,1.043283627813493,-3.781697177629439e-16,0.117076583169437
8.3,0.5000000000000004,1.088973932834221,-6.689093723366568e-15,0.1038983639078792
8.5,0.5000000000000004,1.128878224788316,-1.487004963607319e-14,0.08905714366745037
8.699999999999999,0.5000000000000004,1.162323216480277,-6.265821195228227e-15,0.07281416958607175
8.900000000000002,0.5000000000000004,1.188785478067126,2.883110417073453e-14,0.05548276922824635
9.100000000000001,0.5000000000000004,1.207900832206967,-3.909372825461332e-14,0.03738241922070066
9.3,0.5000000000000004,1.219445956474742,4.068273495860808e-14,0.0188044749947407
9.5,0.5000000000000004,1.223306119732603,-2.321753900247358e-14,1.10521971901506e-6
-9.5,0.6,1.233683526517197,2.776945340343672e-14,-1.305264244896853e-6
-9.3,0.6,1.229764823480842,-9.419548474554062e-15,-0.02269070147443941
-9.099999999999999,0.6,1.21803504561769,-5.144148995661623e-14,-0.04512318969580531
-8.9,0.6,1.198586384164889,4.183806079360863e-14,-0.06700238793561892
-8.699999999999999,0.6,1.171618090660114,-4.066191827689635e-15,-0.08797270247959809
-8.5,0.6,1.137484037211131,-3.174890905732752e-14,-0.1076328203494573
-8.3,0.6,1.096722809616204,-8.878314750049298e-15,-0.1255827944676634
-8.099999999999999,0.6,1.050050228713293,1.753458489517356e-14,-0.1414882949618042
-7.9,0.6,0.9983108886220588,1.141448047192739e-15,-0.155135877389846
-7.7,0.6,0.9424044637037269,-4.440892098500626e-16,-0.1664581789987734
-7.5,0.6,0.883211589301746,2.414735078559715e-15,-0.1755241892636819
-7.299999999999999,0.6,0.8215390292538737,-5.238864897449957e-16,-0.1825054720395798
-7.099999999999999,0.6,0.7580909013810824,-3.455569164145799e-15,-0.1876354761176763
-6.9,0.6,0.6934612156237212,-2.220446049250313e-16,-0.1911754411014601
-6.699999999999999,0.6,0.6281380794424984,1.07552855510562e-15,-0.1933922401311597
-6.5,0.6,0.5625112949916973,-1.297573160030651e-15,-0.1945464932318894
-6.299999999999999,0.6,0.4968793779535849,4.00374178255447e-15,-0.1948863104179142
-6.099999999999999,0.6,0.4314558381310602,-1.269817584415022e-15,-0.1946427106127776
-5.9,0.6,0.3663761547154355,-1.894318035766673e-15,-0.1940250465390323
-5.699999999999999,0.6,0.3017065411646662,4.038436252074006e-15,-0.1932166446007151
-5.5,0.6,0.237454522270138,-8.257283745649601e-16,-0.1923715321519718
-5.299999999999999,0.6,0.1735805191207248,-9.645062526431047e-16,-0.19161282946737
-5.099999999999999,0.6,0.1100094246995985,-1.242062008799393e-15,-0.1910327614717921
-4.899999999999999,0.6,0.04664140407060565,2.914335439641035e-16,-0.1906937441153501
-4.699999999999999,0.6,-0.01663838543436514,-3.323730179971562e-15,-0.1906297953630621
-4.5,0.6,-0.07995101703515128,-1.186550857568136e-15,-0.1908475692248872
-4.299999999999999,0.6,-0.1434154819534335,3.157196726277788e-15,-0.1913265695342628
-4.099999999999999,0.6,-0.2071402044913199,4.928349395250109e-15,-0.1920184393784299
-3.899999999999999,0.6,-0.2712138108340849,8.563435334105196e-16,-0.1928456137603135
-3.699999999999999,0.6,-0.335694814181355,-1.908195823574487e-17,-0.1936999187506591
-3.5,0.6,-0.4006002875535218,-2.919539610068966e-15,-0.194441881548418
-3.299999999999999,0.6,-0.4658940699604428,9.714451465470119e-17,-0.1949014304011245
-3.099999999999999,0.6,-0.5314754331718261,1.967176421757699e-15,-0.1948803343788076
-2.899999999999999,0.6,-0.5971691920377409,-9.714451465470119e-16,-0.1941561214367657
-2.699999999999999,0.6,-0.6627177305265313,-8.024830799868709e-15,-0.1924866964526011
-2.5,0.6,-0.727774391512758,6.487865800153258e-15,-0.1896150053207726
-2.299999999999999,0.6,-0.7918968278864553,5.051514762044462e-15,-0.185274369636209
-2.099999999999999,0.6,-0.8545394488738578,5.238864897449957e-15,-0.1791973965086338
-1.899999999999999,0.6,-0.9150468825531139,1.067201882420931e-14,-0.1711331168759941
-1.699999999999999,0.6,-0.9726547965188894,1.110223024625156e-16,-0.1608760437726207
-1.5,0.6,-1.026507774469862,1.242062008799393e-15,-0.1483056755662574
-1.299999999999998,0.6,-1.075702521335979,1.193489751472043e-15,-0.1334267155867994
-1.099999999999999,0.6,-1.119356217765961,3.205768983605139e-15,-0.1163933489617217
-0.9000000000000003,0.6,-1.156686382996177,-3.495814748788461e-14,-0.09750140141961161
-0.6999999999999992,0.6,-1.187077693559456,3.261280134836397e-15,-0.07714353863947967
-0.5,0.6,-1.210111814371078,-1.387778780781445e-16,-0.05574069004386868
-0.2999999999999989,0.6,-1.225551116907005,4.397870956296401e-14,-0.03367653578102272
-0.09999999999999964,0.6,-1.233288246415209,4.081457394278231e-14,-0.01126150303161269
0.1000000000000014,0.6,-1.233288246351889,2.969846590872293e-15,0.01126150307659036
0.3000000000000007,0.6,-1.225551116890997,-1.558475570817563e-14,0.03367653584103921
0.5,0.6,-1.210111814386733,-3.275157922644211e-14,0.05574069007587892
0.700000000000001,0.6,-1.187077693520926,3.837208328860697e-14,0.07714353860490894
0.9000000000000003,0.6,-1.156686383061923,-2.912947660860254e-14,0.09750140138623955
1.100000000000001,0.6,-1.11935621768072,3.358424649491098e-15,0.1163933489365583
1.3,0.6,-1.075702521360453,1.693090112553363e-15,0.1334267155504433
1.5,0.6,-1.02650777437821,1.346145417358002e-15,0.1483056755090931
1.700000000000001,0.6,-0.9726547967972953,-2.046973701652632e-15,0.1608760439910891
1.9,0.6,-0.9150468823432074,6.473988012345444e-15,0.1711331168434571
2.100000000000001,0.6,-0.8545394490159992,6.50868248186498e-15,0.1791973965761758
2.3,0.6,-0.7918968279981767,3.42781358853017e-15,0.1852743695879763
2.5,0.6,-0.7277743914746621,-1.047772979489991e-15,0.1896150053231988
2.700000000000001,0.6,-0.6627177305662518,-4.964778588245621e-15,0.1924866967152902
2.9,0.6,-0.5971691919094521,-6.324801793411438e-15,0.1941561213240801
3.100000000000001,0.6,-0.5314754330108113,2.994132719535969e-15,0.1948803346149722
3.3,0.6,-0.4658940699537104,4.371503159461553e-16,0.1949014304026829
3.5,0.6,-0.400600287339901,-1.257674520083185e-16,0.1944418815478554
3.700000000000001,0.6,-0.3356948142004889,2.609891469607106e-15,0.1936999189412813
3.9,0.6,-0.2712138110082669,5.807427292964934e-15,0.1928456135500843
4.100000000000001,0.6,-0.2071402043750006,1.861358289723114e-15,0.1920184394826401
4.3,0.6,-0.1434154818699852,-5.821731985378164e-15,0.1913265694762805
4.5,0.6,-0.07995101730043467,-2.019218126037003e-15,0.1908475693588129
4.700000000000001,0.6,-0.01663838550694556,-2.47718512369488e-15,0.1906297951946429
4.9,0.6,0.04664140400824745,-3.559652572704408e-15,0.190693744288407
5.100000000000001,0.6,0.1100094247503253,-1.817990202823693e-15,0.1910327614229979
5.3,0.6,0.173580519127464,1.873501354054951e-15,0.1916128293056185
5.5,0.6,0.2374545221085035,-4.510281037539698e-16,0.1923715319991029
5.700000000000001,0.6,0.3017065409731226,-6.106226635438361e-16,0.1932166446794091
5.9,0.6,0.3663761549049416,4.038436252074006e-15,0.1940250467027758
6.100000000000001,0.6,0.4314558382970328,-6.314393452555577e-15,0.1946427107873329
6.3,0.6,0.4968793778625567,-1.838806884535415e-15,0.1948863106620197
6.5,0.6,0.5625112950383486,-1.380839886877538e-15,0.1945464932533914
6.699999999999999,0.6,0.6281380795648567,1.804112415015879e-16,0.1933922400268064
6.900000000000002,0.6,0.6934612155550679,-4.093947403305264e-16,0.1911754411979172
7.100000000000001,0.6,0.7580909014162516,-1.089406342913434e-15,0.1876354761732348
7.3,0.6,0.8215390294519386,-3.580469254416129e-15,0.182505471996336
7.5,0.6,0.8832115890657207,-5.97091820431217e-15,0.1755241890494121
7.699999999999999,0.6,0.9424044638977309,3.920475055707584e-16,0.1664581789598408
7.900000000000002,0.6,0.9983108887754723,5.898059818321144e-15,0.1551358775821499
8.100000000000001,0.6,1.050050228583404,-7.788908407135863e-15,0.1414882948665602
8.3,0.6,1.096722809758784,1.996319776154109e-14,0.1255827943943369
8.5,0.6,1.137484037159194,7.580741590018647e-15,0.1076328203816328
8.699999999999999,0.6,1.171618090640185,4.100192407818781e-14,0.08797270250897626
8.900000000000002,0.6,1.198586384209279,-2.767577833573398e-14,0.0670023880723065
9.100000000000001,0.6,1.218035045611964,-3.835126660689525e-14,0.04512318960814354
9.3,0.6,1.229764823506739,-1.918604164430348e-14,0.022690701351986
9.5,0.6,1.233683526461978,-5.796751967324098e-14,1.305293790686279e-6
-9.5,0.7000000000000001,1.246014848146933,7.316369732279781e-14,-1.49403724556546e-6
-9.3,0.7000000000000001,1.242031839746037,-8.641004578535671e-14,-0.02663955848141615
-9.099999999999999,0.7000000000000001,1.230096027692405,2.979907987032959e-14,-0.0529997104962523
-8.9,0.7000000000000001,1.210266382607684,-6.003877950355729e-14,-0.07874674924359034
-8.699999999999999,0.7000000000000001,1.182705375922917,-3.881964194540898e-14,-0.1034575160505659
-8.5,0.7000000000000001,1.147748348766563,1.420044637434614e-14,-0.1266366147937871
-8.3,0.7000000000000001,1.105950717503604,8.364836601160163e-15,-0.1477806227496796
-8.099999999999999,0.7000000000000001,1.058083354959675,1.312491781924052e-14,-0.1664676586596562
-7.9,0.7000000000000001,1.00507091211655,-9.253015020860289e-15,-0.1824337094606595
-7.7,0.7000000000000001,0.9478965870687016,1.057140486260266e-14,-0.1956049937917886
-7.5,0.7000000000000001,0.8875093990192426,4.86763407359092e-15,-0.2060808588167917
-7.299999999999999,0.7000000000000001,0.8247607068373143,-3.910066714851723e-15,-0.2140849274882932
-7.099999999999999,0.7000000000000001,0.7603767823310064,-4.014150123410331e-15,-0.2199099128789872
-6.9,0.7000000000000001,0.6949581587745972,2.442490654175344e-15,-0.2238745034572818
-6.699999999999999,0.7000000000000001,0.6289910004259152,-2.22738494315422e-15,-0.2262980902351635
-6.5,0.7000000000000001,0.5628592447118505,-1.755540157688528e-15,-0.227489292633958
-6.299999999999999,0.7000000000000001,0.4968532323752087,4.093947403305264e-16,-0.2277408369994153
-6.099999999999999,0.7000000000000001,0.431175956325939,-1.269817584415022e-15,-0.227325232383471
-5.9,0.7000000000000001,0.3659498164755409,6.661338147750939e-16,-0.2264894264463167
-5.699999999999999,0.7000000000000001,0.3012257032975383,-5.065392549852276e-16,-0.2254493111013841
-5.5,0.7000000000000001,0.2369944423068923,-1.706967900361178e-15,-0.224385612313561
-5.299999999999999,0.7000000000000001,0.1731993963478908,-7.445433158892456e-15,-0.2234420496872127
-5.099999999999999,0.7000000000000001,0.1097488506855722,-2.838007606698056e-15,-0.2227256582263848
-4.899999999999999,0.7000000000000001,0.04652720851283975,-2.081668171172168e-17,-0.2223084880972734
-4.699999999999999,0.7000000000000001,-0.01659533783833551,1.706967900361178e-15,-0.2222296525690619
-4.5,0.7000000000000001,-0.07975442556641256,2.838007606698056e-15,-0.2224967980338934
-4.299999999999999,0.7000000000000001,-0.1430837653460215,-1.467576060676378e-15,-0.2230864095477144
-4.099999999999999,0.7000000000000001,-0.2067071611369894,-1.543903893619358e-16,-0.2239428198826505
-3.899999999999999,0.7000000000000001,-0.2707295202900348,1.645818897832995e-16,-0.2249762891612728
-3.699999999999999,0.7000000000000001,-0.3352263735747673,-2.607289384393141e-15,-0.2260609394102681
-3.5,0.7000000000000001,-0.4002319311744171,2.687086664288074e-15,-0.2270335523678777
-3.299999999999999,0.7000000000000001,-0.4657263357629503,6.284903153463972e-15,-0.227694194058913
-3.099999999999999,0.7000000000000001,-0.531623321256666,1.710437347313131e-15,-0.2278091813415769
-2.899999999999999,0.7000000000000001,-0.5977596715753794,-2.609024107869117e-15,-0.2271160330792776
-2.699999999999999,0.7000000000000001,-0.6638871961987717,1.602884491802569e-15,-0.2253291283509036
-2.5,0.7000000000000001,-0.7296663297857572,-1.27745036770932e-14,-0.2221446806181327
-2.299999999999999,0.7000000000000001,-0.7946588166553685,6.938893903907228e-16,-0.2172453078550615
-2.099999999999999,0.7000000000000001,-0.8583170770411666,9.478529072737274e-15,-0.2103079376217926
-1.899999999999999,0.7000000000000001,-0.9199715246807729,-2.060851489460446e-15,-0.2010220339609415
-1.699999999999999,0.7000000000000001,-0.9788237653549409,2.983724378680108e-16,-0.1891247184086782
-1.5,0.7000000000000001,-1.033959644133817,-1.720845688168992e-15,-0.1744525977995495
-1.299999999999998,0.7000000000000001,-1.084395768301093,1.532107773982716e-14,-0.1569980444501683
-1.099999999999999,0.7000000000000001,-1.12916225419284,1.099120794378905e-14,-0.1369462994572528
-0.9000000000000003,0.7000000000000001,-1.167404852194547,-2.11219930434936e-14,-0.1146686631945945
-0.6999999999999992,0.7000000000000001,-1.198472103258763,2.030320356283255e-14,-0.09066260645676085
-0.5,0.7000000000000001,-1.221952379386282,5.632994071191888e-14,-0.06545669928405609
-0.2999999999999989,0.7000000000000001,-1.237646907043529,7.181755190543981e-14,-0.03951938986598217
-0.09999999999999964,0.7000000000000001,-1.245495906390564,-2.405020627094245e-14,-0.01321012346967238
0.1000000000000014,0.7000000000000001,-1.245495906469687,-1.354472090042691e-14,0.01321012348923592
0.3000000000000007,0.7000000000000001,-1.237646907072769,7.495393195000588e-14,0.03951938994036713
0.5,0.7000000000000001,-1.221952379434733,6.677991493120316e-14,0.06545669929887454
0.700000000000001,0.7000000000000001,-1.198472103175574,-6.090961068849765e-14,0.09066260640304793
0.9000000000000003,0.7000000000000001,-1.167404852217544,-2.09277040141842e-14,0.1146686632808849
1.100000000000001,0.7000000000000001,-1.129162254267546,-1.378064329315975e-14,0.1369462995145628
1.3,0.7000000000000001,-1.084395768232172,-4.489464355827976e-15,0.1569980444930935
1.5,0.7000000000000001,-1.033959643891363,3.698430450782552e-15,0.1744525979222858
1.700000000000001,0.7000000000000001,-0.978823765199033,-2.567390744445674e-16,0.1891247182890844
1.9,0.7000000000000001,-0.9199715246469195,2.137179322403426e-15,0.2010220341129507
2.100000000000001,0.7000000000000001,-0.8583170771533843,-4.926614671774132e-16,0.2103079375154313
2.3,0.7000000000000001,-0.794658816416276,-2.955968803064479e-15,0.2172453077963382
2.5,0.7000000000000001,-0.7296663299304115,1.264266469291897e-14,0.2221446804585467
2.700000000000001,0.7000000000000001,-0.6638871961613965,-2.386979502944086e-15,0.2253291282201153
2.9,0.7000000000000001,-0.5977596716391505,-3.105155021998484e-15,0.2271160332060061
3.100000000000001,0.7000000000000001,-0.5316233210765961,2.619432448724978e-15,0.2278091813069081
3.3,0.7000000000000001,-0.4657263360323665,-7.858297346174936e-16,0.2276941940328157
3.5,0.7000000000000001,-0.4002319309177921,1.927277781810232e-15,0.227033552351301
3.700000000000001,0.7000000000000001,-0.335226373439614,-7.836613302725226e-16,0.2260609394107953
3.9,0.7000000000000001,-0.2707295201868491,-2.777509125473365e-15,0.2249762893344142
4.100000000000001,0.7000000000000001,-0.2067071610273602,6.824402154492759e-15,0.2239428197935211
4.3,0.7000000000000001,-0.1430837651726865,-3.271688475692258e-15,0.2230864096508925
4.5,0.7000000000000001,-0.07975442565317653,1.505739977147868e-15,0.2224967979180496
4.700000000000001,0.7000000000000001,-0.01659533766099974,-4.787836793695987e-16,0.2222296525528398
4.9,0.7000000000000001,0.04652720857433241,6.730727086790011e-16,0.2223084882932219
5.100000000000001,0.7000000000000001,0.1097488507192201,2.782496455466798e-15,0.2227256582449846
5.3,0.7000000000000001,0.1731993964563536,1.65145674912992e-15,0.2234420496240388
5.5,0.7000000000000001,0.2369944422102469,1.07552855510562e-15,0.2243856123704532
5.700000000000001,0.7000000000000001,0.3012257031245904,7.466249840604177e-15,0.2254493111351268
5.9,0.7000000000000001,0.3659498165391642,5.287437154777308e-15,0.2264894263138758
6.100000000000001,0.7000000000000001,0.4311759563284247,-1.484923295436146e-15,0.2273252321379648
6.3,0.7000000000000001,0.4968532321721456,3.962108419131027e-15,0.2277408367734056
6.5,0.7000000000000001,0.5628592447209936,1.873501354054951e-15,0.2274892927764949
6.699999999999999,0.7000000000000001,0.628991000528817,-6.987466161234579e-15,0.2262980902509167
6.900000000000002,0.7000000000000001,0.6949581587414013,6.314393452555577e-16,0.2238745032834969
7.100000000000001,0.7000000000000001,0.7603767823472567,-3.039235529911366e-15,0.2199099127310537
7.3,0.7000000000000001,0.8247607067198048,-1.793704074160018e-15,0.2140849274123465
7.5,0.7000000000000001,0.8875093989760988,-2.789435349370705e-15,0.2060808587875956
7.699999999999999,0.7000000000000001,0.9478965870439665,6.83481049534862e-16,0.1956049938470254
7.900000000000002,0.7000000000000001,1.005070912255958,6.331740687315345e-15,0.1824337094761647
8.100000000000001,0.7000000000000001,1.058083354884908,1.4210854715202e-14,0.1664676587234698
8.3,0.7000000000000001,1.10595071744918,3.016684124723667e-14,0.1477806228519721
8.5,0.7000000000000001,1.14774834867994,1.060262988517024e-14,0.1266366147857639
8.699999999999999,0.7000000000000001,1.182705375982244,-1.499841917329547e-14,0.1034575159442952
8.900000000000002,0.7000000000000001,1.21026638267162,-4.29170587956662e-15,0.07874674918583139
9.100000000000001,0.7000000000000001,1.230096027602339,1.287858708565181e-14,0.05299971047219964
9.3,0.7000000000000001,1.242031839767262,3.315403507286873e-14,0.02663955853816592
9.5,0.7000000000000001,1.246014848127782,-9.298811720626076e-14,1.493930293857553e-6
-9.5,0.8000000000000002,1.260328839736064,2.833150380965321e-14,-1.66926796848002e-6
-9.3,0.8000000000000002,1.256279273284114,-1.478435429635993e-13,-0.030655577552162
-9.099999999999999,0.8000000000000002,1.244125041941605,-8.795048023202412e-14,-0.06102571990998308
-8.9,0.8000000000000002,1.223876883726215,6.973935318121959e-14,-0.09074641866925632
-8.699999999999999,0.8000000000000002,1.195641989503408,-8.959152864029817e-14,-0.1193231391690085
-8.5,0.8000000000000002,1.15972432487031,7.411779523458506e-14,-0.1461496740159401
-8.3,0.8000000000000002,1.116697002848756,-4.822531263215523e-15,-0.1705955533103988
-8.099999999999999,0.8000000000000002,1.067401985817924,-2.963948531053972e-14,-0.1921313067545469
-7.9,0.8000000000000002,1.0128688118754,1.832561880021899e-14,-0.2104340631328404
-7.7,0.8000000000000002,0.954188148226708,7.799316747991724e-15,-0.2254283869285354
-7.5,0.8000000000000002,0.8923934669216014,-3.854555563620465e-15,-0.237256900660447
-7.299999999999999,0.8000000000000002,0.8283873362026967,3.382710778154773e-15,-0.2462095817580826
-7.099999999999999,0.8000000000000002,0.7629179620224937,5.058453655948369e-15,-0.2526493321803439
-6.9,0.8000000000000002,0.6965892798150329,1.963706974805745e-15,-0.2569584879529267
-6.699999999999999,0.8000000000000002,0.6298823917187672,3.115563362854345e-15,-0.2595116249108362
-6.5,0.8000000000000002,0.5631732699638643,4.024558464266192e-16,-0.2606665002283171
-6.299999999999999,0.8000000000000002,0.4967426117460369,1.519617764955683e-15,-0.2607615030005914
-6.099999999999999,0.8000000000000002,0.4307812630537708,-9.089951014118469e-16,-0.2601120037029818
-5.9,0.8000000000000002,0.3653962653588269,2.15105711021124e-15,-0.259003969413574
-5.699999999999999,0.8000000000000002,0.3006202985313957,-6.404599073306371e-15,-0.2576869078954511
-5.5,0.8000000000000002,0.2364242991260135,1.422473250300981e-15,-0.2563687008246684
-5.299999999999999,0.8000000000000002,0.1727314489859395,-4.232725281383409e-16,-0.2552135654576268
-5.099999999999999,0.8000000000000002,0.1094306183849658,5.044575868140555e-15,-0.2543428949139385
-4.899999999999999,0.8000000000000002,0.04638803857283006,-1.644517855226013e-15,-0.2538378358700618
-4.699999999999999,0.8000000000000002,-0.01654314170708817,3.330669073875469e-15,-0.2537422133646143
-4.5,0.8000000000000002,-0.07951503984285443,-1.380839886877538e-15,-0.2540645875798457
-4.299999999999999,0.8000000000000002,-0.1426780597132901,1.536964999715451e-15,-0.2547786828814151
-4.099999999999999,0.8000000000000002,-0.2061736198376869,-2.949029909160572e-16,-0.2558220206009104
-3.899999999999999,0.8000000000000002,-0.270125529513437,3.660266534311063e-15,-0.2570932312610297
-3.699999999999999,0.8000000000000002,-0.3346293385894323,-1.08073272553355e-15,-0.2584490593130199
-3.5,0.8000000000000002,-0.3997396175970033,-5.290906601729261e-17,-0.2597023986446931
-3.299999999999999,0.8000000000000002,-0.4654559339668538,-2.236058560534104e-15,-0.2606227014004025
-3.099999999999999,0.8000000000000002,-0.5317091394474824,-3.946495907847236e-15,-0.2609395562004348
-2.899999999999999,0.8000000000000002,-0.5983499698560453,1.009956007713697e-14,-0.2603490091938501
-2.699999999999999,0.8000000000000002,-0.6651411787774521,6.765421556309547e-16,-0.2585206620630148
-2.5,0.8000000000000002,-0.7317520349963719,-2.171873791922962e-15,-0.2551029414303877
-2.299999999999999,0.8000000000000002,-0.7977510330100461,-2.060851489460446e-15,-0.2497259692750559
-2.099999999999999,0.8000000000000002,-0.8625919595447864,-2.130240428499519e-15,-0.2420066185469735
-1.899999999999999,0.8000000000000002,-0.9255930649157349,1.283695372222837e-15,-0.2315660149062597
-1.699999999999999,0.8000000000000002,-0.9859189870386647,-1.294797602469088e-14,-0.2180706058233851
-1.5,0.8000000000000002,-1.042585265553229,-7.049916206369744e-15,-0.201299394510591
-1.299999999999998,0.8000000000000002,-1.094507245285186,1.179611963664228e-16,-0.1812224633368913
-1.099999999999999,0.8000000000000002,-1.14060147516972,-5.179884299266746e-14,-0.1580575796901846
-0.9000000000000003,0.8000000000000002,-1.179919177520774,-5.186129303780262e-14,-0.1322670566262812
-0.6999999999999992,0.8000000000000002,-1.211763195194732,-1.929012505286209e-14,-0.1044781268225953
-0.5,0.8000000000000002,-1.235736005853682,1.030425744730223e-13,-0.07535095111285622
-0.2999999999999989,0.8000000000000002,-1.251697422967848,-2.144118216307333e-14,-0.04545143236564365
-0.09999999999999964,0.8000000000000002,-1.25965715675622,-8.065770273901762e-14,-0.01518502972679996
0.1000000000000014,0.8000000000000002,-1.259657156743437,-8.940070905794073e-14,0.01518502973537252
0.3000000000000007,0.8000000000000002,-1.251697423020608,-2.760291994974295e-14,0.04545143248019516
0.5,0.8000000000000002,-1.2357360058932,-9.992007221626408e-16,0.07535095109487063
0.700000000000001,0.8000000000000002,-1.211763195084394,-6.993017276357704e-14,0.1044781267545334
0.9000000000000003,0.8000000000000002,-1.179919177367276,-4.91551244152788e-14,0.1322670568096847
1.100000000000001,0.8000000000000002,-1.140601475230104,4.237582507116144e-14,0.1580575796089885
1.3,0.8000000000000002,-1.094507245471534,-1.214306433183765e-15,0.1812224634471471
1.5,0.8000000000000002,-1.042585265622724,6.127043317150082e-15,0.2012993943930769
1.700000000000001,0.8000000000000002,-0.9859189870507749,4.024558464266192e-15,0.2180706057262739
1.9,0.8000000000000002,-0.9255930647236085,-6.772360450213454e-15,0.2315660149647194
2.100000000000001,0.8000000000000002,-0.8625919595182992,-1.547373340571311e-15,0.2420066184617352
2.3,0.8000000000000002,-0.7977510330250212,-7.126244039312723e-15,0.2497259692992945
2.5,0.8000000000000002,-0.7317520350388649,-2.22738494315422e-15,0.255102941556327
2.700000000000001,0.8000000000000002,-0.6651411787938086,6.925016116099413e-15,0.2585206622829023
2.9,0.8000000000000002,-0.5983499698399582,2.213507155346405e-15,0.2603490092483962
3.100000000000001,0.8000000000000002,-0.5317091396324445,-6.5520505687644e-15,0.2609395559479111
3.3,0.8000000000000002,-0.4654559342069831,-1.57512891618694e-15,0.2606227012794449
3.5,0.8000000000000002,-0.3997396176082399,4.935288289154016e-16,0.2597023986577204
3.700000000000001,0.8000000000000002,-0.3346293386321859,6.357761539454998e-16,0.2584490593064015
3.9,0.8000000000000002,-0.2701255293090936,-2.592544234847338e-15,0.2570932312224609
4.100000000000001,0.8000000000000002,-0.2061736201189642,-6.536438057480609e-15,0.2558220204142593
4.3,0.8000000000000002,-0.1426780599872931,2.074729277268261e-15,0.2547786829024578
4.5,0.8000000000000002,-0.07951504005966185,7.0082828429463e-16,0.2540645876163541
4.700000000000001,0.8000000000000002,-0.01654314195444237,2.130240428499519e-15,0.2537422133548106
4.9,0.8000000000000002,0.04638803859328317,2.567390744445674e-16,0.253837835906133
5.100000000000001,0.8000000000000002,0.1094306182061799,2.914335439641035e-16,0.254342895019267
5.3,0.8000000000000002,0.1727314491559719,2.137179322403426e-15,0.2552135654382971
5.5,0.8000000000000002,0.2364242991255869,-1.249000902703301e-16,0.2563687007287618
5.700000000000001,0.8000000000000002,0.3006202987037177,-3.497202527569243e-15,0.2576869077402069
5.9,0.8000000000000002,0.3653962653879926,3.5527136788005e-15,0.2590039693257554
6.100000000000001,0.8000000000000002,0.4307812630799761,2.685351940812097e-15,0.2601120035921294
6.3,0.8000000000000002,0.4967426118238622,-4.78089789979208e-15,0.2607615028486332
6.5,0.8000000000000002,0.5631732700470477,-1.734723475976807e-16,0.2606665002513898
6.699999999999999,0.8000000000000002,0.6298823918101448,-1.804112415015879e-16,0.259511624968139
6.900000000000002,0.8000000000000002,0.6965892798293351,-6.453171330633722e-16,0.2569584879516066
7.100000000000001,0.8000000000000002,0.7629179620281136,-4.739264536368637e-15,0.2526493322876943
7.3,0.8000000000000002,0.8283873361991891,7.410738689372919e-15,0.2462095816612554
7.5,0.8000000000000002,0.8923934670016644,-2.057382042508493e-15,0.2372569006613107
7.699999999999999,0.8000000000000002,0.9541881480794892,-1.573047248015768e-14,0.2254283868603944
7.900000000000002,0.8000000000000002,1.012868811984002,2.554553790723446e-14,0.2104340628611413
8.100000000000001,0.8000000000000002,1.067401985919395,-3.301178774783863e-14,0.192131306553248
8.3,0.8000000000000002,1.11669700272643,6.442762989777861e-15,0.170595553441825
8.5,0.8000000000000002,1.159724324786027,1.778091562876227e-14,0.1461496740947102
8.699999999999999,0.8000000000000002,1.195641989539031,5.120903701083534e-14,0.1193231391314393
8.900000000000002,0.8000000000000002,1.223876883767307,4.952635523913784e-14,0.0907464185186976
9.100000000000001,0.8000000000000002,1.244125041862893,1.538352778496232e-14,0.06102571993656467
9.3,0.8000000000000002,1.256279273199119,-1.16379128556332e-13,0.03065557761750527
9.5,0.8000000000000002,1.260328839798915,1.07032438467769e-14,1.669396052138283e-6
-9.5,0.9000000000000003,1.27665408586697,-2.021195710799617e-13,-1.829542530636801e-6
-9.3,0.9000000000000003,1.272540710208334,1.40835260120653e-13,-0.03473921859396572
-9.099999999999999,0.9000000000000003,1.26016868521491,2.000309640148856e-13,-0.0692085669054159
-8.9,0.9000000000000003,1.239479663796441,-1.231341417717857e-13,-0.1030264499978654
-8.699999999999999,0.9000000000000003,1.210498821740147,6.072226055309215e-14,-0.1356229333109226
-8.5,0.9000000000000003,1.173479079196577,9.379996779301791e-14,-0.1662581942653013
-8.3,0.9000000000000003,1.129010883476309,-1.453698272868564e-14,-0.1941416221450498
-8.099999999999999,0.9000000000000003,1.078028572821196,2.670433318918696e-14,-0.2186083441642666
-7.9,0.9000000000000003,1.021699715204661,-3.516631430500183e-14,-0.2392662179464284
-7.7,0.9000000000000003,0.9612530747249739,2.579533808777512e-14,-0.256046307090991
-7.5,0.9000000000000003,0.8978251714884325,-6.113165529342268e-15,-0.2691532287838826
-7.299999999999999,0.9000000000000003,0.8323752021511206,2.792904796322659e-15,-0.278962590186078
-7.099999999999999,0.9000000000000003,0.7656702050098498,1.292022044907525e-14,-0.2859209812219188
-6.9,0.9000000000000003,0.6983117922721943,5.506012312750385e-15,-0.2904809489461201
-6.699999999999999,0.9000000000000003,0.630771509134078,-4.087008509401357e-15,-0.2930742020955102
-6.5,0.9000000000000003,0.5634150286188707,-1.096345236817342e-15,-0.2941080816762867
-6.299999999999999,0.9000000000000003,0.496512208933004,-1.408595462493167e-15,-0.2939675310932343
-6.099999999999999,0.9000000000000003,0.4302403103727021,-4.773959005888173e-15,-0.2930124521439893
-5.9,0.9000000000000003,0.3646886547771103,1.124100812432971e-15,-0.2915696703017496
-5.699999999999999,0.9000000000000003,0.2998685013516545,-9.089951014118469e-16,-0.2899236372067861
-5.5,0.9000000000000003,0.2357273494629058,1.706967900361178e-15,-0.2883098914482374
-5.299999999999999,0.9000000000000003,0.1721648088758017,-1.935951399190116e-15,-0.2869129060640631
-5.099999999999999,0.9000000000000003,0.1090474076660639,2.192690473634684e-15,-0.2858677504583008
-4.899999999999999,0.9000000000000003,0.04622082707739035,-6.50868248186498e-15,-0.28526390502082
-4.699999999999999,0.9000000000000003,-0.01648075793944937,-2.484124017598787e-15,-0.2851493711710574
-4.5,0.9000000000000003,-0.07922765851052336,3.025357742103551e-15,-0.2855335126382405
-4.299999999999999,0.9000000000000003,-0.1421887625143529,-4.322930902134203e-15,-0.2863876460601107
-4.099999999999999,0.9000000000000003,-0.2055252407936321,-1.028691021254246e-15,-0.287643181343891
-3.899999999999999,0.9000000000000003,-0.2693824639539489,-9.289444213855802e-16,-0.2891879047723557
-3.699999999999999,0.9000000000000003,-0.3338792031613758,1.583802533566824e-15,-0.2908617092644678
-3.5,0.9000000000000003,-0.3990939351259625,-2.826948744538704e-15,-0.2924535212126512
-3.299999999999999,0.9000000000000003,-0.4650491376857386,2.914335439641035e-16,-0.2937012744131134
-3.099999999999999,0.9000000000000003,-0.5316956662331342,-3.429548312006147e-15,-0.2942961895080964
-2.899999999999999,0.9000000000000003,-0.5989001419133763,5.741934705483231e-15,-0.2938909827163857
-2.699999999999999,0.9000000000000003,-0.6664375155169166,3.132910597614113e-15,-0.2921091224287885
-2.5,0.9000000000000003,-0.7339875502792988,-6.602357549567727e-15,-0.2885506328008625
-2.299999999999999,0.9000000000000003,-0.8011289223832738,3.670674875166923e-15,-0.282792145414747
-2.099999999999999,0.9000000000000003,-0.8673222062551937,-4.198030811863873e-15,-0.274386412344028
-1.899999999999999,0.9000000000000003,-0.9318785104396194,5.440092820663267e-15,-0.2628760413766647
-1.699999999999999,0.9000000000000003,-0.9939249470397221,-1.838112995145024e-14,-0.2478396096097352
-1.5,0.9000000000000003,-1.052394735698811,-2.126077092157174e-14,-0.2289779815776492
-1.299999999999998,0.9000000000000003,-1.106076027041715,-8.743006318923107e-15,-0.20622374729063
-1.099999999999999,0.9000000000000003,-1.15373704995019,4.286848653833885e-14,-0.1798275388432819
-0.9000000000000003,0.9000000000000003,-1.194303792002959,-3.611000387593321e-14,-0.1503633580549582
-0.6999999999999992,0.9000000000000003,-1.227020908123081,-9.103828801926283e-14,-0.118622953549399
-0.5,0.9000000000000003,-1.251516518990126,1.556949014158703e-13,-0.08543155735786167
-0.2999999999999989,0.9000000000000003,-1.267737727744902,1.471878174896801e-13,-0.05146971083900159
-0.09999999999999964,0.9000000000000003,-1.275794885120705,1.503658308976696e-13,-0.01718375670436424
0.1000000000000014,0.9000000000000003,-1.275794885094323,2.58265631103427e-14,0.01718375675156774
0.3000000000000007,0.9000000000000003,-1.2677377276542,-1.869338017712607e-13,0.05146971083701716
0.5,0.9000000000000003,-1.25151651891453,9.531264666406968e-14,0.08543155733800801
0.700000000000001,0.9000000000000003,-1.227020908176703,1.706967900361178e-15,0.1186229535644508
0.9000000000000003,0.9000000000000003,-1.194303791945731,4.952288579218588e-14,0.1503633579576303
1.100000000000001,0.9000000000000003,-1.153737049871971,-2.949723798550962e-14,0.1798275388868219
1.3,0.9000000000000003,-1.106076027049184,2.072647609097089e-14,0.2062237473476122
1.5,0.9000000000000003,-1.052394735640835,-1.516148318003729e-14,0.2289779814313725
1.700000000000001,0.9000000000000003,-0.9939249468452753,-9.8879238130678e-15,0.247839609570446
1.9,0.9000000000000003,-0.9318785101887705,2.081668171172168e-15,0.2628760414547975
2.100000000000001,0.9000000000000003,-0.8673222061729033,-6.911138328291599e-15,0.2743864123373671
2.3,0.9000000000000003,-0.8011289224430124,-2.470246229790973e-15,0.282792145207112
2.5,0.9000000000000003,-0.7339875504226596,5.977857098216077e-15,0.2885506330932409
2.700000000000001,0.9000000000000003,-0.6664375156517696,-2.504940699310509e-15,0.292109122195738
2.9,0.9000000000000003,-0.5989001419908478,-3.618633170887619e-15,0.2938909826264685
3.100000000000001,0.9000000000000003,-0.5316956661856421,7.632783294297951e-16,0.2942961893891903
3.3,0.9000000000000003,-0.465049137942699,-1.522219850169648e-15,0.2937012744991702
3.5,0.9000000000000003,-0.399093935160569,2.272487753529617e-16,0.2924535214007895
3.700000000000001,0.9000000000000003,-0.3338792029917144,1.136243876764808e-16,0.2908617092638532
3.9,0.9000000000000003,-0.2693824640062712,-6.080205783298708e-16,0.289187904808242
4.100000000000001,0.9000000000000003,-0.2055252407587148,-2.126770981547565e-15,0.2876431814946105
4.3,0.9000000000000003,-0.1421887627655747,-2.310651670001107e-15,0.2863876461497577
4.5,0.9000000000000003,-0.07922765830934969,1.609823385706477e-15,0.2855335124165287
4.700000000000001,0.9000000000000003,-0.01648075772764061,-5.828670879282071e-16,0.2851493712225353
4.9,0.9000000000000003,0.04622082719219852,-4.309053114326388e-15,0.2852639049868914
5.100000000000001,0.9000000000000003,0.1090474076192025,-1.658395643033827e-15,0.2858677503776363
5.3,0.9000000000000003,0.1721648088245761,-2.095545958979983e-15,0.286912906127036
5.5,0.9000000000000003,0.2357273494210587,4.593547764386585e-15,0.2883098913213103
5.700000000000001,0.9000000000000003,0.299868501374381,5.898059818321144e-15,0.2899236369775758
5.9,0.9000000000000003,0.3646886546067919,-6.453171330633722e-16,0.2915696702655246
6.100000000000001,0.9000000000000003,0.4302403105113312,1.873501354054951e-15,0.2930124521326174
6.3,0.9000000000000003,0.4965122086703618,-6.730727086790011e-16,0.2939675310293637
6.5,0.9000000000000003,0.5634150285388208,4.760081218080358e-15,0.2941080815485127
6.699999999999999,0.9000000000000003,0.6307715091304539,-1.672273430841642e-15,0.2930742020416725
6.900000000000002,0.9000000000000003,0.698311792088229,-2.112893193739751e-15,0.2904809489522606
7.100000000000001,0.9000000000000003,0.7656702048968169,-5.571931804837504e-15,0.2859209811144207
7.3,0.9000000000000003,0.8323752019088623,-8.392592176775792e-15,0.2789625899822512
7.5,0.9000000000000003,0.8978251716390208,-6.290107323891902e-15,0.2691532289221386
7.699999999999999,0.9000000000000003,0.9612530747449875,1.152897222134186e-14,0.2560463069735933
7.900000000000002,0.9000000000000003,1.021699715109542,1.363839596812965e-14,0.2392662178325399
8.100000000000001,0.9000000000000003,1.078028572803115,-3.841024720507846e-14,0.2186083442738547
8.3,0.9000000000000003,1.12901088332844,2.002911725362821e-14,0.194141622192858
8.5,0.9000000000000003,1.173479079233597,-1.109112801600531e-13,0.1662581944150291
8.699999999999999,0.9000000000000003,1.210498821688081,5.987571549681547e-14,0.1356229332443722
8.900000000000002,0.9000000000000003,1.239479663716886,1.495921442273839e-13,0.1030264500662643
9.100000000000001,0.9000000000000003,1.260168685244966,-1.707418928464932e-13,0.06920856703068623
9.3,0.9000000000000003,1.2725407102967,1.582518838194602e-13,0.03473921870469828
9.5,0.9000000000000003,1.27665408592186,-1.535126192830915e-13,1.829439289446899e-6
-9.5,1.,1.295016030240765,2.328762183090304e-13,-1.972455918486382e-6
-9.3,1.,1.290848600749849,3.476038901162326e-14,-0.03888516804654058
-9.099999999999999,1.,1.278277975841825,-2.14064876935538e-15,-0.07754630204422045
-8.9,1.,1.257148184928374,-9.493447694630674e-14,-0.115603468344776
-8.699999999999999,1.,1.22736396001881,-8.019626629440779e-14,-0.1524077641323437
-8.5,1.,1.189097290251041,9.332118411364831e-14,-0.1870546401609924
-8.3,1.,1.142953689682286,9.213810270303213e-14,-0.2185464941136198
-8.099999999999999,1.,1.089989090715483,5.450501161519127e-14,-0.2460441908554444
-7.9,1.,1.031554429131413,2.924396835801701e-14,-0.269073539833983
-7.7,1.,0.9690563550350496,1.521352488431659e-14,-0.2875858618740114
-7.5,1.,0.9037557655985926,6.34561847512316e-15,-0.301874955474397
-7.299999999999999,1.,0.8366714225313798,1.042915753757256e-14,-0.3124279247305217
-7.099999999999999,1.,0.7685816593457864,9.207912210484892e-15,-0.3197913655197343
-6.9,1.,0.7000764426799499,5.224987109642143e-15,-0.3244943068073902
-6.699999999999999,1.,0.6316116969662366,7.341349750333847e-15,-0.327025991207639
-6.5,1.,0.5635405330017375,7.702172233337023e-16,-0.3278426021062667
-6.299999999999999,1.,0.4961214113167583,4.558853294867049e-15,-0.3273763088572846
-6.099999999999999,1.,0.4295169502256053,2.865763182313685e-15,-0.3260336902142863
-5.9,1.,0.3637962525107204,-8.187894806610529e-16,-0.3241848724089106
-5.699999999999999,1.,0.2989455030761677,-7.91033905045424e-16,-0.3221509279006484
-5.5,1.,0.234884724872378,4.156397448440429e-15,-0.320195573264422
-5.299999999999999,1.,0.1714862180438364,-2.692290834716004e-15,-0.3185230765191181
-5.099999999999999,1.,0.1085911015007116,-2.033095913844817e-15,-0.3172811787371221
-4.899999999999999,1.,0.0460221888112724,-6.938893903907228e-18,-0.3165666268151269
-4.699999999999999,1.,-0.01640704227649758,8.965050923848139e-15,-0.3164308623384245
-4.5,1.,-0.07888653391855765,3.747002708109903e-15,-0.3168838978393282
-4.299999999999999,1.,-0.1416051940397625,-2.879640970121499e-15,-0.3178951260533531
-4.099999999999999,1.,-0.2047459399931333,2.185751579730776e-15,-0.319390807137272
-3.899999999999999,1.,-0.2684784000535025,2.897855566619256e-15,-0.3212489967763804
-3.699999999999999,1.,-0.3329480101611608,-3.061786935099064e-16,-0.3232935552002377
-3.5,1.,-0.3982611357075396,-4.278532823170921e-15,-0.3252894850719625
-3.299999999999999,1.,-0.4644671490777808,-2.444225377651321e-15,-0.3269421210339026
-3.099999999999999,1.,-0.5315401262811324,-7.062059270701581e-15,-0.3279021828587944
-2.899999999999999,1.,-0.599364405226987,-5.412337245047638e-16,-0.3277766041884137
-2.699999999999999,1.,-0.6677278283400935,-4.475586568020162e-15,-0.3261411732100686
-2.5,1.,-0.7363218513759542,4.458239333260394e-15,-0.3225476087781027
-2.299999999999999,1.,-0.8047394365160922,1.85268467234323e-15,-0.3165195565309593
-2.099999999999999,1.,-0.8724560241732149,1.318389841742373e-16,-0.3075427173063934
-1.899999999999999,1.,-0.9387849142026882,6.612765890423588e-15,-0.2950698918642598
-1.699999999999999,1.,-1.002819064231327,-3.039235529911366e-15,-0.278569770494356
-1.5,1.,-1.063397639707512,-3.066297216136604e-14,-0.2576364616752827
-1.299999999999998,1.,-1.119149635901414,6.54684639833647e-14,-0.2321418685686775
-1.099999999999999,1.,-1.168648550280631,-4.16680578929629e-14,-0.2023673229599024
-0.9000000000000003,1.,-1.210652642542075,1.540156890911248e-13,-0.1690259609698088
-0.6999999999999992,1.,-1.244331391172527,1.883215805520421e-13,-0.1331227401939196
-0.5,1.,-1.269356134476866,1.085312395510129e-13,-0.09569500500917926
-0.2999999999999989,1.,-1.285802912288475,2.682923327945729e-13,-0.05756115225621744
-0.09999999999999964,1.,-1.293926809301355,-2.570166302007237e-13,-0.01919989200300308
0.1000000000000014,1.,-1.293926809205059,1.357802759116566e-13,0.019199892076048
0.3000000000000007,1.,-1.285802912240241,-1.572353358625378e-14,0.05756115219227073
0.5,1.,-1.269356134388801,8.817252483694915e-14,0.09569500494432894
0.700000000000001,1.,-1.244331391109301,2.017344624682948e-13,0.13312274017858
0.9000000000000003,1.,-1.210652642407025,-7.188694084447888e-15,0.1690259607807406
1.100000000000001,1.,-1.16864855025212,1.115357806114047e-13,0.2023673230170142
1.3,1.,-1.119149635935125,9.249545573908335e-15,0.2321418686314686
1.5,1.,-1.063397639866863,-3.70536934468646e-14,0.2576364617570893
1.700000000000001,1.,-1.002819064224647,-1.498801083243961e-14,0.2785697705747723
1.9,1.,-0.9387849140909196,1.167815844027586e-14,0.2950698916451123
2.100000000000001,1.,-0.8724560240798516,2.074729277268261e-15,0.307542717419786
2.3,1.,-0.8047394366661689,-4.093947403305264e-16,0.3165195565217972
2.5,1.,-0.736321851358513,-2.407796184655808e-15,0.3225476088338
2.700000000000001,1.,-0.6677278286017397,3.164135620181696e-15,0.3261411732406579
2.9,1.,-0.5993644053285291,6.151329445813758e-15,0.3277766041034718
3.100000000000001,1.,-0.5315401264190926,4.947431353485853e-15,0.3279021828593532
3.3,1.,-0.464467149069228,1.718243602955027e-15,0.326942121006056
3.5,1.,-0.3982611356289831,3.00898628929902e-15,0.325289485370577
3.700000000000001,1.,-0.3329480102923748,-5.27529409044547e-15,0.3232935554071814
3.9,1.,-0.2684784002558089,-3.642919299551294e-15,0.3212489967815263
4.100000000000001,1.,-0.2047459400542273,2.345346139520643e-15,0.3193908070669332
4.3,1.,-0.1416051940478626,3.070460552478948e-15,0.3178951257875351
4.5,1.,-0.0788865337985183,8.187894806610529e-16,0.3168838977168387
4.700000000000001,1.,-0.01640704230963376,-3.469446951953614e-17,0.31643086239432
4.9,1.,0.04602218882330272,-1.582067810090848e-15,0.3165666267540818
5.100000000000001,1.,0.1085911015140077,-7.0082828429463e-16,0.3172811788442265
5.3,1.,0.1714862178522054,-4.32986979603811e-15,0.3185230764939351
5.5,1.,0.2348847247817242,4.163336342344337e-16,0.3201955734011526
5.700000000000001,1.,0.2989455032227456,-8.951173136040324e-16,0.3221509279123611
5.9,1.,0.3637962523757915,1.561251128379126e-15,0.3241848724090798
6.100000000000001,1.,0.4295169504691365,-2.407796184655808e-15,0.326033689992241
6.3,1.,0.4961214114111447,-7.271960811294775e-15,0.3273763090297849
6.5,1.,0.563540532836793,7.632783294297951e-16,0.3278426019957086
6.699999999999999,1.,0.631611697003138,1.165734175856414e-15,0.3270259911805336
6.900000000000002,1.,0.7000764424664774,8.423817199343375e-15,0.3244943069734577
7.100000000000001,1.,0.7685816594272061,1.505739977147868e-15,0.3197913658375299
7.3,1.,0.8366714226014184,-1.332961518940578e-14,0.3124279247401704
7.5,1.,0.9037557654339207,6.123573870198129e-15,0.3018749554382133
7.699999999999999,1.,0.9690563549291008,1.870031907102998e-15,0.287585861799715
7.900000000000002,1.,1.031554429151927,3.863229181000349e-14,0.2690735398209784
8.100000000000001,1.,1.08998909071067,3.093705847057037e-14,0.2460441907072827
8.3,1.,1.142953689993247,-1.429412144204889e-14,0.2185464940315324
8.5,1.,1.189097290234225,4.770489558936219e-15,0.1870546403106671
8.699999999999999,1.,1.227363959932589,-4.720182578132892e-14,0.152407764033998
8.900000000000002,1.,1.257148184889428,-6.152717224594539e-14,0.1156034683644416
9.100000000000001,1.,1.278277975866478,9.157258284986369e-14,0.07754630207769008
9.3,1.,1.290848600690722,-2.416677968852809e-13,0.0388851681396509
9.5,1.,1.295016030379436,-8.876580026573321e-14,1.97248555441204e-6
-9.5,1.1,1.315432827093585,3.524645852959196e-13,-2.096523905155411e-6
-9.3,1.1,1.311230730807776,4.338439330009435e-13,-0.04308005492939923
-9.099999999999999,1.1,1.298506841555377,4.063520353536631e-13,-0.08602359210354443
-8.9,1.1,1.276969267284192,1.532281246330313e-13,-0.1284813565942228
-8.699999999999999,1.1,1.246347226067968,8.914743943044811e-14,-0.1697238619886404
-8.5,1.1,1.206686345012654,-3.063521658575041e-14,-0.2086393180616644
-8.3,1.1,1.15860191222178,6.229045057537518e-14,-0.2439560035856125
-8.099999999999999,1.1,1.103312855403487,9.899372988009247e-14,-0.2746057043592842
-7.9,1.1,1.042416895144057,-2.490022077417108e-14,-0.3000170694068248
-7.7,1.1,0.9775508614178474,-5.257599910990506e-14,-0.320184673883482
-7.5,1.1,0.9101239190630495,-1.703845398104419e-14,-0.3355310554411397
-7.299999999999999,1.1,0.8412126838155371,-5.131312041939395e-15,-0.3466893646164057
-7.099999999999999,1.1,0.7715925165904327,4.007211229506424e-15,-0.3543253691190016
-6.9,1.1,0.7018275537034719,-7.771561172376095e-15,-0.3590494027158424
-6.699999999999999,1.1,0.6323503844946024,1.307634556191317e-14,-0.3614058413547926
-6.5,1.1,0.5634999597048108,6.862566070964248e-15,-0.3618971347942461
-6.299999999999999,1.1,0.4955240177898109,7.78543896018391e-15,-0.3610031633460985
-6.099999999999999,1.1,0.4285700810650977,-7.979727989493312e-16,-0.3591801318555138
-5.9,1.1,0.362684312587845,4.239664175287316e-15,-0.356844791550933
-5.699999999999999,1.1,0.2978235109889119,3.073929999430902e-15,-0.3543569585249977
-5.5,1.1,0.2338755199424397,1.984523656517467e-15,-0.3520090137963448
-5.299999999999999,1.1,0.1706811509023511,-2.567390744445674e-15,-0.3500242232661195
-5.099999999999999,1.1,0.1080528931331599,-2.969846590872293e-15,-0.3485615540930651
-4.899999999999999,1.1,0.04578847182704856,-3.996802888650563e-15,-0.3477235431295326
-4.699999999999999,1.1,-0.01632076707470092,-2.338407245616736e-15,-0.3475640731280925
-4.5,1.1,-0.07848545849746578,2.914335439641035e-16,-0.3480935943576214
-4.299999999999999,1.1,-0.1409157199247818,-1.301042606982605e-15,-0.3492802249237674
-4.099999999999999,1.1,-0.2038180057588543,-2.307182223049153e-16,-0.3510463869367169
-3.899999999999999,1.1,-0.2673889177723052,3.598683850913886e-15,-0.3532619621537276
-3.699999999999999,1.1,-0.3318042958882241,-1.150989026310611e-15,-0.355736011046749
-3.5,1.1,-0.3972029420670855,1.405234435758462e-15,-0.3582098707606431
-3.299999999999999,1.1,-0.4636658161125061,6.505213034913026e-17,-0.3603550167811014
-3.099999999999999,1.1,-0.5311939361255922,-3.157196726277788e-15,-0.3617788535282497
-2.899999999999999,1.1,-0.5996910343731083,-1.970645868709652e-15,-0.3620391494464465
-2.699999999999999,1.1,-0.6689575619792418,-7.483597075363945e-15,-0.3606620483693213
-2.5,1.1,-0.7386967438459222,-1.765948498544389e-15,-0.3571520533747498
-2.299999999999999,1.1,-0.808520261699384,-2.31412111695306e-15,-0.3509828325551886
-2.099999999999999,1.1,-0.8779298089507314,8.840150833577809e-15,-0.3415725704084153
-1.899999999999999,1.1,-0.9462563904428329,1.298960938811433e-14,-0.3282725595207441
-1.699999999999999,1.1,-1.012568549115366,-1.429412144204889e-14,-0.310413784233901
-1.5,1.1,-1.075601415595085,-3.184952301893417e-14,-0.2874437815977842
-1.299999999999998,1.1,-1.133785450513105,-1.887379141862766e-15,-0.2591383720992253
-1.099999999999999,1.1,-1.185436482300035,5.771771949270032e-14,-0.2258024768493466
-0.9000000000000003,1.1,-1.229084875507592,5.645484080218921e-14,-0.1883247392951382
-0.6999999999999992,1.1,-1.263800974702913,-2.80407641550795e-13,-0.1479921899399408
-0.5,1.1,-1.289325889998491,4.938410791410774e-14,-0.1061208595679715
-0.2999999999999989,1.1,-1.305925058537817,-4.107686413235001e-13,-0.06369823633847666
-0.09999999999999964,1.1,-1.314060425834575,8.500145032286354e-15,-0.02122144201949921
0.1000000000000014,1.1,-1.314060425888697,-1.042152475427826e-13,0.02122144185168932
0.3000000000000007,1.1,-1.305925058545311,2.123995423986002e-13,0.06369823611595011
0.5,1.1,-1.289325889861854,3.016614735784628e-13,0.1061208596924339
0.700000000000001,1.1,-1.263800974783749,1.556393902646391e-13,0.1479921898530174
0.9000000000000003,1.1,-1.229084875546973,-9.138523271445819e-15,0.1883247394022976
1.100000000000001,1.1,-1.185436482388943,7.850664562880638e-14,0.2258024767968422
1.3,1.1,-1.1337854505683,-1.076222444496011e-13,0.2591383724310945
1.5,1.1,-1.075601415575557,-1.654232306691483e-14,0.2874437816034547
1.700000000000001,1.1,-1.012568549104581,-2.012279232133096e-16,0.3104137841692358
1.9,1.1,-0.9462563904389966,3.351485755587191e-15,0.3282725596412279
2.100000000000001,1.1,-0.8779298088567548,-5.391520563335916e-15,0.3415725706202461
2.3,1.1,-0.8085202618080803,-1.595945597898662e-15,0.3509828327958355
2.5,1.1,-0.7386967439336531,-5.898059818321144e-17,0.3571520535304628
2.700000000000001,1.1,-0.6689575619304074,3.611694276983712e-15,0.3606620481642784
2.9,1.1,-0.5996910345290057,2.654126918244514e-15,0.3620391494003011
3.100000000000001,1.1,-0.5311939362160651,-3.66720542821497e-15,0.3617788535954106
3.3,1.1,-0.4636658159134268,-1.458902443296494e-15,0.360355016672304
3.5,1.1,-0.397202942154973,-3.896297347261157e-15,0.3582098708819603
3.700000000000001,1.1,-0.3318042958012006,-1.304512053934558e-15,0.3557360108801276
3.9,1.1,-0.2673889175558949,-6.294444132581844e-15,0.3532619622663708
4.100000000000001,1.1,-0.2038180058654293,2.165802259757043e-15,0.3510463867450415
4.3,1.1,-0.1409157200390807,2.116362640691704e-16,0.3492802248781493
4.5,1.1,-0.07848545841967108,-2.546574062733952e-15,0.3480935944948975
4.700000000000001,1.1,-0.0163207671299866,4.746203430272544e-15,0.3475640733316284
4.9,1.1,0.04578847183951204,-2.081668171172168e-15,0.34772354304112
5.100000000000001,1.1,0.1080528930444072,-4.878042414446781e-15,0.3485615538665427
5.3,1.1,0.1706811507332489,1.52655665885959e-16,0.3500242230578065
5.5,1.1,0.2338755199570691,1.956768080901838e-15,0.3520090136953907
5.700000000000001,1.1,0.2978235107313616,1.020017403874362e-15,0.3543569583996754
5.9,1.1,0.3626843124431601,-4.087008509401357e-15,0.3568447915540258
6.100000000000001,1.1,0.4285700809555706,-6.30745455865167e-15,0.3591801318194082
6.3,1.1,0.4955240179188569,-3.524958103184872e-15,0.3610031633648919
6.5,1.1,0.5634999598591271,3.316791286067655e-15,0.3618971347404274
6.699999999999999,1.1,0.6323503846338802,-1.046732145404405e-14,0.3614058414255285
6.900000000000002,1.1,0.7018275536674525,3.91700560875563e-15,0.3590494029052512
7.100000000000001,1.1,0.771592516640132,9.044848203743072e-15,0.3543253688814426
7.3,1.1,0.8412126840837367,-8.614636781700824e-15,0.3466893646409223
7.5,1.1,0.9101239191013784,2.211425487175233e-14,0.3355310555402415
7.699999999999999,1.1,0.977550861323917,-4.160907729477969e-14,0.3201846738872576
7.900000000000002,1.1,1.042416895146705,6.63809285317285e-14,0.3000170696174392
8.100000000000001,1.1,1.103312855281366,8.032463583163007e-14,0.2746057043101851
8.3,1.1,1.158601912352886,2.705127788438233e-14,0.243956003684961
8.5,1.1,1.206686344933501,-3.853167784839683e-14,0.2086393180764434
8.699999999999999,1.1,1.246347225969644,-7.620987174661308e-14,0.1697238617999962
8.900000000000002,1.1,1.276969267376354,3.464450948342801e-13,0.1284813565310055
9.100000000000001,1.1,1.298506841394499,-2.808968335710204e-13,0.08602359213942409
9.3,1.1,1.311230730823954,4.647671136837061e-13,0.04308005484089504
9.5,1.1,1.315432827039373,3.870376241721373e-13,2.096375370543718e-6
-9.5,1.2,1.337909637320622,2.524265518832891e-13,-2.199623110467341e-6
-9.3,1.2,1.333705191687753,-5.096582877950339e-13,-0.04729947605152123
-9.099999999999999,1.2,1.320909618977511,5.853408036049501e-13,-0.09460604485706493
-8.9,1.2,1.299045134782547,-1.733960197647377e-13,-0.1416448697299924
-8.699999999999999,1.2,1.267586621028419,3.466948950148207e-13,-0.1876094256609947
-8.5,1.2,1.226383746753267,-2.209898930516374e-13,-0.2311224946579558
-8.3,1.2,1.176051344928755,-1.643928049244181e-13,-0.2705405853027789
-8.099999999999999,1.2,1.118031850446902,-4.233072226078604e-14,-0.3044881544444582
-7.9,1.2,1.054260302474055,3.411507187855988e-14,-0.3322799569856449
-7.7,1.2,0.9866729228278612,2.123301534595611e-15,-0.3539920461932171
-7.5,1.2,0.9168526083447916,2.483083183513201e-14,-0.3702333244366891
-7.299999999999999,1.2,0.8459239172523294,-5.252742685257771e-15,-0.3818287920749521
-7.099999999999999,1.2,0.7746349436280907,2.31412111695306e-14,-0.3895849997095588
-6.9,1.2,0.7035033389442362,9.780370957557238e-15,-0.3941950118928556
-6.699999999999999,1.2,0.6329291821306743,-1.110223024625156e-14,-0.3962512687397847
-6.5,1.2,0.5632374064472377,-6.415007414162232e-15,-0.3962972815865646
-6.299999999999999,1.2,0.494667842211409,-2.310651670001107e-15,-0.3948611495162244
-6.099999999999999,1.2,0.4273533213204845,4.565792188770956e-15,-0.3924530480258418
-5.9,1.2,0.3613139241921745,-5.703770789011741e-15,-0.38954096338019
-5.699999999999999,1.2,0.2964717702167761,9.51322354225681e-15,-0.3865261169640731
-5.5,1.2,0.2326769234438948,2.324529457808921e-15,-0.383729906430736
-5.299999999999999,1.2,0.1697339852743955,7.216449660063517e-15,-0.3813932980300461
-5.099999999999999,1.2,0.1074234292566234,-1.935951399190116e-15,-0.3796844366703652
-4.899999999999999,1.2,0.04551582948525366,-1.949829186997931e-15,-0.3787096422904548
-4.699999999999999,1.2,-0.01622064614306963,-8.881784197001252e-16,-0.3785238906818264
-4.5,1.2,-0.07801787845342088,3.400058012914541e-16,-0.379137785946342
-4.299999999999999,1.2,-0.1401079187895639,-3.115563362854345e-15,-0.3805190394317993
-4.099999999999999,1.2,-0.202722261775555,1.115427195053087e-15,-0.3825880005735194
-3.899999999999999,1.2,-0.2660871890469496,-1.370431546021677e-15,-0.3852085197746888
-3.699999999999999,1.2,-0.3304130321038863,-2.221313410988301e-15,-0.3881766719894794
-3.5,1.2,-0.3958763097972967,1.628037982204233e-15,-0.3912107530004821
-3.299999999999999,1.2,-0.4625952525399401,1.320991926956338e-15,-0.3939469588230412
-3.099999999999999,1.2,-0.5306023513473827,-2.64545330086463e-15,-0.3959456403154224
-2.899999999999999,1.2,-0.5998222719560815,7.650130529057719e-16,-0.3967105576756389
-2.699999999999999,1.2,-0.6700662239418573,2.813721478034381e-15,-0.3957153426316323
-2.5,1.2,-0.7410470623104903,-4.898859096158503e-15,-0.3924196076378541
-2.299999999999999,1.2,-0.8123991906954444,5.523359547510153e-15,-0.3862539421079693
-2.099999999999999,1.2,-0.8836658993970953,8.194833700514436e-15,-0.3765730981395343
-1.899999999999999,1.2,-0.9542201419489297,-2.645800245559826e-14,-0.3626161428380186
-1.699999999999999,1.2,-1.023125850848638,3.499978085130806e-14,-0.3435417912851896
-1.5,1.2,-1.089008625886449,7.711886684802493e-14,-0.3185957864137653
-1.299999999999998,1.2,-1.150052302520537,-1.449257380770063e-13,-0.2874038480894856
-1.099999999999999,1.2,-1.20422860197348,-6.21100393338736e-14,-0.2502780701282699
-0.9000000000000003,1.2,-1.249752956158296,-7.611966612586229e-15,-0.2083307314796825
-0.6999999999999992,1.2,-1.285561715865277,-8.404388296412435e-14,-0.1632295051377369
-0.5,1.2,-1.311506014594525,-2.180339242485729e-13,-0.116664181954427
-0.2999999999999989,1.2,-1.328128779457695,4.900801986451597e-13,-0.06983297220201856
-0.09999999999999964,1.2,-1.33618586449554,-6.502506866290502e-13,-0.0232285949752576
0.1000000000000014,1.2,-1.33618586442087,3.917838276024099e-13,0.02322859510764689
0.3000000000000007,1.2,-1.328128779347161,-2.071953719706698e-14,0.0698329721839504
0.5,1.2,-1.311506014529975,1.044997421928428e-13,0.1166641818479065
0.700000000000001,1.2,-1.285561715597219,1.038960584232029e-13,0.1632295053459683
0.9000000000000003,1.2,-1.24975295603008,-1.607047828144914e-13,0.2083307316551237
1.100000000000001,1.2,-1.204228602044052,-1.949690409119853e-13,0.2502780701240943
1.3,1.2,-1.150052302502362,2.914335439641035e-16,0.2874038478495806
1.5,1.2,-1.089008625749052,3.003847171001439e-14,0.3185957863257692
1.700000000000001,1.2,-1.023125850644246,4.860001290296622e-14,0.3435417911875772
1.9,1.2,-0.9542201421097668,-2.243344399133206e-14,0.3626161426101601
2.100000000000001,1.2,-0.8836658992771007,-7.771561172376095e-15,0.3765730983560124
2.3,1.2,-0.8123991904321878,6.931955010003321e-15,0.3862539419154817
2.5,1.2,-0.7410470622676479,-1.887379141862766e-15,0.3924196076280026
2.700000000000001,1.2,-0.6700662238058405,-4.354155924701785e-15,0.3957153425470068
2.9,1.2,-0.5998222719585835,-2.794639519798636e-15,0.3967105575923402
3.100000000000001,1.2,-0.5306023511738801,-3.191891195797325e-16,0.3959456403563362
3.3,1.2,-0.4625952525858608,-1.28196064874686e-15,0.393946958720645
3.5,1.2,-0.3958763097741852,-1.247049338792827e-15,0.3912107527430188
3.700000000000001,1.2,-0.3304130321841709,-1.07032438467769e-15,0.3881766719969861
3.9,1.2,-0.2660871889531951,3.627306788267503e-15,0.3852085197344721
4.100000000000001,1.2,-0.2027222617592925,1.647119940439978e-15,0.3825880003453719
4.3,1.2,-0.1401079186661184,-2.574329638349581e-15,0.380519039323396
4.5,1.2,-0.07801787846713129,-1.582067810090848e-15,0.3791377860210453
4.700000000000001,1.2,-0.01622064601759154,-4.433953204596718e-15,0.3785238904449004
4.9,1.2,0.04551582958009473,-4.871103520542874e-15,0.3787096424421668
5.100000000000001,1.2,0.1074234294317446,1.630640067418198e-15,0.3796844365292833
5.3,1.2,0.1697339853262918,-4.302114220422481e-16,0.381393297965945
5.5,1.2,0.2326769235382416,-5.68295410730002e-15,0.3837299063953885
5.700000000000001,1.2,0.2964717704567952,1.408595462493167e-15,0.3865261171750809
5.9,1.2,0.3613139244041639,-2.248201624865942e-15,0.3895409633484356
6.100000000000001,1.2,0.4273533213233528,-4.343747583845925e-15,0.3924530479793301
6.3,1.2,0.4946678423699819,9.582612481295882e-15,0.3948611494463787
6.5,1.2,0.5632374062866911,-6.262351748276273e-15,0.396297281497938
6.699999999999999,1.2,0.6329291823067485,6.522560269672794e-16,0.3962512685830225
6.900000000000002,1.2,0.7035033390863788,-1.177183350797861e-14,0.3941950119422435
7.100000000000001,1.2,0.7746349436745497,7.025630077706068e-15,0.3895849998045835
7.3,1.2,0.8459239171469078,5.89459037136919e-15,0.3818287917990306
7.5,1.2,0.9168526083175495,4.252154184314349e-14,0.3702333243495094
7.699999999999999,1.2,0.9866729231058912,-1.77635683940025e-15,0.3539920463316234
7.900000000000002,1.2,1.054260302333116,8.600065104502618e-14,0.3322799569525387
8.100000000000001,1.2,1.118031850479887,-5.200354036283272e-14,0.3044881542738139
8.3,1.2,1.176051344996495,-2.456021497287963e-14,0.2705405854770478
8.5,1.2,1.226383746979152,-6.118369699770198e-14,0.2311224947653405
8.699999999999999,1.2,1.267586620872188,2.030250967344216e-13,0.1876094256725761
8.900000000000002,1.2,1.299045134898721,-4.758832217177655e-13,0.1416448698267356
9.100000000000001,1.2,1.320909619016065,-4.545600007510586e-13,0.09460604505532016
9.3,1.2,1.333705191641719,4.19300011378354e-13,0.04729947590390383
9.5,1.2,1.337909637215573,-6.663072871226916e-13,2.19941499411333e-6
-9.5,1.3,1.362430945003862,-3.102344769967402e-13,-2.279648754491964e-6
-9.3,1.3,1.358273255162642,3.80705883484822e-13,-0.05150429380906123
-9.099999999999999,1.3,1.345536895280969,2.855701786153019e-13,-0.1032324149968232
-8.9,1.3,1.323495776458772,2.158863365853136e-13,-0.1550501278087377
-8.699999999999999,1.3,1.291257591238481,3.957875693849644e-13,-0.2060892216458462
-8.5,1.3,1.248367942967872,2.155428613370702e-13,-0.2546273869036777
-8.3,1.3,1.195422727015724,2.770839113708234e-13,-0.2985046329237464
-8.099999999999999,1.3,1.13417910022236,7.173428517859292e-14,-0.3359248523477504
-7.9,1.3,1.067041139035501,-9.608633333435534e-14,-0.3660728966154723
-7.7,1.3,0.9963361773703156,-6.109002192999923e-14,-0.389169646648956
-7.5,1.3,0.9238452414783875,4.458586277955589e-14,-0.4060942163940361
-7.299999999999999,1.3,0.8507170808679684,-4.036354583902834e-14,-0.4179235171688561
-7.099999999999999,1.3,0.7776335179775,2.48689957516035e-14,-0.4256276971795071
-6.9,1.3,0.7050366500873387,1.297920104725847e-14,-0.4299774109250255
-6.699999999999999,1.3,0.6332841103220299,1.210836986231811e-14,-0.4315986956187546
-6.5,1.3,0.5626905475778272,-9.776901510605284e-15,-0.4310673578633955
-6.299999999999999,1.3,0.4934941507463633,-1.185163078787354e-14,-0.4289608528073245
-6.099999999999999,1.3,0.4258145783077212,-9.714451465470119e-16,-0.4258500320081682
-5.9,1.3,0.3596418437759576,6.133982211053989e-15,-0.4222605749588926
-5.699999999999999,1.3,0.2948566263691133,9.582612481295882e-15,-0.4186383775109022
-5.5,1.3,0.2312644178474544,2.796374243274613e-15,-0.4153338806659758
-5.299999999999999,1.3,0.168628239843086,1.762479051592436e-15,-0.4126037208879239
-5.099999999999999,1.3,0.1066930084795089,7.840950111415168e-16,-0.4106223741210933
-4.899999999999999,1.3,0.04520031533132373,-2.539635168830045e-15,-0.4094972462268924
-4.699999999999999,1.3,-0.01610536782373786,2.053912595556539e-15,-0.4092826089690879
-4.5,1.3,-0.07747704872766023,-1.561251128379126e-16,-0.4099888400123156
-4.299999999999999,1.3,-0.1391688107698637,-5.655198531684391e-16,-0.411584394970935
-4.099999999999999,1.3,-0.2014382974743688,2.856222203195812e-15,-0.4139899020854007
-3.899999999999999,1.3,-0.2645441254574644,-1.040834085586084e-17,-0.4170660868535739
-3.699999999999999,1.3,-0.3287355891634793,-2.166669621495032e-15,-0.4205986514864327
-3.5,1.3,-0.3942331249447187,5.793976409762535e-16,-0.424284066507357
-3.299999999999999,1.3,-0.4611993152890652,-9.046582927219049e-16,-0.4277217675347985
-3.099999999999999,1.3,-0.5297039607573701,-4.354155924701785e-15,-0.4304200987532205
-2.899999999999999,1.3,-0.5996942324814411,1.255939796607208e-15,-0.4318216978947024
-2.699999999999999,1.3,-0.6709879036984339,1.040834085586084e-17,-0.4313429967434832
-2.5,1.3,-0.7433013843228661,3.226585665316861e-16,-0.4284023212038461
-2.299999999999999,1.3,-0.8162938587746413,1.765254609153998e-14,-0.4223998828450026
-2.099999999999999,1.3,-0.8895700417966172,-1.793704074160018e-14,-0.412638842944181
-1.899999999999999,1.3,-0.9625812164256535,-1.030425744730223e-14,-0.3982388080362194
-1.699999999999999,1.3,-1.03442206485522,5.39499001028787e-14,-0.3781443165877443
-1.5,1.3,-1.103612453064509,-4.812816811750053e-14,-0.3513231414126806
-1.299999999999998,1.3,-1.168032122386599,-1.814173811176544e-13,-0.3171685019308658
-1.099999999999999,1.3,-1.225188796282511,-8.021361352916756e-14,-0.2759662029628462
-0.9000000000000003,1.3,-1.272854406118167,-2.689862221849637e-13,-0.2291155532561128
-0.6999999999999992,1.3,-1.309779155885662,-5.297845495633168e-14,-0.1788081237439193
-0.5,1.3,-1.335986041678727,-4.61936044970912e-13,-0.1272446766554908
-0.2999999999999989,1.3,-1.352424660570406,6.619427228571339e-13,-0.07588860027228366
-0.09999999999999964,1.3,-1.360265839093684,-8.375730664589298e-13,-0.02519070928066203
0.1000000000000014,1.3,-1.360265839287984,3.324077124666757e-13,0.02519070928591128
0.3000000000000007,1.3,-1.352424660410926,5.105083022982626e-13,0.07588860026653376
0.5,1.3,-1.335986041632518,-1.867672683175669e-13,0.1272446764418994
0.700000000000001,1.3,-1.309779155936687,4.187206137373777e-13,0.1788081236224557
0.9000000000000003,1.3,-1.272854406278363,2.90351076515094e-13,0.2291155534232116
1.100000000000001,1.3,-1.225188796405453,2.576341917581714e-13,0.2759662027593263
1.3,1.3,-1.168032122157675,2.091798956271873e-13,0.3171685020790103
1.5,1.3,-1.103612452659549,1.237135394127619e-13,0.3513231412161431
1.700000000000001,1.3,-1.034422065096367,4.904410211281629e-14,0.3781443164637614
1.9,1.3,-0.9625812162679801,-1.627864509856635e-14,0.3982388081181842
2.100000000000001,1.3,-0.8895700417680432,-2.896988204881267e-14,0.4126388429277904
2.3,1.3,-0.8162938586882623,1.813132977090958e-14,0.4223998830857885
2.5,1.3,-0.7433013844392502,1.228184220991579e-14,0.4284023212259902
2.700000000000001,1.3,-0.6709879035920606,1.335737076502141e-15,0.4313429969367889
2.9,1.3,-0.5996942322203292,-3.184952301893417e-15,0.4318216979357466
3.100000000000001,1.3,-0.5297039604460356,1.125835535908947e-15,0.4304200986459256
3.3,1.3,-0.4611993153402699,-2.716143282510685e-15,0.4277217675615188
3.5,1.3,-0.3942331249686039,-1.861791970592108e-15,0.4242840664722051
3.700000000000001,1.3,-0.3287355890942962,-7.936359902593892e-16,0.4205986514312057
3.9,1.3,-0.2645441256158191,4.206704429243757e-15,0.4170660869572908
4.100000000000001,1.3,-0.2014382973131604,1.562985851855103e-15,0.4139899018957476
4.3,1.3,-0.1391688106326461,-4.857225732735059e-16,0.411584394869634
4.5,1.3,-0.07747704898184527,2.772088114610937e-15,0.4099888398356687
4.700000000000001,1.3,-0.01610536763987924,-7.979727989493312e-16,0.4092826088291713
4.9,1.3,0.04520031557981935,1.942890293094023e-15,0.409497246224179
5.100000000000001,1.3,0.1066930082567618,2.713107516427726e-15,0.4106223742072042
5.3,1.3,0.1686282397778603,1.963706974805745e-15,0.4126037210512503
5.5,1.3,0.2312644178131222,6.224187831804783e-15,0.4153338805189708
5.700000000000001,1.3,0.2948566262162582,5.086209231563998e-15,0.4186383775128677
5.9,1.3,0.3596418437798009,5.072331443756183e-15,0.4222605751526101
6.100000000000001,1.3,0.4258145784387227,-3.781697177629439e-15,0.4258500321405339
6.3,1.3,0.4934941505611046,-8.000544671205034e-15,0.4289608528644568
6.5,1.3,0.5626905478205466,1.049160758270772e-14,0.4310673578567979
6.699999999999999,1.3,0.6332841103681177,-9.81159598012482e-15,0.4315986955386925
6.900000000000002,1.3,0.7050366500468058,9.481998519689227e-15,0.4299774110576482
7.100000000000001,1.3,0.7776335180743526,5.98132654516803e-15,0.4256276971215677
7.3,1.3,0.8507170810437685,-2.096586793065569e-14,0.4179235170989394
7.5,1.3,0.9238452415202029,2.088607065076075e-14,0.4060942165974234
7.699999999999999,1.3,0.99633617740394,-4.510627982234893e-14,0.3891696469088552
7.900000000000002,1.3,1.067041139333492,-1.069630495287299e-13,0.3660728968226229
8.100000000000001,1.3,1.134179100097018,-1.135168348209703e-13,0.3359248522816875
8.3,1.3,1.19542272714085,1.455294218466463e-13,0.2985046331132176
8.5,1.3,1.248367942677802,2.109354357848758e-13,0.2546273871115094
8.699999999999999,1.3,1.291257591168663,-3.638339629574716e-13,0.2060892217202674
8.900000000000002,1.3,1.323495776501578,-1.461886167675174e-13,0.1550501278464065
9.100000000000001,1.3,1.345536895251103,-9.709594239737384e-14,0.1032324150644534
9.3,1.3,1.358273255319113,1.053497566960714e-13,0.05150429366433831
9.5,1.3,1.362430945073672,1.246329428550296e-13,2.279601861974317e-6
-9.5,1.4,1.388950488718203,-3.729447306533018e-13,-2.335112418219709e-6
-9.3,1.4,1.384909360899133,8.771490478398646e-13,-0.05563637482197399
-9.099999999999999,1.4,1.372428510529777,3.55427492992888e-13,-0.1118040795077612
-8.9,1.4,1.350461344897778,3.262667913617178e-13,-0.1686103082409162
-8.699999999999999,1.4,1.317586554127007,2.221001160762625e-13,-0.2251659069387021
-8.5,1.4,1.272874452724843,1.408005656511335e-13,-0.2792945804748491
-8.3,1.4,1.216869399404432,4.206704429243757e-14,-0.3281004839630624
-8.099999999999999,1.4,1.151785228100429,-2.182559688534979e-13,-0.3692006102987602
-7.9,1.4,1.080690079051898,7.336492524601112e-14,-0.4016406534449862
-7.7,1.4,1.006423070947847,9.880984919163893e-15,-0.4258911645617758
-7.5,1.4,0.9309809519481766,-2.033442858540013e-14,-0.4432229488588848
-7.299999999999999,1.4,0.85549032305742,3.518713098671355e-14,-0.4550422398138989
-7.099999999999999,1.4,0.7805065275459206,-4.374625661718312e-14,-0.4625041355970029
-6.9,1.4,0.7063563617663146,2.89906987305244e-14,-0.4664401640726537
-6.699999999999999,1.4,0.6333459602599261,-2.472327897962145e-14,-0.4674841312181013
-6.5,1.4,0.5617900683802096,1.890154699424329e-14,-0.4662308450780856
-6.299999999999999,1.4,0.4919368434684128,6.938893903907228e-17,-0.4633101825128025
-6.099999999999999,1.4,0.4238954791177671,-1.663946758156953e-14,-0.4593643140552599
-5.9,1.4,0.3576203143244692,7.285838599102589e-15,-0.4549856420199794
-5.699999999999999,1.4,0.2929416487631864,8.118505867571457e-16,-0.4506685718253527
-5.5,1.4,0.2296120630334967,6.251943407420412e-15,-0.4467919642900784
-5.299999999999999,1.4,0.1673468953178614,5.398459457239823e-15,-0.4436250477876241
-5.099999999999999,1.4,0.1058518417282099,5.946632075648494e-15,-0.4413447433154374
-4.899999999999999,1.4,0.04483801224579685,-2.935152121352757e-15,-0.4400559692741709
-4.699999999999999,1.4,-0.01597364231168232,-2.72698530423554e-15,-0.4398099140293493
-4.5,1.4,-0.07685623857114432,4.860695179687013e-15,-0.4406162178282522
-4.299999999999999,1.4,-0.1380851634030665,1.297573160030651e-15,-0.4424456059435628
-4.099999999999999,1.4,-0.1999447915092495,-2.778159646776856e-15,-0.44522208695837
-3.899999999999999,1.4,-0.2627286065985108,-5.615299891736924e-15,-0.4488071395362403
-3.699999999999999,1.4,-0.3267297314366261,3.993333441698609e-15,-0.4529797812277117
-3.5,1.4,-0.392219840246245,-3.253040198325507e-15,-0.4574168073281973
-3.299999999999999,1.4,-0.4594148753195406,-2.250370029210913e-15,-0.4616795877244209
-3.099999999999999,1.4,-0.528429915862812,-1.13537651502682e-14,-0.465218009874124
-2.899999999999999,1.4,-0.5992367298773043,-6.558989462668307e-15,-0.4674030143479167
-2.699999999999999,1.4,-0.671652194293232,2.324529457808921e-15,-0.4675856646445194
-2.5,1.4,-0.745383558322948,-9.266892808668103e-15,-0.4651475052257929
-2.299999999999999,1.4,-0.8201121987889779,-1.64174229766445e-14,-0.4594794202403138
-2.099999999999999,1.4,-0.8955286962490974,1.763866830373217e-14,-0.4498574353154493
-1.899999999999999,1.4,-0.9712156641800998,5.628830734849543e-14,-0.4352822043264874
-1.699999999999999,1.4,-1.046357409461028,2.638167462265528e-14,-0.4144350373965465
-1.5,1.4,-1.119389295435261,1.69406155769991e-13,-0.3859016807638943
-1.299999999999998,1.4,-1.187821278922108,4.831551825290603e-14,-0.3487173793604541
-1.099999999999999,1.4,-1.248529717565229,-2.425629141988849e-13,-0.3030772791740886
-0.9000000000000003,1.4,-1.298649032522618,4.669944986268603e-13,-0.2507503777258373
-0.6999999999999992,1.4,-1.336663189602404,-6.56627530126741e-13,-0.1946642608965279
-0.5,1.4,-1.362864214164268,-9.319073290825485e-13,-0.1377311652558407
-0.2999999999999989,1.4,-1.378799587305297,7.203820873158406e-13,-0.08174831389511644
-0.09999999999999964,1.4,-1.386221622641479,2.355199368864191e-13,-0.02706233688589297
0.1000000000000014,1.4,-1.386221622459251,-6.458236723183574e-13,0.02706233705115222
0.3000000000000007,1.4,-1.378799587222711,-4.555245070037017e-13,0.08174831392993472
0.5,1.4,-1.362864213992549,-3.074138166248019e-13,0.1377311652577624
0.700000000000001,1.4,-1.336663189702349,-4.605968384474579e-13,0.1946642608145803
0.9000000000000003,1.4,-1.298649032499052,2.827529876903156e-13,0.2507503774045276
1.100000000000001,1.4,-1.248529717565209,1.198624532960934e-13,0.3030772790767248
1.3,1.4,-1.187821279139607,2.222735884238602e-13,0.3487173794185248
1.5,1.4,-1.119389295505347,1.376468383718076e-13,0.3859016809405919
1.700000000000001,1.4,-1.046357409307219,1.037989139085482e-13,0.414435037476068
1.9,1.4,-0.9712156642178124,-9.63812363252714e-15,0.4352822042102028
2.100000000000001,1.4,-0.8955286960842407,-3.82124887288171e-14,0.4498574351087892
2.3,1.4,-0.8201121986828029,1.420391582129809e-14,0.4594794202403327
2.5,1.4,-0.7453835583931084,1.056446596869875e-14,0.4651475051867838
2.700000000000001,1.4,-0.6716521942966369,-9.447304050169691e-15,0.4675856647334467
2.9,1.4,-0.5992367300614736,5.464378949326942e-16,0.467403014561658
3.100000000000001,1.4,-0.5284299159232589,2.200496729276579e-15,0.4652180101401908
3.3,1.4,-0.459414875519655,2.286365541337431e-15,0.4616795877095921
3.5,1.4,-0.3922198402348933,-6.517789780113858e-15,0.4574168072132753
3.700000000000001,1.4,-0.3267297314835991,-1.103284130721249e-15,0.4529797810299756
3.9,1.4,-0.2627286066365289,-2.536165721878092e-15,0.4488071394182634
4.100000000000001,1.4,-0.1999447913664583,3.293372519141968e-15,0.4452220872130425
4.3,1.4,-0.1380851633950757,-2.418204525511669e-15,0.4424456057009907
4.5,1.4,-0.07685623868694696,1.602884491802569e-15,0.440616217646451
4.700000000000001,1.4,-0.01597364220608496,1.471045507628332e-15,0.4398099137986621
4.9,1.4,0.04483801238933593,-1.630640067418198e-15,0.4400559692930705
5.100000000000001,1.4,0.1058518419112799,4.642120021713935e-15,0.4413447434828026
5.3,1.4,0.1673468954622902,-5.551115123125782e-15,0.4436250477531982
5.5,1.4,0.2296120631210452,-8.021361352916756e-15,0.4467919643514964
5.700000000000001,1.4,0.2929416487650665,9.971190539914687e-15,0.4506685719267415
5.9,1.4,0.3576203142657976,-1.34406374918683e-14,0.4549856420467461
6.100000000000001,1.4,0.4238954792882658,-5.745404152435185e-15,0.4593643142690363
6.3,1.4,0.4919368432460521,4.701100619897147e-15,0.4633101823504725
6.5,1.4,0.5617900683396847,-1.640007574188473e-14,0.466230845129607
6.699999999999999,1.4,0.6333459602542481,-1.000588500943422e-14,0.4674841311153646
6.900000000000002,1.4,0.706356362005694,-2.358183093242871e-14,0.4664401641600727
7.100000000000001,1.4,0.780506527655288,4.519301599614777e-14,0.462504135736515
7.3,1.4,0.8554903228015482,-3.164135620181696e-15,0.4550422395900026
7.5,1.4,0.9309809521222722,7.511352650979574e-14,0.4432229490104447
7.699999999999999,1.4,1.006423070915851,-4.087008509401357e-15,0.4258911645740124
7.900000000000002,1.4,1.080690078901854,1.312144837228856e-14,0.4016406533060591
8.100000000000001,1.4,1.151785227966897,-1.452067632801146e-13,0.3692006102547137
8.3,1.4,1.216869399493708,2.086282535618266e-13,0.3281004840659693
8.5,1.4,1.272874452641543,-3.071293219747417e-13,0.2792945807270182
8.699999999999999,1.4,1.317586554239587,2.981816182856533e-13,0.2251659068290963
8.900000000000002,1.4,1.35046134478442,-1.894456813644751e-13,0.1686103084547309
9.100000000000001,1.4,1.372428510683077,1.960029361036674e-13,0.1118040793186769
9.3,1.4,1.384909361085356,4.046728230289176e-13,0.05563637479216054
9.5,1.4,1.38895048873163,8.64634752684168e-13,2.335013286912379e-6
-9.5,1.5,1.417378587826556,1.066129823312778e-12,-2.363589897941276e-6
-9.3,1.5,1.413547162961414,-1.270063915148611e-12,-0.05961443032267738
-9.099999999999999,1.5,1.401601609305301,-1.45132864060038e-12,-0.1201711654019841
-8.9,1.5,1.38010381091975,9.502398867766714e-13,-0.1821738065576062
-8.699999999999999,1.5,1.346871022512863,-9.558638602857882e-13,-0.2448058216248978
-8.5,1.5,1.300220428049673,8.085893066223093e-14,-0.3052888910032888
-8.3,1.5,1.240587601447293,2.015575206737452e-13,-0.359649879117874
-8.099999999999999,1.5,1.170871617913226,-1.518368764052979e-13,-0.4046706845519937
-7.9,1.5,1.095098035828565,1.152931916603705e-13,-0.4392695478141063
-7.7,1.5,1.016773233923198,3.29770932783191e-14,-0.4643400382032107
-7.5,1.5,0.9381090717036386,1.019948014935323e-13,-0.4817189838468637
-7.299999999999999,1.5,0.8601279917981941,-6.747033487464193e-14,-0.4932391429878334
-7.099999999999999,1.5,0.7831686802508235,8.222589276130065e-16,-0.5002555066054265
-6.9,1.5,0.7073896930848768,-1.599415044850616e-14,-0.5036244381984542
-6.699999999999999,1.5,0.633040740459191,-3.951700078275166e-15,-0.5039445928194589
-6.5,1.5,0.5604587050305353,2.41438813386452e-14,-0.5018111894238648
-6.299999999999999,1.5,0.4899212484190898,-1.314573450095224e-14,-0.4979140969153005
-6.099999999999999,1.5,0.421530634280493,2.27595720048157e-14,-0.4929838369150573
-5.9,1.5,0.3551969076508058,-1.942890293094023e-16,-0.4876919684503627
-5.699999999999999,1.5,0.2906878605450148,1.462024945553253e-14,-0.4825855345367049
-5.5,1.5,0.2276929030920616,7.854827899222982e-15,-0.4780700021245191
-5.299999999999999,1.5,0.1658728273329041,-6.473988012345444e-15,-0.4744226494025187
-5.099999999999999,1.5,0.1048904022714223,-3.12944115066216e-15,-0.4718176513051843
-4.899999999999999,1.5,0.04442520244395632,4.142519660632615e-15,-0.4703527704510736
-4.699999999999999,1.5,-0.01582426125319329,2.976785484776201e-15,-0.4700729684116705
-4.5,1.5,-0.07614900310723804,3.469446951953614e-16,-0.4709864634643455
-4.299999999999999,1.5,-0.1368438978512596,-4.857225732735059e-17,-0.4730682725343702
-4.099999999999999,1.5,-0.198219947428934,2.783797498073781e-15,-0.4762498441705505
-3.899999999999999,1.5,-0.2606078226171286,-4.675079767757495e-15,-0.4803984904866273
-3.699999999999999,1.5,-0.3243496873937911,-7.180020467068004e-15,-0.485291639396739
-3.5,1.5,-0.389777048415782,1.613726513527424e-15,-0.4905899899834507
-3.299999999999999,1.5,-0.4571708127519328,-3.328500669530498e-15,-0.4958162050332866
-3.099999999999999,1.5,-0.5267027240752155,-8.439429710627166e-16,-0.5003536111344129
-2.899999999999999,1.5,-0.5983728862369056,9.403935963270271e-15,-0.5034857515792835
-2.699999999999999,1.5,-0.6719856051947854,2.48169540473242e-14,-0.5044838205256498
-2.5,1.5,-0.7472155049718231,-1.263572579901506e-14,-0.502696665208884
-2.299999999999999,1.5,-0.823754166377944,-2.264854970235319e-14,-0.4975385966639463
-2.099999999999999,1.5,-0.9014064689191583,4.999820002460353e-14,-0.4883028939868587
-1.899999999999999,1.5,-0.9799617633599482,-7.729233919562261e-14,-0.4738863640168862
-1.699999999999999,1.5,-1.058787546288194,-1.131872373605347e-13,-0.4526527304171647
-1.5,1.5,-1.136286648340208,-2.279218480616407e-13,-0.4226658046984798
-1.299999999999998,1.5,-1.209530799296053,-3.197234144103333e-13,-0.3824126289218794
-1.099999999999999,1.5,-1.274531002626565,4.297187605750707e-13,-0.3318774200187657
-0.9000000000000003,1.5,-1.32748470131878,-4.458655666894628e-13,-0.2733041446260468
-0.6999999999999992,1.5,-1.366483243774609,5.202296926576366e-13,-0.2106777950387398
-0.5,1.5,-1.392245208741871,-9.602804662556252e-13,-0.1479193832974134
-0.2999999999999989,1.5,-1.407202412135153,1.521095749357215e-12,-0.08724023853872503
-0.09999999999999964,1.5,-1.41391361126082,-1.484722067512933e-12,-0.02877812570089542
0.1000000000000014,1.5,-1.413913611367792,-1.017415318660397e-12,0.02877812565794583
0.3000000000000007,1.5,-1.40720241225781,-1.270220040261449e-12,0.08724023839348769
0.5,1.5,-1.392245208906624,-9.538481116067032e-13,0.1479193831137108
0.700000000000001,1.5,-1.366483243525673,1.072607280772075e-12,0.2106777950240121
0.9000000000000003,1.5,-1.327484701475004,-7.893685705084863e-13,0.2733041443240285
1.100000000000001,1.5,-1.274531002694425,-3.198691311823154e-13,0.3318774198044843
1.3,1.5,-1.209530799670909,-2.744610094751465e-13,0.3824126285126915
1.5,1.5,-1.136286648413032,9.818534874028728e-15,0.4226658049402408
1.700000000000001,1.5,-1.058787546236577,7.994299666691517e-14,0.4526527302914739
1.9,1.5,-0.9799617633697794,-6.99856839148083e-14,0.4738863637033582
2.100000000000001,1.5,-0.9014064691039077,2.213507155346405e-14,0.4883028940134573
2.3,1.5,-0.8237541664856035,-2.561839629322548e-14,0.4975385968729773
2.5,1.5,-0.7472155049841067,-8.257283745649601e-16,0.502696665102357
2.700000000000001,1.5,-0.6719856053083106,1.528985271725957e-14,0.5044838206438977
2.9,1.5,-0.5983728862618434,-1.854766340514402e-14,0.50348575152977
3.100000000000001,1.5,-0.5267027239936132,8.968520370800092e-15,0.5003536112090386
3.3,1.5,-0.4571708125463261,-5.966147714753233e-15,0.495816205146752
3.5,1.5,-0.3897770483677996,7.769826448900119e-15,0.4905899902409012
3.700000000000001,1.5,-0.3243496874033994,-8.576472865229334e-15,0.4852916395175757
3.9,1.5,-0.2606078223335636,9.454242944073598e-15,0.4803984905814509
4.100000000000001,1.5,-0.1982199473317479,-3.420874694626263e-15,0.476249844302827
4.3,1.5,-0.1368438977738099,-2.949029909160572e-15,0.4730682726584367
4.5,1.5,-0.07614900310618941,3.639449852599341e-15,0.470986463360418
4.700000000000001,1.5,-0.01582426107346626,2.116362640691704e-15,0.470072968399512
4.9,1.5,0.04442520252511252,8.881784197001252e-16,0.4703527706231304
5.100000000000001,1.5,0.1048904023100806,2.511879593214416e-15,0.4718176514303838
5.3,1.5,0.1658728274649017,1.057487430955461e-14,0.4744226494628232
5.5,1.5,0.2276929033587285,-8.867906409193437e-15,0.4780700022171569
5.700000000000001,1.5,0.2906878604222648,-1.387778780781445e-16,0.4825855346171731
5.9,1.5,0.3551969077795219,9.8879238130678e-15,0.4876919682100416
6.100000000000001,1.5,0.4215306343218552,-9.485467966641181e-15,0.4929838372015871
6.3,1.5,0.4899212484274476,-1.586925035823583e-14,0.4979140966754702
6.5,1.5,0.5604587050635487,3.022235239846793e-14,0.5018111893874641
6.699999999999999,1.5,0.6330407407450212,-3.476732790552716e-14,0.5039445928896664
6.900000000000002,1.5,0.7073896930602443,1.312491781924052e-14,0.5036244381478167
7.100000000000001,1.5,0.783168680048309,-3.663735981263016e-14,0.5002555066752902
7.3,1.5,0.8601279921242175,1.049507702965968e-14,0.493239143167338
7.5,1.5,0.9381090719279154,-1.445718544879071e-14,0.4817189835446772
7.699999999999999,1.5,1.016773233876454,5.622238785640831e-14,0.4643400378529603
7.900000000000002,1.5,1.095098036011823,7.74727504371242e-15,0.4392695478923848
8.100000000000001,1.5,1.17087161776157,-1.780173231047399e-14,0.404670684615248
8.3,1.5,1.240587601474433,-2.326021319998261e-13,0.3596498790733559
8.5,1.5,1.300220428177886,-6.654919670889825e-13,0.3052888908977037
8.699999999999999,1.5,1.346871022592331,9.479916851518055e-13,0.2448058215560639
8.900000000000002,1.5,1.380103811223231,1.054354520357847e-12,0.1821738064342606
9.100000000000001,1.5,1.401601609486798,4.465178227164301e-15,0.1201711653511541
9.3,1.5,1.413547162779696,-1.678997219034528e-12,0.05961443051889804
9.5,1.5,1.417378587832436,2.858061010080348e-13,2.363540547448833e-6
-9.5,1.6,1.447567201919913,-2.1025924057394e-12,-2.363238570477627e-6
-9.3,1.6,1.444060300950086,1.575357899685769e-12,-0.06333165537816423
-9.099999999999999,1.6,1.433029899530915,-2.938968512999906e-14,-0.1281149900931028
-8.9,1.6,1.412605973007575,-1.094468266016335e-12,-0.1954902611802371
-8.699999999999999,1.6,1.379510236510491,-7.930739398531727e-13,-0.264915154166876
-8.5,1.6,1.330843028071112,7.219641551259314e-13,-0.3328105780500817
-8.3,1.6,1.266829965263782,2.622069228408463e-13,-0.3935777867174238
-8.099999999999999,1.6,1.191437236022866,-7.079406505461349e-14,-0.4427874375926859
-7.9,1.6,1.110094930908662,-2.185925052078374e-13,-0.4792952600689356
-7.7,1.6,1.027167837203412,1.478886457739747e-13,-0.5047037638617866
-7.5,1.6,0.9450429818427625,2.622901895676932e-15,-0.5216616367539963
-7.299999999999999,1.6,0.8645022671644052,7.927686285214008e-15,-0.5325454620455182
-7.099999999999999,1.6,0.7855360568080331,6.277617314864869e-14,-0.5389103458295739
-6.9,1.6,0.7080658292916729,5.187170137865848e-14,-0.5415703870804696
-6.699999999999999,1.6,0.6322900484232295,-8.98586760555986e-16,-0.5410207377465282
-6.5,1.6,0.55860956359144,9.367506770274758e-15,-0.5378330613742345
-6.299999999999999,1.6,0.4873623443021141,1.455432996344541e-14,-0.5327741359428959
-6.099999999999999,1.6,0.4186467197649528,1.781214065132985e-14,-0.5266899480380729
-5.9,1.6,0.3523144336499014,-1.016547956922409e-14,-0.5203478153524819
-5.699999999999999,1.6,0.2880541217525953,1.602884491802569e-14,-0.5143511026675584
-5.5,1.6,0.2254795260930552,3.677613769070831e-16,-0.5091280294356512
-5.299999999999999,1.6,0.1641893717344871,-1.187938636348917e-14,-0.5049574112755013
-5.099999999999999,1.6,0.1037998809239602,-4.884981308350688e-15,-0.502003913274905
-4.899999999999999,1.6,0.04395859643052833,-4.45476988630844e-15,-0.5003521292101891
-4.699999999999999,1.6,-0.01565617708368702,-4.489464355827976e-15,-0.5000366338350308
-4.5,1.6,-0.07534954378727935,9.194034422677077e-15,-0.5010632946605357
-4.299999999999999,1.6,-0.1354326159347806,-5.03069808033274e-15,-0.5034141269824095
-4.099999999999999,1.6,-0.1962420783672533,2.674076238218248e-15,-0.5070332995657483
-3.899999999999999,1.6,-0.2581477817532333,1.049854647661163e-14,-0.5118004814250189
-3.699999999999999,1.6,-0.3215463498930307,4.114764085016986e-15,-0.5174983659615765
-3.5,1.6,-0.3868390267692944,-7.900364390467373e-15,-0.5237772515111216
-3.299999999999999,1.6,-0.4543866359170901,5.683170947734517e-15,-0.5301220222107443
-3.099999999999999,1.6,-0.5244343301051668,-3.949965354799189e-15,-0.5358398959767503
-2.899999999999999,1.6,-0.5970182193592439,8.066464163292153e-15,-0.5401040502346461
-2.699999999999999,1.6,-0.6719135645763004,2.032575496802024e-14,-0.5420801663904136
-2.5,1.6,-0.7487219368018197,-2.268671361882468e-14,-0.5410848736121416
-2.299999999999999,1.6,-0.8271156019026438,-8.281569874313277e-15,-0.5366047308923862
-2.099999999999999,1.6,-0.9070442050791117,7.834705106901651e-14,-0.5280255758585334
-1.899999999999999,1.6,-0.988609039525626,-2.466776782839019e-14,-0.5141806812152813
-1.699999999999999,1.6,-1.071504150419226,5.678790770957675e-14,-0.4930611241121154
-1.5,1.6,-1.154203320386907,-2.678829380542424e-13,-0.4620253896275166
-1.299999999999998,1.6,-1.233283652143171,1.797173521111972e-14,-0.4187265255521532
-1.099999999999999,1.6,-1.30356596624542,5.643957523560061e-13,-0.3627161710605204
-0.9000000000000003,1.6,-1.359836832086079,-3.748459875829723e-13,-0.2968402941251334
-0.6999999999999992,1.6,-1.399589317030664,-6.86173340369578e-13,-0.2266422193129796
-0.5,1.6,-1.424234106252555,-6.098663241083102e-13,-0.157500303408079
-0.2999999999999989,1.6,-1.43752263300847,-1.57976409731475e-12,-0.09211803526635115
-0.09999999999999964,1.6,-1.443114627047833,1.956074191511447e-14,-0.03024650480404719
0.1000000000000014,1.6,-1.443114626878216,1.65564784104788e-12,0.03024650468924894
0.3000000000000007,1.6,-1.437522632903381,1.64634278432274e-12,0.09211803533305003
0.5,1.6,-1.424234106567487,1.729408283246414e-12,0.1575003034029146
0.700000000000001,1.6,-1.39958931722555,1.243741221124139e-12,0.2266422191157897
0.9000000000000003,1.6,-1.359836832331519,-6.674799601924519e-13,0.2968402940727591
1.100000000000001,1.6,-1.303565966297957,-6.69866939695396e-13,0.3627161709681505
1.3,1.6,-1.233283652094849,-3.122363478880174e-13,0.418726525170594
1.5,1.6,-1.15420332057634,-3.679001547851612e-14,0.4620253897559502
1.700000000000001,1.6,-1.071504150396392,-1.907710101001214e-13,0.4930611242518558
1.9,1.6,-0.988609039673981,4.313910340059123e-14,0.5141806813083245
2.100000000000001,1.6,-0.907044205227586,1.300348717592214e-14,0.5280255756930208
2.3,1.6,-0.8271156019924479,1.876276911616514e-14,0.5366047310911852
2.5,1.6,-0.748721936566874,-3.740063814205996e-15,0.5410848734956157
2.700000000000001,1.6,-0.6719135647226883,-2.568605050878858e-14,0.5420801664707866
2.9,1.6,-0.5970182194365554,2.005340338229189e-14,0.5401040504546769
3.100000000000001,1.6,-0.5244343300600646,-1.132600957465257e-14,0.5358398959765737
3.3,1.6,-0.45438663618787,-8.416227784135976e-15,0.5301220220235356
3.5,1.6,-0.3868390268474385,-1.507561436797644e-14,0.5237772514416885
3.700000000000001,1.6,-0.3215463500384122,6.257147577848343e-15,0.5174983657307267
3.9,1.6,-0.2581477817929617,-4.954370247389761e-15,0.5118004814845227
4.100000000000001,1.6,-0.1962420784986241,-4.904930628324422e-16,0.5070332993113316
4.3,1.6,-0.1354326158365408,-4.093947403305264e-16,0.5034141271197137
4.5,1.6,-0.0753495437862251,2.907396545737128e-15,0.5010632945182529
4.700000000000001,1.6,-0.01565617699391876,-1.380839886877538e-15,0.5000366339364321
4.9,1.6,0.0439585964697591,7.285838599102589e-16,0.50035212932128
5.100000000000001,1.6,0.1037998808267,2.386979502944086e-15,0.5020039132662014
5.3,1.6,0.1641893716984147,-8.729128531115293e-15,0.504957411203037
5.5,1.6,0.2254795261580118,9.693634783758398e-15,0.509128029566652
5.700000000000001,1.6,0.2880541219892314,7.265021917390868e-15,0.5143511029183063
5.9,1.6,0.3523144336052827,1.32532873564628e-14,0.5203478150820828
6.100000000000001,1.6,0.4186467197557806,2.01123839804751e-14,0.5266899480454934
6.3,1.6,0.487362344149395,1.0470790900996e-14,0.5327741358793537
6.5,1.6,0.5586095636499254,-1.71876401999782e-14,0.5378330613092037
6.699999999999999,1.6,0.6322900484882576,-1.573741137406159e-14,0.5410207377543435
6.900000000000002,1.6,0.708065829616905,-1.400962679198869e-14,0.5415703871714376
7.100000000000001,1.6,0.7855360569499994,-7.040895644294664e-14,0.5389103456121175
7.3,1.6,0.8645022674129125,3.679001547851612e-14,0.53254546186363
7.5,1.6,0.9450429817793889,-8.404388296412435e-14,0.5216616370994005
7.699999999999999,1.6,1.027167837154599,1.780173231047399e-13,0.5047037638661235
7.900000000000002,1.6,1.110094930907151,-2.843281166065025e-13,0.4792952601505545
8.100000000000001,1.6,1.191437235842661,1.073065247769733e-13,0.4427874374525137
8.3,1.6,1.266829965395947,1.719804854083406e-14,0.3935777867037261
8.5,1.6,1.33084302799896,9.210826545924533e-13,0.3328105778859144
8.699999999999999,1.6,1.379510236673464,-1.147061612361e-12,0.264915154029245
8.900000000000002,1.6,1.412605972906569,-1.029672874741649e-12,0.1954902610487947
9.100000000000001,1.6,1.433029899552185,6.585149092686037e-13,0.1281149900446363
9.3,1.6,1.444060301037082,-1.788926645707178e-12,0.06333165541747437
9.5,1.6,1.447567202021465,-2.006419336231246e-12,2.363121357214226e-6
-9.5,1.7,1.479294236557329,-7.737595286716469e-13,-2.331633549974149e-6
-9.3,1.7,1.476236320663481,-5.786725265632952e-13,-0.06665894219014925
-9.099999999999999,1.7,1.46660705136168,-2.556590356084242e-12,-0.1353274310417884
-8.9,1.7,1.448163438528287,-1.599744642311051e-12,-0.2081565326843673
-8.699999999999999,1.7,1.416053096090951,1.496990031935041e-12,-0.2852987402183756
-8.5,1.7,1.365361207679266,-2.380318164796335e-13,-0.3621147444170488
-8.3,1.7,1.295922150380107,-2.108348218232691e-13,-0.4304672297236242
-8.099999999999999,1.7,1.213433681261176,-3.780517565665775e-13,-0.4841374398123222
-7.9,1.7,1.125417730675414,-1.236441504737229e-13,-0.5221091844617296
-7.7,1.7,1.037309104987711,-8.014075514317653e-14,-0.5471624788865491
-7.5,1.7,0.9515538189103522,2.010544508657119e-14,-0.5630941413070296
-7.299999999999999,1.7,0.8684775756214451,1.232486335212001e-13,-0.5729576692260303
-7.099999999999999,1.7,0.7875345596742399,-5.378336664918492e-14,-0.5784811172430377
-6.9,1.7,0.7083213503956393,2.59757493292767e-14,-0.5803205438680174
-6.699999999999999,1.7,0.6310109914117392,-8.590350653037148e-15,-0.5787613975849166
-6.5,1.7,0.5561431711961102,-5.502542865798432e-15,-0.5743241144133417
-6.299999999999999,1.7,0.4841621836324425,-8.763823000634829e-15,-0.567887498512356
-6.099999999999999,1.7,0.4151614021856838,-1.667069260413711e-14,-0.5604554977303555
-5.9,1.7,0.3489110210512176,-8.212180935274204e-15,-0.55291220100761
-5.699999999999999,1.7,0.2849977445444669,1.934563620409335e-14,-0.5459189672768433
-5.5,1.7,0.2229448179616846,-5.745404152435185e-15,-0.5399196196535995
-5.299999999999999,1.7,0.1622810533815599,-1.10397802011164e-14,-0.5351854677701836
-5.099999999999999,1.7,0.1025727823693875,7.91033905045424e-16,-0.5318631201680723
-4.899999999999999,1.7,0.04343564124118745,2.831068712794149e-15,-0.530016382532074
-4.699999999999999,1.7,-0.01546861309067632,1.942890293094023e-15,-0.5296638751480489
-4.5,1.7,-0.07445318434996733,-7.056855100273651e-15,-0.5308078214991107
-4.299999999999999,1.7,-0.133840283423215,-1.221245327087672e-15,-0.5334409378143525
-4.099999999999999,1.7,-0.1939903654521751,-6.395383354840245e-15,-0.5375269679600096
-3.899999999999999,1.7,-0.2553140341343358,-3.391384395534657e-15,-0.5429660974598786
-3.699999999999999,1.7,-0.3182676999684747,-1.579812669572078e-14,-0.5495552273541956
-3.5,1.7,-0.383333333240753,2.102918533752884e-14,-0.5569429576876425
-3.299999999999999,1.7,-0.4509706593940657,2.169000656165875e-14,-0.5645804307151199
-3.099999999999999,1.7,-0.5215230893806891,1.534362914501485e-15,-0.5716888293323287
-2.899999999999999,1.7,-0.5950786676345373,-1.835163965235864e-14,-0.5772982724478978
-2.699999999999999,1.7,-0.6713630047224421,-3.086073063762739e-15,-0.5804242667983472
-2.5,1.7,-0.7498379564206,-4.659120311778508e-14,-0.5803412571461479
-2.299999999999999,1.7,-0.8300955485222874,-6.203371150093062e-15,-0.57667853944681
-2.099999999999999,1.7,-0.9122586015861494,2.532696274926138e-16,-0.5690374743023577
-1.899999999999999,1.7,-0.9968850237739515,-1.763172940982826e-14,-0.556268971429676
-1.699999999999999,1.7,-1.084207819917665,2.543625032824792e-13,-0.5359443876031841
-1.5,1.7,-1.172957303339144,-2.376293606332069e-13,-0.5044860051572099
-1.299999999999998,1.7,-1.259205134439955,-1.261699078547451e-13,-0.458291021194684
-1.099999999999999,1.7,-1.336141382040053,-5.626887844556449e-13,-0.3960721796989664
-0.9000000000000003,1.7,-1.396370762203601,1.008235162025528e-12,-0.3214104603239246
-0.6999999999999992,1.7,-1.436440565111287,-1.543591643393682e-12,-0.2422159776956462
-0.5,1.7,-1.458922232039639,2.149620759173132e-12,-0.1660152713728749
-0.2999999999999989,1.7,-1.469558638162457,1.633582158433455e-12,-0.09603711517862798
-0.09999999999999964,1.7,-1.473473492680355,-1.595445997537581e-12,-0.03134214454123224
0.1000000000000014,1.7,-1.473473492618294,1.957378703565382e-12,0.03134214475103512
0.3000000000000007,1.7,-1.469558638269148,6.895317650190691e-13,0.09603711514996472
0.5,1.7,-1.45892223207743,-1.107877678485635e-12,0.1660152712031602
0.700000000000001,1.7,-1.436440565376092,-9.515860321940294e-13,0.2422159777476508
0.9000000000000003,1.7,-1.396370762167425,-5.543968062404758e-13,0.3214104600025099
1.100000000000001,1.7,-1.336141381866635,-8.32917068649408e-13,0.39607217994241
1.3,1.7,-1.259205134757655,5.698844174339967e-13,0.4582910214556641
1.5,1.7,-1.172957303443924,1.91173465946548e-13,0.5044860049694396
1.700000000000001,1.7,-1.084207819744508,-1.770042445947694e-13,0.5359443875059988
1.9,1.7,-0.9968850239313183,9.208259155180087e-14,0.5562689711064423
2.100000000000001,1.7,-0.9122586015303093,-9.9552310839357e-14,0.5690374741699042
2.3,1.7,-0.830095548537367,-6.960057530314145e-14,0.5766785393050372
2.5,1.7,-0.7498379567459792,-3.872943632465819e-14,0.58034125722287
2.700000000000001,1.7,-0.671363004752389,-3.564336326089545e-14,0.5804242669500668
2.9,1.7,-0.5950786673553275,-1.653191472605897e-15,0.5772982726353816
3.100000000000001,1.7,-0.5215230892595132,-5.363764987720287e-15,0.571688829295013
3.3,1.7,-0.4509706595876983,-1.508233642144585e-14,0.5645804308177924
3.5,1.7,-0.3833333333040507,-4.048844592929867e-15,0.5569429575912758
3.700000000000001,1.7,-0.3182676999444261,1.364880430898551e-14,0.5495552275308551
3.9,1.7,-0.2553140340096644,-7.66574304034151e-15,0.5429660975564831
4.100000000000001,1.7,-0.1939903652497919,-5.48172618408671e-16,0.537526968023922
4.3,1.7,-0.1338402835379126,-7.466249840604177e-15,0.5334409376959898
4.5,1.7,-0.0744531842547232,-1.422473250300981e-15,0.5308078216358616
4.700000000000001,1.7,-0.01546861326439619,2.935152121352757e-15,0.5296638751554398
4.9,1.7,0.0434356412447793,-3.205768983605139e-15,0.5300163826321552
5.100000000000001,1.7,0.1025727823547868,-8.555656183517612e-15,0.5318631199549981
5.3,1.7,0.1622810533675366,1.264960358682287e-14,0.5351854676997038
5.5,1.7,0.2229448181963347,-6.362965709882928e-15,0.5399196196376761
5.700000000000001,1.7,0.284997744537822,2.061545378850837e-14,0.5459189674238007
5.9,1.7,0.3489110211461615,-7.903400156550333e-15,0.5529122009366509
6.100000000000001,1.7,0.4151614020069875,-1.814173811176544e-14,0.5604554975691868
6.3,1.7,0.4841621838903114,2.821354261328679e-14,0.5678874983291615
6.5,1.7,0.5561431712864553,-3.947536741932822e-14,0.5743241142012613
6.699999999999999,1.7,0.6310109913725463,4.440892098500626e-15,0.5787613975970964
6.900000000000002,1.7,0.7083213506469793,-2.461225667715893e-14,0.5803205440366174
7.100000000000001,1.7,0.78753455984858,4.062375436042486e-14,0.5784811170330381
7.3,1.7,0.8684775755444877,-1.038405472719716e-13,0.5729576695528627
7.5,1.7,0.9515538190422845,1.078477585014781e-13,0.563094141337481
7.699999999999999,1.7,1.037309104888297,1.667450899578426e-13,0.5471624786795207
7.900000000000002,1.7,1.125417730775241,-9.655470867286908e-15,0.5221091841155991
8.100000000000001,1.7,1.213433681273688,3.566556772138795e-13,0.4841374397152417
8.3,1.7,1.295922150659642,-4.034272915731662e-13,0.4304672297429564
8.5,1.7,1.365361207878756,-5.918703027685268e-13,0.362114744230828
8.699999999999999,1.7,1.416053096217822,5.058904684052123e-13,0.2852987403762568
8.900000000000002,1.7,1.448163438610938,-1.458760195971464e-12,0.2081565327996448
9.100000000000001,1.7,1.46660705149975,2.961356854180863e-12,0.1353274310474448
9.3,1.7,1.47623632060614,3.15560078067989e-12,0.06665894206420783
9.5,1.7,1.479294236593663,-1.700924123770875e-12,2.331721500204581e-6
-9.5,1.8,1.512250815625432,-3.732830017311172e-12,-2.266220404716079e-6
-9.3,1.8,1.509742169607654,-3.779032642370339e-12,-0.06946137807910619
-9.099999999999999,1.8,1.502081127238998,-9.810555146039234e-14,-0.1413905167699507
-8.9,1.8,1.486959815596592,1.951837996783112e-12,-0.2195287074298078
-8.699999999999999,1.8,1.457275527992882,-7.576231308981107e-13,-0.3055863777411442
-8.5,1.8,1.404678773732068,-4.742040093930199e-14,-0.3935469376847841
-8.3,1.8,1.328280182258334,-9.962274061248166e-13,-0.4711507261002519
-8.099999999999999,1.8,1.23671842634102,2.619779393420174e-13,-0.5294913827377899
-7.9,1.8,1.140663397277659,-2.714217739452351e-13,-0.5681593802659487
-7.7,1.8,1.046794569649836,4.19976553533985e-14,-0.5918684719360254
-7.5,1.8,0.957364966901412,-1.818892259031201e-13,-0.606000017770096
-7.299999999999999,1.8,0.8719195220463977,5.42864364572182e-14,-0.6144211435871765
-7.099999999999999,1.8,0.7891137884746415,-8.468573065023576e-14,-0.6189609829742298
-6.9,1.8,0.708108093050492,-1.676783711879181e-14,-0.6199268295572555
-6.699999999999999,1.8,0.629114835092468,-7.215755770673126e-14,-0.6172310579658058
-6.5,1.8,0.5529423841602161,2.808864252301646e-14,-0.6113171348930617
-6.299999999999999,1.8,0.4802062626463745,3.969047313034934e-14,-0.6032451768989969
-6.099999999999999,1.8,0.4109822256441084,-3.201258702567599e-14,-0.5942420466918698
-5.9,1.8,0.3449205330245721,4.024905408961387e-14,-0.5853327519028565
-5.699999999999999,1.8,0.2814754325177758,-1.57443502679655e-14,-0.5772333938361892
-5.5,1.8,0.2200629504418087,1.630640067418198e-15,-0.5703912336760343
-5.299999999999999,1.8,0.1601344966468591,1.347533196138783e-14,-0.5650579753677083
-5.099999999999999,1.8,0.1012037026557067,7.049916206369744e-15,-0.5613518148825982
-4.899999999999999,1.8,0.0428549440192144,3.101685575046531e-15,-0.559306280305142
-4.699999999999999,1.8,-0.01526121369562465,4.087008509401357e-15,-0.5589164175258287
-4.5,1.8,-0.07345700982469198,2.255140518769849e-15,-0.5601789291590593
-4.299999999999999,1.8,-0.1320580905082559,1.259409243559162e-15,-0.5631024818281759
-4.099999999999999,1.8,-0.191445813260127,6.442004048257121e-15,-0.5676793311447228
-3.899999999999999,1.8,-0.25207267055204,-1.41432004996389e-14,-0.5738400402657568
-3.699999999999999,1.8,-0.3144595881764679,9.52363188311267e-15,-0.5814069254991638
-3.5,1.8,-0.3791806246627408,2.431128215407696e-14,-0.590039643666044
-3.299999999999999,1.8,-0.44681771460695,8.61344415931109e-15,-0.5991651657683662
-3.099999999999999,1.8,-0.5178490549979926,1.560990919857729e-14,-0.6079110630006121
-2.899999999999999,1.8,-0.5924465218745256,-4.085620730620576e-14,-0.6151199700064036
-2.699999999999999,1.8,-0.670265321502925,3.102899881479714e-14,-0.6195809372366298
-2.5,1.8,-0.750520994959508,-2.997949111183118e-14,-0.6204917911119831
-2.299999999999999,1.8,-0.8326089970615071,4.992881108556446e-14,-0.6177239705647137
-2.099999999999999,1.8,-0.916844649148413,6.202677260702671e-14,-0.6112911976440851
-1.899999999999999,1.8,-1.004440119892144,-4.608813330975181e-14,-0.6002059872380808
-1.699999999999999,1.8,-1.096471494964651,5.648259637780483e-15,-0.5815944103880683
-1.5,1.8,-1.192234100678514,-4.867495295712842e-13,-0.5506702624546475
-1.299999999999998,1.8,-1.287397644379969,3.192099362614442e-13,-0.5019725083117093
-1.099999999999999,1.8,-1.372957833241764,-3.120698144343236e-13,-0.4326317462530002
-0.9000000000000003,1.8,-1.438044010662602,1.642450064842648e-12,-0.3470415128348044
-0.6999999999999992,1.8,-1.477642453722509,-1.676325744881523e-12,-0.2568408331059163
-0.5,1.8,-1.496355667752433,7.333439411283393e-13,-0.1727935226717925
-0.2999999999999989,1.8,-1.502970745764436,9.11978825790527e-14,-0.09852812991473303
-0.09999999999999964,1.8,-1.504465387275813,-1.259534143649432e-12,-0.03189691471208699
0.1000000000000014,1.8,-1.504465387228954,-2.336540683156584e-12,0.03189691463661203
0.3000000000000007,1.8,-1.502970745739885,4.737821246436624e-12,0.09852812997968943
0.5,1.8,-1.496355667854324,-9.597045380616009e-13,0.1727935228308097
0.700000000000001,1.8,-1.477642453703675,1.913913472151307e-12,0.2568408328881828
0.9000000000000003,1.8,-1.438044010823218,1.518653258703039e-12,0.3470415130879933
1.100000000000001,1.8,-1.372957833227907,4.672096043378815e-13,0.4326317462460312
1.3,1.8,-1.287397644328483,6.402101071500965e-13,0.5019725084674464
1.5,1.8,-1.19223410062144,4.652736529386913e-13,0.5506702624125463
1.700000000000001,1.8,-1.096471495204988,2.654161612714034e-13,0.5815944105204903
1.9,1.8,-1.004440120033426,8.905376436274536e-14,0.6002059873039526
2.100000000000001,1.8,-0.9168446491876652,1.014258121934119e-13,0.6112911973758394
2.3,1.8,-0.8326089971532084,5.214231824091086e-14,0.6177239706107087
2.5,1.8,-0.7505209948942868,5.235742395193199e-14,0.6204917912504563
2.700000000000001,1.8,-0.670265321557733,-2.279253175085926e-14,0.619580937337944
2.9,1.8,-0.592446522059076,3.936954928729363e-14,0.6151199700679215
3.100000000000001,1.8,-0.5178490550029422,1.384135861481894e-14,0.607911062953573
3.3,1.8,-0.4468177145899758,2.105032727989231e-14,0.5991651657501038
3.5,1.8,-0.3791806247151369,1.351870004828725e-14,0.5900396437402997
3.700000000000001,1.8,-0.3144595880212204,-8.958112029944231e-15,0.5814069257983682
3.9,1.8,-0.252072670594847,-3.105155021998484e-15,0.5738400402818713
4.100000000000001,1.8,-0.1914458132511793,-1.291360681582309e-14,0.5676793312591152
4.3,1.8,-0.1320580904820629,8.913009219568834e-15,0.5631024818287542
4.5,1.8,-0.0734570096312596,-3.809452753245068e-15,0.5601789291326467
4.700000000000001,1.8,-0.01526121373280624,-4.392319841173275e-15,0.5589164174262411
4.9,1.8,0.04285494398083811,-4.565792188770956e-15,0.5593062801041961
5.100000000000001,1.8,0.1012037025255802,5.245803791353864e-15,0.5613518147201757
5.3,1.8,0.1601344969353172,1.247613123922519e-14,0.565057975211586
5.5,1.8,0.2200629503854355,1.301736496372996e-14,0.5703912335736436
5.700000000000001,1.8,0.2814754324355716,6.203371150093062e-15,0.5772333938410045
5.9,1.8,0.3449205330830036,-1.737152088843174e-14,0.5853327518878999
6.100000000000001,1.8,0.4109822258914454,-2.180547409302846e-14,0.59424204686664
6.3,1.8,0.4802062625378384,-6.224187831804783e-15,0.6032451771728738
6.5,1.8,0.5529423841585435,1.292715934297916e-14,0.6113171347062973
6.699999999999999,1.8,0.6291148353516916,1.573741137406159e-14,0.6172310580184041
6.900000000000002,1.8,0.7081080928516537,8.069239720853715e-14,0.619926829345901
7.100000000000001,1.8,0.7891137884980743,1.083126643930398e-13,0.6189609831911261
7.3,1.8,0.8719195220821552,1.393364590374091e-13,0.6144211432772502
7.5,1.8,0.9573649669430746,-7.669906376683854e-14,0.6060000177558675
7.699999999999999,1.8,1.046794569616418,-7.804173973724459e-14,0.5918684717963416
7.900000000000002,1.8,1.140663397371226,2.787839403772807e-13,0.5681593804763049
8.100000000000001,1.8,1.236718426335983,3.161186590272535e-13,0.5294913825102167
8.3,1.8,1.328280182038355,5.84376297352307e-13,0.4711507261363572
8.5,1.8,1.404678773535903,4.901114236677273e-13,0.3935469374012888
8.699999999999999,1.8,1.457275527730325,1.258049220353996e-12,0.3055863778860432
8.900000000000002,1.8,1.486959815543295,-1.986754510907573e-12,0.2195287074609872
9.100000000000001,1.8,1.502081127248836,3.726713382334878e-12,0.1413905166939125
9.3,1.8,1.509742169686538,3.148262900376508e-12,0.06946137833646381
9.5,1.8,1.512250815462979,-2.049138636550651e-12,2.266214227546192e-6
-9.5,1.899999999999999,1.546038289351127,-9.374272191831067e-13,-2.164523946052154e-6
-9.3,1.899999999999999,1.544080473887025,1.735465937624525e-12,-0.07164261478800924
-9.099999999999999,1.899999999999999,1.53893542406207,3.791481018033948e-12,-0.1457662992606249
-8.9,1.899999999999999,1.529103587189614,-1.507995117666638e-13,-0.2285751502069504
-8.699999999999999,1.899999999999999,1.504309375675738,-1.747532674123419e-12,-0.3250958985824526
-8.5,1.899999999999999,1.450163791594504,1.796469223380725e-12,-0.4276126656362456
-8.3,1.899999999999999,1.364418436931144,-5.216660436957454e-14,-0.5168672924991939
-8.099999999999999,1.899999999999999,1.260968202820656,2.600454573897792e-13,-0.5798658546566966
-7.9,1.899999999999999,1.155222399886385,-3.75616204806306e-13,-0.6179382563938145
-7.7,1.899999999999999,1.055086774194014,2.773128948696523e-14,-0.6389122795754036
-7.5,1.899999999999999,0.9621487087382749,9.200626371885789e-14,-0.650269267404366
-7.299999999999999,1.899999999999999,0.8747107312030414,3.499978085130806e-14,-0.6568076886622894
-7.099999999999999,1.899999999999999,0.7902694189683552,8.339509638410902e-14,-0.6603214960752283
-6.9,1.899999999999999,0.7074042819808912,-5.989306273157524e-14,-0.6604640165885388
-6.699999999999999,1.899999999999999,0.6265026890907368,-3.280709037767337e-14,-0.6565217993607777
-6.5,1.899999999999999,0.5488637553544718,7.896461262646425e-15,-0.6488520598932845
-6.299999999999999,1.899999999999999,0.4753586518869569,3.181482854941464e-14,-0.6388283048555769
-6.099999999999999,1.899999999999999,0.4060057680398095,2.787353681199533e-14,-0.6279958076937282
-5.9,1.899999999999999,0.3402735734039842,3.5901837058816e-14,-0.6175430799303951
-5.699999999999999,1.899999999999999,0.2774446618260401,-4.954370247389761e-15,-0.6082278932699132
-5.5,1.899999999999999,0.2168106135153825,-1.976890873223169e-14,-0.6004816284042939
-5.299999999999999,1.899999999999999,0.1577395253205495,-1.124100812432971e-14,-0.594520930255288
-5.099999999999999,1.899999999999999,0.09969034049507678,1.475902733361067e-14,-0.5904237654565722
-4.899999999999999,1.899999999999999,0.04221688244702441,-2.914335439641035e-15,-0.5881818265130789
-4.699999999999999,1.899999999999999,-0.01503426516670715,3.587408148320037e-15,-0.587755759497031
-4.5,1.899999999999999,-0.07236074435671127,-4.222316940527548e-15,-0.5891338432418549
-4.299999999999999,1.899999999999999,-0.1300805213463153,-1.084202172485504e-14,-0.5923485688737918
-4.099999999999999,1.899999999999999,-0.1885924071349476,-1.044954053841529e-14,-0.5974324701136165
-3.899999999999999,1.899999999999999,-0.2483916577710811,-1.73298875250083e-15,-0.6043578330148058
-3.699999999999999,1.899999999999999,-0.3100670521624715,-6.982261990806648e-15,-0.6129856903094854
-3.5,1.899999999999999,-0.3742950060373274,-9.279035872999941e-15,-0.623004616832302
-3.299999999999999,1.899999999999999,-0.4418065601842637,-3.89083296831183e-14,-0.6338360062297517
-3.099999999999999,1.899999999999999,-0.5132668452423346,-3.997193201432658e-14,-0.6445142777515311
-2.899999999999999,1.899999999999999,-0.5889924402613668,4.149718763057919e-14,-0.6536388260276064
-2.699999999999999,1.899999999999999,-0.6685589889715093,-5.057065877167588e-14,-0.6596449381238456
-2.5,1.899999999999999,-0.750769396553088,6.940281682688009e-14,-0.6615665058411779
-2.299999999999999,1.899999999999999,-0.8346080545584718,1.264995053151807e-13,-0.6596550382106448
-2.099999999999999,1.899999999999999,-0.9205826405547146,-7.314288064108609e-14,-0.6546504568447451
-1.899999999999999,1.899999999999999,-1.010831650438946,2.279565425311602e-13,-0.6459623133445104
-1.699999999999999,1.899999999999999,-1.107693598657788,-3.696279393672341e-13,-0.6302839787239235
-1.5,1.899999999999999,-1.211505428971963,9.81159598012482e-14,-0.6013333138556582
-1.299999999999998,1.899999999999999,-1.317880441021495,8.103587245678056e-13,-0.5509837649242651
-1.099999999999999,1.899999999999999,-1.415002627486481,-4.018660404447871e-13,-0.4734312495205004
-0.9000000000000003,1.899999999999999,-1.486282016303492,-1.471302246702777e-12,-0.3737070147305512
-0.6999999999999992,1.899999999999999,-1.523990131992037,3.214192800804482e-12,-0.269599695398484
-0.5,1.899999999999999,-1.536466971397744,2.857096503827705e-12,-0.1768682871306128
-0.2999999999999989,1.899999999999999,-1.537213361442629,3.826716721277989e-12,-0.098973573860472
-0.09999999999999964,1.899999999999999,-1.53532289857206,-3.803561632320651e-12,-0.03168704974435977
0.1000000000000014,1.899999999999999,-1.535322898554863,-6.580673506118017e-12,0.03168704963616489
0.3000000000000007,1.899999999999999,-1.537213361492344,-5.149450310604208e-12,0.09897357401009679
0.5,1.899999999999999,-1.536466971790816,3.255985758787716e-12,0.1768682869773923
0.700000000000001,1.899999999999999,-1.523990131579354,2.888078665108651e-12,0.2695996953958972
0.9000000000000003,1.899999999999999,-1.486282016441163,2.433130086298973e-12,0.3737070152064163
1.100000000000001,1.899999999999999,-1.415002627631047,1.073863220568682e-12,0.4734312491717283
1.3,1.899999999999999,-1.317880441153399,9.159131786340424e-13,0.5509837648006532
1.5,1.899999999999999,-1.211505428869029,-2.998191972469754e-13,0.6013333142448269
1.700000000000001,1.899999999999999,-1.107693598333022,1.812577865578646e-13,0.6302839786811065
1.9,1.899999999999999,-1.010831650209863,-1.441347041719609e-13,0.6459623129923416
2.100000000000001,1.899999999999999,-0.920582640371518,-1.089302259504876e-13,0.6546504564688417
2.3,1.899999999999999,-0.8346080547329008,3.759839661832131e-14,0.6596550385747278
2.5,1.899999999999999,-0.7507693965668412,-8.337601442587327e-14,0.6615665055963269
2.700000000000001,1.899999999999999,-0.6685589891449037,-6.335383606614897e-14,0.6596449378515578
2.9,1.899999999999999,-0.5889924403544275,4.876047482449408e-14,0.6536388261629042
3.100000000000001,1.899999999999999,-0.51326684529887,2.45623833772246e-14,0.6445142776994383
3.3,1.899999999999999,-0.4418065602069536,7.075394957423153e-15,0.6338360061668753
3.5,1.899999999999999,-0.3742950061603593,-6.719451384196162e-15,0.623004616573616
3.700000000000001,1.899999999999999,-0.3100670523908584,-7.787173683659887e-15,0.6129856902349484
3.9,1.899999999999999,-0.2483916579022362,6.822667431016782e-15,0.6043578331501988
4.100000000000001,1.899999999999999,-0.1885924071128321,1.275889116580941e-14,0.5974324702964363
4.3,1.899999999999999,-0.1300805213244998,-2.35228503342455e-15,0.5923485688689584
4.5,1.899999999999999,-0.07236074414613472,-8.500145032286354e-16,0.5891338433086146
4.700000000000001,1.899999999999999,-0.01503426526861309,-4.267419750902945e-15,0.5877557594602727
4.9,1.899999999999999,0.0422168823493977,-1.762479051592436e-15,0.5881818262706379
5.100000000000001,1.899999999999999,0.09969034053929334,-1.432881591156842e-14,0.5904237656056678
5.3,1.899999999999999,0.1577395253177664,1.183775300006573e-14,0.5945209303739509
5.5,1.899999999999999,0.2168106135186646,-2.166322676799836e-14,0.600481628356312
5.700000000000001,1.899999999999999,0.2774446619550091,2.849803726334698e-14,0.6082278930183848
5.9,1.899999999999999,0.3402735731880769,4.888450755302642e-15,0.6175430797586589
6.100000000000001,1.899999999999999,0.4060057680801256,5.266967417760781e-14,0.6279958076863241
6.3,1.899999999999999,0.4753586519185126,-1.412758798835511e-14,0.6388283048912823
6.5,1.899999999999999,0.5488637552229992,-8.430756093247282e-16,0.6488520597403979
6.699999999999999,1.899999999999999,0.6265026891718911,6.223146997719197e-14,0.656521799350668
6.900000000000002,1.899999999999999,0.7074042818219747,9.279035872999941e-14,0.660464016349883
7.100000000000001,1.899999999999999,0.7902694192742668,1.269678806536944e-13,0.6603214960215444
7.3,1.899999999999999,0.8747107315243848,1.689273720906214e-14,0.6568076890683043
7.5,1.899999999999999,0.9621487088155711,-8.675005158664816e-14,0.6502692675549033
7.699999999999999,1.899999999999999,1.055086774294995,-2.578076641057691e-13,0.6389122797414569
7.900000000000002,1.899999999999999,1.155222399725365,-1.329492071988625e-13,0.6179382564666353
8.100000000000001,1.899999999999999,1.260968202525354,9.704043124614258e-15,0.5798658546020223
8.3,1.899999999999999,1.364418436658434,8.625981873233712e-13,0.5168672921279744
8.5,1.899999999999999,1.450163791708751,-4.568116718228765e-13,0.4276126659038698
8.699999999999999,1.899999999999999,1.504309375757685,-2.991301650823174e-12,0.3250958986684644
8.900000000000002,1.899999999999999,1.529103587071364,-4.153337396228806e-12,0.2285751504110503
9.100000000000001,1.899999999999999,1.538935424180931,-7.991940442764189e-13,0.145766299122228
9.3,1.899999999999999,1.544080473919873,3.074356741405992e-12,0.07164261475825702
9.5,1.899999999999999,1.546038289580864,-7.642032839871859e-12,2.164530313378959e-6
-9.5,2.,1.580183050562117,6.50941106572489e-12,-2.022484860534495e-6
-9.3,2.,1.578538486800806,1.095138563167452e-11,-0.0732422902117463
-9.099999999999999,2.,1.576168369720286,2.391926934297572e-12,-0.1478241182749615
-8.9,2.,1.574480285489622,-3.130891379488076e-12,-0.2336248353949495
-8.699999999999999,2.,1.558862090058234,2.509038116160766e-12,-0.3425678525559273
-8.5,2.,1.503978825493264,-2.250002267834005e-12,-0.4651220190464402
-8.3,2.,1.404914617574635,-1.49157075579609e-12,-0.5695392560411158
-8.099999999999999,2.,1.28552210909619,-5.279145176562138e-13,-0.6365838643433966
-7.9,2.,1.168191558429764,-5.100538047475566e-13,-0.6719432251127079
-7.7,2.,1.061481173499709,2.672861931785064e-13,-0.688270714609991
-7.5,2.,0.9655266999212895,-1.873744215341588e-13,-0.695651794052854
-7.299999999999999,2.,0.876776634413159,-2.312143532190447e-13,-0.6998842779324614
-7.099999999999999,2.,0.7910792523566916,5.200700980978467e-14,-0.7025122129065938
-6.9,2.,0.70623002856239,1.346457667583678e-13,-0.7020548200289206
-6.699999999999999,2.,0.6230547497958016,-9.212769436217627e-14,-0.6967718338218543
-6.5,2.,0.5437232840870998,-9.280770596475918e-15,-0.6869763804974427
-6.299999999999999,2.,0.4694560175179808,-3.286260152890463e-14,-0.6746013060290487
-6.099999999999999,2.,0.400117666532478,-6.598541157920578e-14,-0.6616419185873414
-5.9,2.,0.3348994501305177,1.045344366623624e-14,-0.6494597565165035
-5.699999999999999,2.,0.2728656101132914,-3.286260152890463e-14,-0.6388239884741427
-5.5,2.,0.213168482483485,1.687885942125433e-14,-0.6301214059827825
-5.299999999999999,2.,0.1550904184544212,1.64174229766445e-14,-0.6235150096003256
-5.099999999999999,2.,0.0980348294636915,1.71876401999782e-14,-0.6190302885916763
-4.899999999999999,2.,0.04152452941469275,-7.202571872255703e-15,-0.6166035179528115
-4.699999999999999,2.,-0.01478904360883756,8.673617379884035e-16,-0.6161447283329837
-4.5,2.,-0.07116800245823133,-9.471590178833366e-16,-0.617628897496105
-4.299999999999999,2.,-0.1279066464177254,2.0643209364124e-15,-0.6211250603884804
-4.099999999999999,2.,-0.1854184259850382,-1.179611963664228e-16,-0.626721783471343
-3.899999999999999,2.,-0.2442425383751067,-2.787353681199533e-14,-0.6344450849195894
-3.699999999999999,2.,-0.3050364014597451,2.644932883821837e-14,-0.6442093034728029
-3.5,2.,-0.3685854294787734,3.84223902694103e-14,-0.6557556356049089
-3.299999999999999,2.,-0.435797526151338,3.466801498652749e-14,-0.6685319666111098
-3.099999999999999,2.,-0.5075953138769824,-4.546710230535211e-14,-0.6814983982088951
-2.899999999999999,2.,-0.5845502425511435,-7.056508155578455e-14,-0.6929514238906774
-2.699999999999999,2.,-0.6661899445278105,-6.961445309094926e-15,-0.7007663726297286
-2.5,2.,-0.7506516461766996,-2.623248840372127e-14,-0.7036148632801053
-2.299999999999999,2.,-0.8361160538314231,-7.931155732165962e-15,-0.7023181754966331
-2.099999999999999,2.,-0.9232516142655451,-3.56173424087558e-14,-0.698849266021825
-1.899999999999999,2.,-1.015508991188759,-1.394440118929196e-13,-0.6933746526142565
-1.699999999999999,2.,-1.117043140894387,3.273700754924391e-13,-0.682218016954771
-1.5,2.,-1.229907132901748,4.928002450554913e-14,-0.6573551837908292
-1.299999999999998,2.,-1.350451081317915,-1.058819698585011e-12,-0.6070447173324604
-1.099999999999999,2.,-1.463693364960788,8.005679452693925e-13,-0.5201333687467116
-0.9000000000000003,2.,-1.5432977982881,2.203771887199224e-12,-0.401258556289254
-0.6999999999999992,2.,-1.576504342601892,-3.75413589104312e-12,-0.2789606017956631
-0.5,2.,-1.578928141411597,-5.241550249390769e-12,-0.1768721200072583
-0.2999999999999989,2.,-1.571442579039764,-3.181177543609692e-12,-0.09660345235167625
-0.09999999999999964,2.,-1.564933691002249,8.781357585530003e-12,-0.03040506038355048
0.1000000000000014,2.,-1.564933690853654,-2.574836177604567e-12,0.03040506040765425
0.3000000000000007,2.,-1.571442578785676,2.828556833200934e-12,0.09660345202820203
0.5,2.,-1.578928141444616,2.920670649775303e-12,0.1768721200103236
0.700000000000001,2.,-1.576504342542831,-3.917435820177672e-12,0.2789606018422752
0.9000000000000003,2.,-1.543297798040245,-2.615067884459421e-12,0.4012585564432706
1.100000000000001,2.,-1.463693365124509,1.750863343197295e-12,0.5201333688243807
1.3,2.,-1.350451081141474,2.313080282867474e-13,0.6070447175592372
1.5,2.,-1.229907133099913,-5.254720270020385e-13,0.6573551833994426
1.700000000000001,2.,-1.117043141318007,-8.641351523230866e-14,0.6822180167598607
1.9,2.,-1.015508991401788,-7.122774592360769e-15,0.6933746522895212
2.100000000000001,2.,-0.9232516144212358,1.610760136383504e-13,0.6988492660215388
2.3,2.,-0.836116053896068,-1.143460326424872e-13,0.702318175484092
2.5,2.,-0.7506516461534243,-1.08073272553355e-13,0.7036148635469332
2.700000000000001,2.,-0.6661899443933945,-2.010717981004717e-14,0.7007663726511204
2.9,2.,-0.5845502424695661,-2.403025695096872e-14,0.6929514241223617
3.100000000000001,2.,-0.507595313878999,1.311581052099164e-14,0.6814983980827131
3.3,2.,-0.4357975260999212,2.578991707691269e-14,0.6685319664869929
3.5,2.,-0.3685854295461701,-1.651543485303719e-14,0.6557556354453877
3.700000000000001,2.,-0.3050364013842156,-2.23709939461969e-14,0.6442093036803644
3.9,2.,-0.2442425383128325,-4.113029361541009e-15,0.634445084911098
4.100000000000001,2.,-0.1854184261831144,2.10621450835724e-14,0.6267217834919276
4.3,2.,-0.1279066464915686,-1.258715354168771e-14,0.6211250602590842
4.5,2.,-0.07116800240263673,-1.14734610701106e-14,0.6176288974694585
4.700000000000001,2.,-0.01478904342604295,-1.360023205165816e-15,0.6161447284204315
4.9,2.,0.04152452949170348,8.805456364058272e-15,0.6166035178831612
5.100000000000001,2.,0.09803482936158647,1.20042864537595e-14,0.6190302884787075
5.3,2.,0.1550904182449701,-9.63812363252714e-15,0.6235150098066508
5.5,2.,0.213168482371463,2.513614316690393e-14,0.6301214060186178
5.700000000000001,2.,0.2728656102314639,-2.948336019770181e-14,0.6388239883937075
5.9,2.,0.334899450230804,5.793282520372145e-14,0.6494597564240391
6.100000000000001,2.,0.4001176663495472,-5.197578478721709e-14,0.6616419187461644
6.3,2.,0.4694560172816476,-1.972727536880825e-14,0.6746013062077245
6.5,2.,0.5437232840568573,-5.583380979778951e-14,0.6869763801720004
6.699999999999999,2.,0.6230547498502435,-7.056855100273651e-14,0.6967718336577662
6.900000000000002,2.,0.7062300286380632,6.742176261731458e-14,0.7020548201742141
7.100000000000001,2.,0.7910792522923639,-4.304542833288849e-14,0.7025122128221243
7.3,2.,0.8767766341518521,2.282653233098841e-13,0.6998842777424728
7.5,2.,0.9655267000635376,3.008635007795135e-13,0.695651794381596
7.699999999999999,2.,1.061481173637771,-2.171075819124013e-13,0.6882707143535361
7.900000000000002,2.,1.168191558668227,-4.502301309550205e-13,0.671943224922481
8.100000000000001,2.,1.285522109351954,6.142759911842432e-13,0.6365838642744661
8.3,2.,1.404914617405524,5.682052051092512e-13,0.5695392556262847
8.5,2.,1.503978825804167,-1.434578150716348e-12,0.4651220189417196
8.699999999999999,2.,1.558862090592472,8.432247955436622e-13,0.3425678525590465
8.900000000000002,2.,1.574480285794844,-5.159827426437502e-12,0.2336248354426175
9.100000000000001,2.,1.576168369507118,9.662746297545155e-12,0.1478241182755952
9.3,2.,1.578538486747898,-1.035305174923451e-11,0.07324229010416283
9.5,2.,1.580183050812771,5.990992424376173e-12,2.022341971372188e-6
-9.5,2.1,1.614163435795584,-1.444904959568837e-11,-1.835582507093286e-6
-9.3,2.1,1.612137489812908,1.259718371282581e-11,-0.07462245246226972
-9.099999999999999,2.1,1.611875465253789,-1.179677189266925e-11,-0.1469776768380307
-8.9,2.1,1.622425934585756,2.580650970696041e-12,-0.2319222756736328
-8.699999999999999,2.1,1.623585638355025,2.661922765545554e-12,-0.3556290428981698
-8.5,2.1,1.569740436683644,1.515097075577287e-12,-0.5075121696602555
-8.3,2.1,1.450223377869355,2.380040609040179e-14,-0.6322675135133911
-8.099999999999999,2.1,1.309112070937739,-9.162809400109495e-13,-0.7012859869206049
-7.9,2.1,1.178275402229528,-1.871766630578974e-14,-0.7305907270827142
-7.7,2.1,1.065077715034427,-2.369424101367201e-13,-0.7397339080452418
-7.5,2.1,0.9670754129406249,-1.907016211610823e-13,-0.7416959650425161
-7.299999999999999,2.1,0.8781243989266753,2.309957780610716e-13,-0.74326819819957
-7.099999999999999,2.1,0.7917622938655084,1.724523301938063e-13,-0.7454630518017
-6.9,2.1,0.7046686955990636,6.509029426560175e-14,-0.7449166414938408
-6.699999999999999,2.1,0.6186058734706738,1.820418815690061e-14,-0.7381932749886706
-6.5,2.1,0.5372737547219895,1.876970801006905e-15,-0.7257403683289787
-6.299999999999999,2.1,0.4623014722107369,-1.518576930870096e-14,-0.7104997537908528
-6.099999999999999,2.1,0.3931945999084556,-1.691702333772582e-14,-0.6950768008958478
-5.9,2.1,0.3287295489643054,5.289865767643675e-14,-0.6809791741406976
-5.699999999999999,2.1,0.2677037114550831,1.701416785238052e-14,-0.6689303457469234
-5.5,2.1,0.2091228265926402,-2.37622421739303e-14,-0.6592328363502117
-5.299999999999999,2.1,0.1521872213506769,3.48991668897014e-14,-0.6519753801021179
-5.099999999999999,2.1,0.09624549698500936,1.183081410616182e-14,-0.6471204615002442
-4.899999999999999,2.1,0.0407851825818329,5.120903701083534e-15,-0.644534134945409
-4.699999999999999,2.1,-0.01452841184335572,1.242062008799393e-15,-0.6440499130154173
-4.5,2.1,-0.06988817143277491,-8.871375856145391e-15,-0.6456204418249648
-4.299999999999999,2.1,-0.1255416087157387,-1.987646158774225e-14,-0.6493737478371635
-4.099999999999999,2.1,-0.1819177977024127,-1.85190404677904e-14,-0.6554758382112406
-3.899999999999999,2.1,-0.2396024706325817,-4.598058045424124e-14,-0.6640171154751077
-3.699999999999999,2.1,-0.2993182869912516,-2.867844850484857e-14,-0.6749793574906954
-3.5,2.1,-0.3619588873905765,-1.776443575574049e-14,-0.6881858014002697
-3.299999999999999,2.1,-0.4286316444746904,-5.30742984283794e-14,-0.7031609815155255
-3.099999999999999,2.1,-0.5006037067858653,-7.612226821107626e-14,-0.7188444328328136
-2.899999999999999,2.1,-0.5788887131396538,3.540570614468663e-15,-0.7331900682488836
-2.699999999999999,2.1,-0.6631050076232334,-1.072995858830694e-13,-0.7431946640966546
-2.5,2.1,-0.750353823031199,1.116103737208717e-13,-0.7467361914382193
-2.299999999999999,2.1,-0.8372814741526994,-1.893520062967724e-13,-0.7454663147901028
-2.099999999999999,2.1,-0.9246503354189644,1.220447354288722e-13,-0.7434361413664248
-1.899999999999999,2.1,-1.017802265405192,-3.029486383976376e-13,-0.7420798042474691
-1.699999999999999,2.1,-1.123404929635808,3.744053678200742e-13,-0.7374554336996619
-1.5,2.1,-1.246073432310062,7.52516104984835e-13,-0.7196740938273475
-1.299999999999998,2.1,-1.384373640461977,1.057105791790746e-13,-0.6725818437122667
-1.099999999999999,2.1,-1.521090856733999,-5.311584505562905e-13,-0.5756122996369859
-0.9000000000000003,2.1,-1.612713475731387,-4.505354422867924e-13,-0.4292383975180929
-0.6999999999999992,2.1,-1.636413769465759,-2.402286702896105e-12,-0.2823097946567645
-0.5,2.1,-1.622829971541157,-8.51439752036498e-12,-0.1709227427522996
-0.2999999999999989,2.1,-1.604406921551809,1.830473272956822e-12,-0.09055297673190912
-0.09999999999999964,2.1,-1.591663945906733,6.167732991002594e-12,-0.02756870025985971
0.1000000000000014,2.1,-1.591663946088405,1.656768472413361e-11,0.02756870021005543
0.3000000000000007,2.1,-1.604406921605352,3.507055756912791e-12,0.09055297667836737
0.5,2.1,-1.622829971334269,3.973467388451723e-12,0.1709227425492895
0.700000000000001,2.1,-1.636413769769063,6.279914088747062e-12,0.2823097944287089
0.9000000000000003,2.1,-1.612713475976786,-1.753999723241861e-12,0.4292383976379908
1.100000000000001,2.1,-1.521090856585865,2.041040947364791e-12,0.57561229869061
1.3,2.1,-1.384373640846038,5.698670701992369e-13,0.6725818437829592
1.5,2.1,-1.246073432951465,3.286156069481904e-13,0.7196740941636649
1.700000000000001,2.1,-1.12340492917759,-2.198866089209161e-13,0.7374554338242926
1.9,2.1,-1.017802265470572,-1.5198259317728e-13,0.7420798041572325
2.100000000000001,2.1,-0.9246503354436538,-2.126944453895163e-13,0.7434361416815693
2.3,2.1,-0.8372814741232101,-1.588694453769079e-13,0.7454663149722715
2.5,2.1,-0.7503538230815834,-5.022024462952856e-15,0.7467361910987977
2.700000000000001,2.1,-0.6631050074854685,8.936601458842119e-14,0.7431946640124842
2.9,2.1,-0.5788887133588016,7.383416794626285e-14,0.7331900681858224
3.100000000000001,2.1,-0.5006037066959959,-5.084756400652867e-14,0.718844432605338
3.3,2.1,-0.4286316446059876,-3.400621798044234e-14,0.7031609814108268
3.5,2.1,-0.3619588873436142,2.686392774897683e-14,0.6881858014111245
3.700000000000001,2.1,-0.2993182867008686,4.225439442784306e-14,0.6749793575544144
3.9,2.1,-0.2396024708906877,-2.160424616981515e-14,0.6640171157001948
4.100000000000001,2.1,-0.1819177976135051,-2.949290117681968e-14,0.6554758381314279
4.3,2.1,-0.12554160892943,-1.856154119295183e-15,0.6493737478457946
4.5,2.1,-0.06988817148751333,-1.62751756516144e-14,0.6456204419302893
4.700000000000001,2.1,-0.0145284118818894,-1.561251128379126e-15,0.6440499129067329
4.9,2.1,0.04078518250990594,7.577272143066693e-15,0.6445341349202797
5.100000000000001,2.1,0.09624549713288393,-2.233629947667736e-14,0.6471204617090249
5.3,2.1,0.1521872214133305,-1.647987302177966e-14,0.6519753802996347
5.5,2.1,0.2091228266593112,1.601496713021788e-14,0.6592328363312061
5.700000000000001,2.1,0.2677037115537804,3.236300116782331e-14,0.6689303455843
5.9,2.1,0.3287295490214822,3.634592626866606e-14,0.6809791742503137
6.100000000000001,2.1,0.3931946000603919,6.253678130896389e-14,0.6950768010772685
6.3,2.1,0.4623014721382169,-4.145989107584569e-14,0.7104997540693885
6.5,2.1,0.5372737547794905,-1.783295733304157e-14,0.7257403683275756
6.699999999999999,2.1,0.6186058731450234,-1.363943680221524e-13,0.7381932748347876
6.900000000000002,2.1,0.7046686957839726,-9.768921782615791e-14,0.7449166415810786
7.100000000000001,2.1,0.7917622938277462,4.569608580418105e-14,0.7454630516002269
7.3,2.1,0.8781243990850151,8.070974444329692e-14,0.7432681984235491
7.5,2.1,0.9670754132336845,1.535854776690825e-13,0.7416959649454717
7.699999999999999,2.1,1.06507771497721,-3.074485110943214e-13,0.7397339080736227
7.900000000000002,2.1,1.178275401762112,1.218747325282265e-13,0.7305907271789218
8.100000000000001,2.1,1.309112070509729,6.537548280505234e-13,0.7012859869087479
8.3,2.1,1.45022337759432,-1.602440402592719e-12,0.6322675143993812
8.5,2.1,1.569740436296885,-5.869818520132241e-13,0.5075121700079385
8.699999999999999,2.1,1.623585638519178,-5.421045556897041e-12,0.3556290430082087
8.900000000000002,2.1,1.622425934468063,-5.675401121285617e-12,0.2319222760106005
9.100000000000001,2.1,1.611875465023969,1.048262171510216e-12,0.1469776770883972
9.3,2.1,1.612137490071189,1.2598685983356e-11,0.074622452290019
9.5,2.1,1.614163435739175,-1.170327376676105e-11,1.835581892054016e-6
-9.5,2.2,1.647360478250824,-2.610410498871118e-11,-1.597872985818066e-6
-9.3,2.2,1.643587591388061,-8.683213870153139e-12,-0.07676440707871062
-9.099999999999999,2.2,1.642407378738607,1.927054696371222e-11,-0.1431462114826008
-8.9,2.2,1.671071539058794,1.0300302277777e-12,-0.2187823266137746
-8.699999999999999,2.2,1.702600149864959,-3.409047349967053e-12,-0.3596737823561397
-8.5,2.2,1.654026749762961,-1.953690681455455e-12,-0.5576369731606561
-8.3,2.2,1.499984991891562,-1.31723104646042e-12,-0.7101850051175523
-8.099999999999999,2.2,1.329457963836882,-1.054260845290144e-13,-0.7757622481330561
-7.9,2.2,1.183707035206273,-6.883521530554048e-13,-0.7940672670128019
-7.7,2.2,1.064763420877278,1.379625580444354e-13,-0.7928134607313501
-7.5,2.2,0.9663357090881421,3.13617187774895e-13,-0.7876718028304707
-7.299999999999999,2.2,0.8788963517603702,-2.058769821289274e-14,-0.7863592223952394
-7.099999999999999,2.2,0.7927793822810729,-2.550216982033504e-13,-0.7890879728801678
-6.9,2.2,0.702896115731692,-1.431910146010295e-13,-0.7894511068158853
-6.699999999999999,2.2,0.6128920893357281,-7.199449369998944e-14,-0.781111036464548
-6.5,2.2,0.5291709755102473,-9.198891648409812e-14,-0.7651792716534451
-6.299999999999999,2.2,0.4536610010254622,-4.349992588359441e-14,-0.7464102930732162
-6.099999999999999,2.2,0.3851098753357949,4.726774527341604e-14,-0.7281588654707809
-5.9,2.2,0.321702569619639,-6.861872181573858e-14,-0.7119748988307406
-5.699999999999999,2.2,0.2619328231428682,1.951910855169103e-14,-0.6984426567147985
-5.5,2.2,0.2046670716062107,5.573666528313481e-14,-0.6877301340667184
-5.299999999999999,2.2,0.149036854287835,3.407343851513644e-14,-0.6798313793173312
-5.099999999999999,2.2,0.09433918232827866,-2.458797054849526e-14,-0.6746408262731004
-4.899999999999999,2.2,0.04001313858115611,-5.002942504717111e-15,-0.6719413190089162
-4.699999999999999,2.2,-0.01425798189338724,3.358424649491098e-15,-0.6714456967495684
-4.5,2.2,-0.06853941499010167,-3.13984949151802e-15,-0.6730656466678957
-4.299999999999999,2.2,-0.1229981522236948,2.237793284010081e-14,-0.6770317993017253
-4.099999999999999,2.2,-0.1780912469215133,-2.067269966321561e-14,-0.6836164133240579
-3.899999999999999,2.2,-0.2344564940555556,5.414071968523614e-14,-0.692979225518171
-3.699999999999999,2.2,-0.292871918836243,5.038677808322233e-14,-0.7051802547441542
-3.5,2.2,-0.3543263543633435,-1.821459649775647e-15,-0.7201582550523825
-3.299999999999999,2.2,-0.4201336920392069,5.8115838530437e-14,-0.7375853904464924
-3.099999999999999,2.2,-0.4919957885452003,8.247309085662735e-14,-0.7564914577485712
-2.899999999999999,2.2,-0.5716606910628834,3.493906552964887e-14,-0.7745252081125508
-2.699999999999999,2.2,-0.659226194681916,1.003329364035465e-13,-0.7873557977934964
-2.5,2.2,-0.7502616611995448,1.024406254268583e-13,-0.7911385842954608
-2.299999999999999,2.2,-0.8384618548135409,1.940791277688092e-13,-0.788714496687605
-2.099999999999999,2.2,-0.9246238714246264,-5.412337245047638e-14,-0.7876985974839911
-1.899999999999999,2.2,-1.016916534491937,8.485920299783344e-14,-0.7914334103482918
-1.699999999999999,2.2,-1.125340334407332,-2.424692391311822e-13,-0.7958010334940699
-1.5,2.2,-1.257960622143122,-1.124655923945283e-13,-0.7891038802571462
-1.299999999999998,2.2,-1.417708445850409,-2.633969431453664e-13,-0.7508443444032818
-1.099999999999999,2.2,-1.590136378634468,2.150217504048868e-12,-0.6453508775463719
-0.9000000000000003,2.2,-1.7008599008148,-3.341757426333913e-12,-0.4562658681385841
-0.6999999999999992,2.2,-1.704962594499106,-2.493318052021464e-12,-0.2751461232922093
-0.5,2.2,-1.665944600610153,-4.866801406322451e-13,-0.1565096519830087
-0.2999999999999989,2.2,-1.634360443377438,-1.707406438455905e-11,-0.08010523315408227
-0.09999999999999964,2.2,-1.612975950402154,6.434117127973593e-12,-0.02217930815051313
0.1000000000000014,2.2,-1.612975950416447,2.77932121761637e-11,0.0221793080731928
0.3000000000000007,2.2,-1.634360443218678,9.094107411566909e-12,0.08010523319706858
0.5,2.2,-1.665944600485514,1.455234543978889e-11,0.1565096522279601
0.700000000000001,2.2,-1.70496259480366,9.94535703791044e-12,0.2751461234339365
0.9000000000000003,2.2,-1.700859900569865,-4.456025826105047e-12,0.4562658681904013
1.100000000000001,2.2,-1.590136378903336,-1.449885350668367e-12,0.6453508782931342
1.3,2.2,-1.417708446173982,7.614672781208753e-13,0.7508443445974677
1.5,2.2,-1.257960622740575,6.868117186087374e-14,0.789103880437278
1.700000000000001,2.2,-1.125340334210598,-3.310997309657892e-13,0.7958010337231965
1.9,2.2,-1.016916534523854,3.336809994980427e-13,0.7914334105206063
2.100000000000001,2.2,-0.9246238712106361,1.062275267749157e-13,0.7876985974922814
2.3,2.2,-0.8384618549666543,2.342310373437683e-13,0.7887144967776347
2.5,2.2,-0.7502616612520645,-2.049749259214195e-14,0.7911385840464474
2.700000000000001,2.2,-0.6592261948798556,3.216003852113402e-14,0.7873557978388786
2.9,2.2,-0.5716606908753301,7.668345125555475e-15,0.774525208314988
3.100000000000001,2.2,-0.4919957886381533,3.153488754847888e-14,0.7564914575145511
3.3,2.2,-0.4201336922924127,3.131132506051237e-14,0.7375853905040261
3.5,2.2,-0.354326354266897,1.676696975705382e-14,0.7201582549438105
3.700000000000001,2.2,-0.2928719187530982,3.389476199711083e-14,0.7051802547905836
3.9,2.2,-0.2344564941287393,-6.025388521457841e-14,0.6929792256462532
4.100000000000001,2.2,-0.1780912468585013,4.45624440126302e-14,0.6836164131553192
4.3,2.2,-0.1229981522294058,1.76664238793478e-14,0.6770317994531562
4.5,2.2,-0.06853941491841814,1.92068583260152e-14,0.6730656466704975
4.700000000000001,2.2,-0.0142579818288523,-1.970645868709652e-15,0.6714456968642732
4.9,2.2,0.04001313856532741,4.517219931443605e-15,0.6719413188880667
5.100000000000001,2.2,0.09433918222723575,-4.937023012629993e-15,0.6746408262935743
5.3,2.2,0.149036854185432,1.231306723248337e-14,0.6798313792199168
5.5,2.2,0.2046670716608774,5.946632075648494e-14,0.6877301340612276
5.700000000000001,2.2,0.2619328232729711,-3.639102907904145e-14,0.6984426564681046
5.9,2.2,0.3217025697165169,1.00371100320018e-14,0.7119748989272808
6.100000000000001,2.2,0.385109875288339,8.133771434160053e-14,0.7281588654092773
6.3,2.2,0.4536610010531234,6.90211776621652e-14,0.7464102932061194
6.5,2.2,0.5291709753994648,-8.590350653037148e-15,0.7651792715531694
6.699999999999999,2.2,0.6128920893580691,-8.869294187974219e-14,0.7811110364904274
6.900000000000002,2.2,0.7028961155328731,1.394787063624392e-13,0.789451106911301
7.100000000000001,2.2,0.7927793824289244,-1.078338807136702e-13,0.7890879730466655
7.3,2.2,0.8788963518164474,1.36800293315531e-14,0.7863592225367048
7.5,2.2,0.9663357088059036,1.392254367349465e-13,0.7876718029939403
7.699999999999999,2.2,1.064763420732129,-5.386524559725103e-13,0.7928134606314756
7.900000000000002,2.2,1.183707034686848,4.314257284754319e-14,0.7940672664586663
8.100000000000001,2.2,1.3294579640087,-1.241926700368267e-12,0.7757622480094927
8.3,2.2,1.499984991539737,-8.139808271856452e-13,0.7101850043862547
8.5,2.2,1.654026749208571,1.428253348922936e-12,0.5576369738478514
8.699999999999999,2.2,1.702600149976996,-7.18779202824038e-13,0.359673782729913
8.900000000000002,2.2,1.671071539091458,5.714748119167723e-12,0.2187823267212369
9.100000000000001,2.2,1.64240737887348,3.016892291540784e-13,0.1431462113681505
9.3,2.2,1.643587591227297,-3.82472872817452e-12,0.07676440707946216
9.5,2.2,1.647360478287074,1.725287274156883e-11,1.598038370725224e-6
-9.5,2.3,1.678460453625414,3.080041430236768e-11,-1.30483384314789e-6
-9.3,2.3,1.67107350729174,-3.844203427805226e-11,-0.0815444313608265
-9.099999999999999,2.3,1.660484285758802,-4.4718721781134e-11,-0.1383456778946524
-8.9,2.3,1.716422336717761,-1.373973851359622e-12,-0.1856306554205057
-8.699999999999999,2.3,1.801552687130247,-6.741652375241713e-12,-0.3456192330225896
-8.5,2.3,1.770768024496743,-5.768614752543754e-13,-0.622066581133424
-8.3,2.3,1.550694571243158,1.987673914349841e-12,-0.8115242082688556
-8.099999999999999,2.3,1.342865733979591,1.375937558334428e-12,-0.8613532441168565
-7.9,2.3,1.182245910917484,4.029068745303732e-14,-0.8621344614839533
-7.7,2.3,1.059210477841222,3.501539336259185e-13,-0.8466409362102218
-7.5,2.3,0.9628222059737072,-1.937512650318495e-13,-0.8324821915377416
-7.299999999999999,2.3,0.8794306490283941,1.579049391242648e-13,-0.828231045965458
-7.099999999999999,2.3,0.7950153175740232,-1.676957184226779e-13,-0.8332778418986298
-6.9,2.3,0.7012194480513358,6.002837116270143e-14,-0.8364263041257764
-6.699999999999999,2.3,0.6054347308396568,3.299444051307887e-14,-0.8260076615558281
-6.5,2.3,0.5189299116348644,5.090719512601538e-14,-0.8052667286971056
-6.299999999999999,2.3,0.4432684557221828,9.558673297327402e-14,-0.7821405387199398
-6.099999999999999,2.3,0.3757446962144756,-2.931335729705608e-14,-0.7606989753204985
-5.9,2.3,0.3137718701534669,-5.196190699940928e-14,-0.742296551247068
-5.699999999999999,2.3,0.2555388072007746,-3.587755093015232e-14,-0.7272447770446712
-5.5,2.3,0.1998029924755189,-6.3501287561607e-14,-0.715520447636049
-5.299999999999999,2.3,0.1456534893503699,4.366992878424014e-14,-0.7070059775559881
-5.099999999999999,2.3,0.0923440783498203,4.296910049994551e-14,-0.7015336454641351
-4.899999999999999,2.3,0.03923531645131703,-1.8773177457021e-14,-0.6988011864386195
-4.699999999999999,2.3,-0.01398869297636617,-2.071259830316307e-15,-0.6983215507611662
-4.5,2.3,-0.0671537191135034,2.119138198253267e-14,-0.6999223436305106
-4.299999999999999,2.3,-0.1202977076419536,6.387251838546603e-15,-0.7040302776972935
-4.099999999999999,2.3,-0.1739468198381196,6.187411694114075e-14,-0.7110588783316622
-3.899999999999999,2.3,-0.2287997583383368,-7.392871037570358e-14,-0.7212279690383462
-3.699999999999999,2.3,-0.2856703646083853,-8.393806483208976e-14,-0.7346796796250685
-3.5,2.3,-0.3456123577591985,-4.536128417331752e-14,-0.7515020279013844
-3.299999999999999,2.3,-0.4101230751898629,1.147029519976694e-13,-0.7716038387582174
-3.099999999999999,2.3,-0.4813983222209354,-1.245129216745355e-13,-0.794293925715982
-2.899999999999999,2.3,-0.5623153110595299,-8.653494587562704e-14,-0.8171423441682074
-2.699999999999999,2.3,-0.6543725263290656,-1.270884439352748e-13,-0.8339909527679665
-2.5,2.3,-0.7511177035091364,-1.616432682149948e-13,-0.8372545501605042
-2.299999999999999,2.3,-0.8403502471260722,2.30962818315028e-13,-0.831449219119428
-2.099999999999999,2.3,-0.9230862520196619,-2.599344350873167e-13,-0.8305640139108374
-1.899999999999999,2.3,-1.011931769282263,-5.552502901906564e-14,-0.8404181413124133
-1.699999999999999,2.3,-1.121079299512526,-5.892890342362733e-13,-0.8566843877927605
-1.5,2.3,-1.262781063750402,-8.394361594721289e-13,-0.8659959247913484
-1.299999999999998,2.3,-1.446078371989865,-1.058129278641573e-12,-0.8454123181441494
-1.099999999999999,2.3,-1.674231665979261,-1.210965355769033e-12,-0.7413291426900541
-0.9000000000000003,2.3,-1.819622570357493,2.57663682057263e-12,-0.4774915738178903
-0.6999999999999992,2.3,-1.782854576181475,5.997528862433654e-12,-0.2500802794326565
-0.5,2.3,-1.702729477180233,-1.834844776116284e-12,-0.1302027694644304
-0.2999999999999989,2.3,-1.659034118353473,1.190116061255963e-11,-0.06546184313717942
-0.09999999999999964,2.3,-1.624418567202804,-4.694529487370147e-11,-0.01136969099475601
0.1000000000000014,2.3,-1.624418567319764,-5.282325271638299e-11,0.01136969115703685
0.3000000000000007,2.3,-1.659034118189735,4.582925705598484e-11,0.06546184314352981
0.5,2.3,-1.702729477272568,3.031575684930842e-11,0.1302027697321161
0.700000000000001,2.3,-1.782854575868283,1.29030813811326e-12,0.2500802803877439
0.9000000000000003,2.3,-1.819622570044853,1.51080536969772e-13,0.4774915738212145
1.100000000000001,2.3,-1.674231665811713,1.251474618380044e-12,0.7413291418233796
1.3,2.3,-1.446078371923547,5.081872422874056e-13,0.8454123179406745
1.5,2.3,-1.262781064101583,4.435271594438461e-13,0.8659959244498494
1.700000000000001,2.3,-1.121079299659066,1.260554161053306e-13,0.8566843880223545
1.9,2.3,-1.011931769576949,4.719211132986345e-13,0.8404181415589548
2.100000000000001,2.3,-0.9230862518524561,2.278698063573614e-13,0.8305640138206575
2.3,2.3,-0.8403502471036897,6.44657938142501e-14,0.8314492192792146
2.5,2.3,-0.7511177037319558,6.742870151121849e-14,0.8372545504040748
2.700000000000001,2.3,-0.6543725260503495,-1.597723689461538e-13,0.83399095301266
2.9,2.3,-0.5623153108052837,1.321009274191098e-13,0.817142343809107
3.100000000000001,2.3,-0.4813983224780381,5.352901281951982e-14,0.7942939259197603
3.3,2.3,-0.410123075097372,1.193450720193833e-13,0.7716038388571986
3.5,2.3,-0.3456123578118972,-6.740961955298274e-14,0.7515020278560727
3.700000000000001,2.3,-0.2856703643344094,1.013772399360846e-14,0.7346796798085176
3.9,2.3,-0.2287997584683426,-4.45928016734598e-14,0.7212279689029899
4.100000000000001,2.3,-0.1739468199115629,6.056787016373022e-14,0.7110588783754258
4.3,2.3,-0.120297707655459,-1.66117120059539e-14,0.7040302778334618
4.5,2.3,-0.06715371906365544,-1.236510893676268e-14,0.6999223434279887
4.700000000000001,2.3,-0.01398869305910197,-7.945033519973776e-16,0.6983215508601539
4.9,2.3,0.03923531643101665,-2.551084343771492e-14,0.6988011865681548
5.100000000000001,2.3,0.0923440785127281,8.725659084163339e-15,0.7015336456087684
5.3,2.3,0.1456534893505807,3.684552662974738e-14,0.7070059775489319
5.5,2.3,0.1998029924706127,1.39263600651418e-14,0.7155204475009922
5.700000000000001,2.3,0.2555388073406048,3.739369924815605e-14,0.7272447771040653
5.9,2.3,0.3137718699671799,2.666616927271547e-14,0.7422965511031262
6.100000000000001,2.3,0.3757446963441136,-3.205422038909944e-14,0.7606989751139923
6.3,2.3,0.4432684555528365,1.006278393944626e-13,0.7821405388637081
6.5,2.3,0.5189299116781033,-1.504976698818438e-13,0.80526672870394
6.699999999999999,2.3,0.6054347310247705,-1.004196725773454e-13,0.8260076613979701
6.900000000000002,2.3,0.7012194479186639,-8.597983436331446e-14,0.8364263042218795
7.100000000000001,2.3,0.7950153174052475,1.325918541628112e-13,0.8332778421613635
7.3,2.3,0.879430649090423,-3.619951560729362e-13,0.8282310461619236
7.5,2.3,0.9628222058317959,-1.202545008016642e-13,0.8324821911636892
7.699999999999999,2.3,1.059210477488221,-4.823572097301109e-14,0.8466409361246813
7.900000000000002,2.3,1.182245910382589,-1.707453622934451e-13,0.8621344613911016
8.100000000000001,2.3,1.342865733548216,1.074081795726655e-12,0.8613532442213219
8.3,2.3,1.550694570977476,-1.70233618868032e-12,0.8115242081134701
8.5,2.3,1.770768024481701,-1.502360735816665e-12,0.6220665806806798
8.699999999999999,2.3,1.80155268787838,-5.909717160079708e-13,0.3456192335727291
8.900000000000002,2.3,1.716422336925248,-5.807417047254404e-12,0.1856306552353078
9.100000000000001,2.3,1.660484285751559,3.566746550887067e-11,0.1383456778796599
9.3,2.3,1.671073507133721,4.095661657044225e-11,0.08154443150676578
9.5,2.3,1.678460453541699,-4.655846541634645e-11,1.304881635754567e-6
-9.5,2.4,1.70148189645089,-2.472137078379788e-12,-9.554771302176801e-7
-9.3,2.4,1.689477128033518,-1.114910941346636e-11,-0.09126583177390031
-9.099999999999999,2.4,1.650661281489574,-7.107583618881641e-11,-0.1433789601486973
-8.9,2.4,1.754655276631599,-6.27039045686395e-12,-0.1138223718844701
-8.699999999999999,2.4,1.923248132989018,6.21471624162595e-13,-0.2971948181049337
-8.5,2.4,1.961530780870748,3.103385604052988e-13,-0.7211824716642981
-8.3,2.4,1.589175986041533,-1.953204958882182e-12,-0.9458728994308639
-8.099999999999999,2.4,1.344452592760812,6.826726683950568e-13,-0.9577597066230111
-7.9,2.4,1.17129448189067,-3.518019209280964e-15,-0.9339892741994814
-7.7,2.4,1.046884106944152,-6.904546379082887e-13,-0.8998658373622312
-7.5,2.4,0.9560266946761077,5.180127160553382e-13,-0.8745750732966086
-7.299999999999999,2.4,0.880293082339162,3.754982436099396e-13,-0.8674547990206514
-7.099999999999999,2.4,0.8001344970978323,-3.290527572641366e-13,-0.8778239534997079
-6.9,2.4,0.7001199975697993,1.239910951689182e-13,-0.8873880379966715
-6.699999999999999,2.4,0.595291978275535,-2.476144289609294e-13,-0.8735351238200286
-6.5,2.4,0.5058865218971484,-7.289654990749738e-14,-0.8458127567786369
-6.299999999999999,2.4,0.4308495703879112,-1.48388246135056e-13,-0.8173807193147236
-6.099999999999999,2.4,0.3650068365115748,-7.167530458040971e-14,-0.7924539722931445
-5.9,2.4,0.304914551385596,3.981884266757163e-14,-0.7717716439914678
-5.699999999999999,2.4,0.2485230424506246,-2.00221783597243e-14,-0.755211647869318
-5.5,2.4,0.1945410679598784,6.164166399535986e-14,-0.7425059015760373
-5.299999999999999,2.4,0.142057218736172,-5.636116573448646e-14,-0.7334151450881907
-5.099999999999999,2.4,0.09030223024130254,-7.372227828206234e-14,-0.7277317863000885
-4.899999999999999,2.4,0.03850399131606774,6.755013215453686e-15,-0.7251026318503121
-4.699999999999999,2.4,-0.01374357656853661,8.132383655379271e-15,-0.7246970159615686
-4.5,2.4,-0.06578537363705795,-3.293892936184761e-14,-0.7261451424726665
-4.299999999999999,2.4,-0.1174697235747261,9.214851104388799e-15,-0.7302911504905967
-4.099999999999999,2.4,-0.1694991451005108,-6.472426761217064e-14,-0.7377132247185347
-3.899999999999999,2.4,-0.2226392783432542,1.077436750929194e-13,-0.7486538039548439
-3.699999999999999,2.4,-0.2777064222942969,-1.026990992247789e-13,-0.7633313969921286
-3.5,2.4,-0.3357683906326087,-5.715566908648384e-14,-0.782011332390429
-3.299999999999999,2.4,-0.3984374773788469,-5.718168993862349e-14,-0.8049334044264433
-3.099999999999999,2.4,-0.4683706948055204,2.447133749979013e-14,-0.8319523559689675
-2.899999999999999,2.4,-0.5499627780732327,6.691218759624639e-14,-0.8611431664729134
-2.699999999999999,2.4,-0.6480281516613208,2.240282612198107e-13,-0.8844072689701887
-2.5,2.4,-0.7543714651139169,1.697600393590903e-14,-0.8859791164254711
-2.299999999999999,2.4,-0.8441446521239186,-1.713160863170415e-13,-0.8726170599387534
-2.099999999999999,2.4,-0.9200149753435437,-3.497289263743041e-13,-0.870483126042066
-1.899999999999999,2.4,-1.001810026428357,4.51458315176012e-13,-0.8875472956827263
-1.699999999999999,2.4,-1.108532602389866,4.631364736162879e-14,-0.9190620500221804
-1.5,2.4,-1.2572707650566,-6.070838276528434e-14,-0.9498728355254801
-1.299999999999998,2.4,-1.461508172328569,4.317553259358675e-13,-0.9577199324137769
-1.099999999999999,2.4,-1.769101188993693,8.593820099989102e-13,-0.8937977566330283
-0.9000000000000003,2.4,-1.990479299148876,-4.321133728613091e-12,-0.4712448969429217
-0.6999999999999992,2.4,-1.869663158193144,-1.483429351578635e-11,-0.1977921508764708
-0.5,2.4,-1.715895667529952,7.328043033494324e-11,-0.08508260540921874
-0.2999999999999989,2.4,-1.674281016555225,2.477420352198223e-11,-0.04951078745866779
-0.09999999999999964,2.4,-1.616960357452926,-9.429254599346848e-11,0.01516143465382206
0.1000000000000014,2.4,-1.616960357741912,4.669289954684074e-11,-0.01516143457068863
0.3000000000000007,2.4,-1.674281016562243,1.415336597920813e-10,0.04951078732256764
0.5,2.4,-1.715895666920955,7.887657887950538e-11,0.08508260516301424
0.700000000000001,2.4,-1.869663157647155,-3.016472488459598e-12,0.1977921508309231
0.9000000000000003,2.4,-1.990479299283344,-4.599924607884275e-12,0.4712448974052733
1.100000000000001,2.4,-1.76910118893834,7.274285340752584e-13,0.8937977559385254
1.3,2.4,-1.461508173039336,8.428466258258993e-13,0.9577199326244899
1.5,2.4,-1.257270764666833,6.750711101233264e-13,0.9498728352254582
1.700000000000001,2.4,-1.108532602237674,-5.300829220011849e-13,0.9190620503401401
1.9,2.4,-1.001810026278359,3.183044106069843e-13,0.8875472956582619
2.100000000000001,2.4,-0.9200149753432768,-2.381948804863753e-13,0.8704831259254138
2.3,2.4,-0.8441446522131159,-5.823987125896934e-14,0.8726170599518889
2.5,2.4,-0.7543714650007391,-1.680131728187817e-13,0.8859791162481136
2.700000000000001,2.4,-0.6480281519978241,-5.381545903349049e-14,0.8844072691199399
2.9,2.4,-0.5499627781163484,-1.978035790717314e-13,0.8611431664511035
3.100000000000001,2.4,-0.4683706948405982,-3.371326655343676e-15,0.8319523557549368
3.3,2.4,-0.3984374776084029,3.663258932307123e-14,0.8049334046329444
3.5,2.4,-0.3357683906650514,-2.644932883821837e-14,0.7820113322579704
3.700000000000001,2.4,-0.2777064225216487,7.141336133553721e-14,0.763331396816447
3.9,2.4,-0.2226392783610587,9.909260911822315e-14,0.7486538037648639
4.100000000000001,2.4,-0.169499145036695,5.426041560507854e-14,0.7377132247551361
4.3,2.4,-0.1174697237641407,5.852089646207758e-14,0.7302911504684572
4.5,2.4,-0.06578537355161806,-2.046973701652632e-15,0.7261451425912965
4.700000000000001,2.4,-0.01374357651557167,9.714451465470119e-16,0.7246970159944017
4.9,2.4,0.03850399119355896,2.660024978062836e-14,0.7251026320035383
5.100000000000001,2.4,0.09030223026202814,-3.071154441869339e-14,0.7277317864297605
5.3,2.4,0.1420572185856033,4.015190957495917e-14,0.7334151453139421
5.5,2.4,0.1945410677174928,1.060714016620778e-13,0.7425059016394576
5.700000000000001,2.4,0.2485230425433075,3.232830669830377e-14,0.7552116478294251
5.9,2.4,0.3049145513779658,3.374384105470085e-14,0.7717716437581022
6.100000000000001,2.4,0.3650068363578026,-1.670677485243743e-13,0.7924539721511271
6.3,2.4,0.430849570536648,-2.029106049850071e-13,0.8173807193508109
6.5,2.4,0.5058865222881532,3.398323289438565e-14,0.8458127569356644
6.699999999999999,2.4,0.595291978260156,2.388506059602946e-13,0.8735351234023385
6.900000000000002,2.4,0.7001199976605718,-2.051379899281613e-13,0.8873880382068963
7.100000000000001,2.4,0.8001344971715649,2.73149558527308e-14,0.8778239536589476
7.3,2.4,0.8802930822936925,-1.86461956985795e-13,0.8674547991821999
7.5,2.4,0.9560266946045178,-6.576648947653751e-13,0.8745750730842477
7.699999999999999,2.4,1.046884107336886,-2.42032088815236e-13,0.8998658374236888
7.900000000000002,2.4,1.171294482122313,-7.831305048888737e-13,0.9339892735857613
8.100000000000001,2.4,1.344452593485625,8.683817553922779e-13,0.9577597072827093
8.3,2.4,1.589175985865592,1.203922378456567e-12,0.9458728992774609
8.5,2.4,1.961530778847551,-1.371274621631002e-12,0.7211824737490149
8.699999999999999,2.4,1.923248132768773,-5.102425426617429e-12,0.2971948178574775
8.900000000000002,2.4,1.754655276079971,1.115656178551915e-11,0.1138223718124145
9.100000000000001,2.4,1.650661281305523,-1.231652037303465e-10,0.1433789601482235
9.3,2.4,1.689477127965144,-2.966610637700206e-11,0.09126583198306405
9.5,2.4,1.701481896544978,7.503497476135656e-11,9.556262918868074e-7